Order Date,Region,Category,Sub-Category,Segment,Sales
2015-01-03,Central,Office Supplies,Paper,Consumer,16.448
2015-01-04,Central,Office Supplies,Binders,Home Office,3.54
2015-01-04,Central,Office Supplies,Labels,Home Office,11.784
2015-01-04,Central,Office Supplies,Storage,Home Office,272.736
2015-01-05,East,Office Supplies,Art,Consumer,19.536
2015-01-06,South,Furniture,Chairs,Home Office,2573.82
2015-01-06,South,Office Supplies,Art,Corporate,12.78
2015-01-06,South,Office Supplies,Art,Home Office,5.48
2015-01-06,South,Office Supplies,Binders,Home Office,609.98
2015-01-06,South,Office Supplies,Fasteners,Home Office,31.12
2015-01-06,South,Office Supplies,Paper,Home Office,6.54
2015-01-06,South,Technology,Phones,Home Office,1147.94
2015-01-06,West,Office Supplies,Paper,Consumer,19.44
2015-01-07,Central,Furniture,Furnishings,Consumer,76.728
2015-01-07,Central,Office Supplies,Binders,Consumer,10.43
2015-01-09,Central,Office Supplies,Art,Consumer,9.344
2015-01-09,Central,Technology,Accessories,Consumer,31.2
2015-01-10,South,Furniture,Furnishings,Corporate,51.94
2015-01-10,South,Office Supplies,Labels,Corporate,2.89
2015-01-11,East,Furniture,Furnishings,Consumer,9.94
2015-01-13,East,Office Supplies,Binders,Consumer,3.438
2015-01-13,East,Office Supplies,Paper,Consumer,37.408
2015-01-13,South,Furniture,Chairs,Consumer,545.94
2015-01-13,South,Office Supplies,Binders,Corporate,5.64
2015-01-13,South,Office Supplies,Envelopes,Corporate,62.3
2015-01-13,South,Office Supplies,Storage,Corporate,572.58
2015-01-13,South,Technology,Accessories,Corporate,646.74
2015-01-13,West,Furniture,Bookcases,Consumer,333.999
2015-01-13,West,Office Supplies,Art,Consumer,19.9
2015-01-13,West,Office Supplies,Storage,Consumer,1325.85
2015-01-14,East,Furniture,Bookcases,Corporate,61.96
2015-01-15,South,Technology,Accessories,Consumer,149.95
2015-01-16,East,Furniture,Furnishings,Consumer,127.104
2015-01-16,East,Office Supplies,Binders,Consumer,18.588
2015-01-16,East,Office Supplies,Labels,Consumer,30.072
2015-01-16,East,Technology,Phones,Consumer,124.2
2015-01-18,West,Office Supplies,Appliances,Corporate,64.864
2015-01-19,West,Furniture,Bookcases,Consumer,181.47
2015-01-19,West,Office Supplies,Binders,Consumer,32.34
2015-01-19,West,Office Supplies,Envelopes,Consumer,108.72
2015-01-19,West,Office Supplies,Paper,Consumer,56.064
2015-01-20,Central,Furniture,Furnishings,Consumer,287.67
2015-01-20,Central,Office Supplies,Appliances,Consumer,247.716
2015-01-20,Central,Office Supplies,Art,Consumer,43.92
2015-01-20,Central,Office Supplies,Binders,Consumer,48.75
2015-01-20,Central,Office Supplies,Storage,Consumer,80.56
2015-01-20,South,Furniture,Chairs,Consumer,1067.94
2015-01-20,South,Furniture,Furnishings,Consumer,38.6
2015-01-20,South,Office Supplies,Art,Consumer,29.59
2015-01-20,South,Office Supplies,Binders,Corporate,67.194
2015-01-20,South,Office Supplies,Envelopes,Consumer,23.34
2015-01-20,South,Technology,Phones,Consumer,699.93
2015-01-20,West,Furniture,Furnishings,Consumer,19.3
2015-01-20,West,Office Supplies,Paper,Consumer,19.36
2015-01-23,West,Office Supplies,Paper,Consumer,40.08
2015-01-26,Central,Furniture,Bookcases,Corporate,141.96
2015-01-26,Central,Office Supplies,Binders,Corporate,10.68
2015-01-26,South,Furniture,Furnishings,Home Office,75.24
2015-01-26,South,Office Supplies,Paper,Home Office,36.120000000000005
2015-01-26,South,Office Supplies,Storage,Home Office,489.92
2015-01-26,South,Technology,Phones,Home Office,343.33
2015-01-27,West,Furniture,Tables,Consumer,333.0
2015-01-27,West,Office Supplies,Art,Consumer,36.44
2015-01-27,West,Office Supplies,Storage,Consumer,57.23
2015-01-28,East,Office Supplies,Binders,Consumer,3.928
2015-01-30,Central,Office Supplies,Paper,Consumer,10.56
2015-01-30,Central,Office Supplies,Storage,Consumer,229.94
2015-01-31,West,Furniture,Bookcases,Consumer,290.666
2015-02-01,Central,Technology,Accessories,Consumer,468.9
2015-02-02,South,Office Supplies,Binders,Consumer,18.336
2015-02-02,South,Technology,Phones,Consumer,180.96
2015-02-02,West,Office Supplies,Fasteners,Home Office,12.35
2015-02-03,West,Office Supplies,Binders,Consumer,97.11200000000001
2015-02-04,West,Office Supplies,Binders,Corporate,17.248
2015-02-04,West,Office Supplies,Binders,Home Office,82.896
2015-02-04,West,Office Supplies,Paper,Home Office,34.24
2015-02-06,Central,Office Supplies,Binders,Consumer,8.952
2015-02-06,South,Office Supplies,Labels,Corporate,15.0
2015-02-06,South,Technology,Phones,Corporate,306.56
2015-02-07,East,Office Supplies,Storage,Corporate,64.96
2015-02-07,East,Technology,Accessories,Corporate,115.36
2015-02-08,West,Furniture,Furnishings,Home Office,14.56
2015-02-11,Central,Furniture,Chairs,Consumer,60.89
2015-02-11,Central,Furniture,Furnishings,Consumer,332.94
2015-02-11,Central,Office Supplies,Binders,Consumer,61.54
2015-02-11,Central,Office Supplies,Labels,Consumer,14.94
2015-02-11,Central,Office Supplies,Storage,Consumer,64.96
2015-02-11,South,Furniture,Tables,Consumer,1256.22
2015-02-11,South,Office Supplies,Binders,Consumer,17.46
2015-02-11,South,Technology,Accessories,Consumer,234.45
2015-02-12,West,Furniture,Chairs,Consumer,129.568
2015-02-14,Central,Office Supplies,Paper,Consumer,16.176
2015-02-14,West,Office Supplies,Appliances,Corporate,81.96
2015-02-14,West,Office Supplies,Supplies,Corporate,238.62
2015-02-14,West,Technology,Accessories,Corporate,239.97
2015-02-15,West,Office Supplies,Binders,Corporate,21.36
2015-02-16,Central,Office Supplies,Appliances,Consumer,7.96
2015-02-16,Central,Office Supplies,Binders,Consumer,1.08
2015-02-17,Central,Office Supplies,Art,Consumer,54.208
2015-02-18,Central,Furniture,Furnishings,Consumer,25.16
2015-02-18,Central,Office Supplies,Storage,Consumer,12.624
2015-02-20,Central,Furniture,Furnishings,Corporate,20.32
2015-02-20,Central,Technology,Accessories,Corporate,62.31
2015-02-20,West,Office Supplies,Paper,Home Office,12.96
2015-02-21,Central,Office Supplies,Binders,Consumer,8.85
2015-02-22,West,Office Supplies,Paper,Consumer,19.44
2015-02-23,Central,Office Supplies,Binders,Home Office,4.428
2015-02-23,Central,Office Supplies,Labels,Home Office,6.936
2015-02-24,West,Office Supplies,Paper,Consumer,55.672
2015-02-27,East,Office Supplies,Art,Consumer,19.456
2015-03-01,Central,Furniture,Chairs,Consumer,362.25
2015-03-01,Central,Furniture,Chairs,Home Office,634.116
2015-03-01,Central,Furniture,Furnishings,Consumer,63.552
2015-03-01,Central,Furniture,Tables,Consumer,376.509
2015-03-01,Central,Office Supplies,Fasteners,Consumer,18.84
2015-03-01,Central,Office Supplies,Paper,Home Office,17.472
2015-03-01,Central,Office Supplies,Storage,Consumer,266.904
2015-03-01,East,Technology,Phones,Home Office,5.94
2015-03-01,West,Furniture,Chairs,Consumer,457.568
2015-03-02,East,Office Supplies,Envelopes,Home Office,11.36
2015-03-02,East,Office Supplies,Paper,Home Office,36.4
2015-03-03,Central,Office Supplies,Appliances,Consumer,176.772
2015-03-03,East,Furniture,Bookcases,Corporate,302.45
2015-03-03,East,Office Supplies,Binders,Home Office,151.08
2015-03-03,East,Office Supplies,Labels,Corporate,15.12
2015-03-03,East,Office Supplies,Storage,Corporate,44.672
2015-03-03,East,Technology,Phones,Home Office,9.99
2015-03-03,South,Office Supplies,Art,Consumer,19.456
2015-03-03,West,Furniture,Tables,Consumer,626.352
2015-03-04,South,Office Supplies,Art,Consumer,15.552
2015-03-04,South,Office Supplies,Storage,Consumer,354.9
2015-03-05,East,Office Supplies,Art,Consumer,59.52
2015-03-05,East,Office Supplies,Binders,Consumer,49.632
2015-03-05,East,Office Supplies,Paper,Consumer,97.82
2015-03-05,East,Office Supplies,Supplies,Consumer,18.62
2015-03-05,East,Technology,Accessories,Consumer,479.97
2015-03-07,West,Furniture,Chairs,Consumer,48.712
2015-03-07,West,Furniture,Chairs,Corporate,918.2719999999999
2015-03-07,West,Office Supplies,Art,Consumer,17.94
2015-03-07,West,Office Supplies,Art,Corporate,20.65
2015-03-07,West,Office Supplies,Binders,Home Office,107.648
2015-03-07,West,Office Supplies,Storage,Consumer,242.94
2015-03-07,West,Office Supplies,Storage,Corporate,204.9
2015-03-10,Central,Office Supplies,Paper,Consumer,22.38
2015-03-10,West,Office Supplies,Art,Consumer,83.168
2015-03-10,West,Office Supplies,Storage,Consumer,636.408
2015-03-11,East,Furniture,Furnishings,Consumer,8.32
2015-03-11,East,Office Supplies,Fasteners,Consumer,10.464
2015-03-11,East,Office Supplies,Paper,Consumer,108.92
2015-03-11,South,Office Supplies,Appliances,Corporate,146.76
2015-03-11,South,Office Supplies,Paper,Corporate,14.94
2015-03-11,South,Technology,Accessories,Corporate,32.96
2015-03-11,South,Technology,Phones,Corporate,587.97
2015-03-11,West,Office Supplies,Art,Consumer,7.98
2015-03-14,Central,Office Supplies,Paper,Home Office,8.448
2015-03-14,Central,Technology,Machines,Home Office,574.91
2015-03-14,South,Furniture,Chairs,Home Office,1139.92
2015-03-14,South,Office Supplies,Paper,Home Office,91.056
2015-03-14,West,Office Supplies,Art,Corporate,3.38
2015-03-14,West,Office Supplies,Binders,Consumer,95.136
2015-03-14,West,Office Supplies,Paper,Corporate,10.56
2015-03-14,West,Office Supplies,Storage,Consumer,102.34
2015-03-14,West,Technology,Accessories,Consumer,82.8
2015-03-15,South,Furniture,Furnishings,Consumer,45.696
2015-03-15,South,Office Supplies,Binders,Consumer,50.406000000000006
2015-03-15,South,Office Supplies,Paper,Consumer,131.904
2015-03-15,South,Office Supplies,Storage,Consumer,142.776
2015-03-16,South,Technology,Phones,Home Office,471.92
2015-03-17,Central,Office Supplies,Appliances,Consumer,93.78
2015-03-17,Central,Office Supplies,Art,Consumer,24.128
2015-03-17,Central,Office Supplies,Binders,Consumer,89.28
2015-03-17,Central,Office Supplies,Paper,Consumer,67.916
2015-03-17,East,Furniture,Tables,Corporate,3265.23
2015-03-17,East,Office Supplies,Paper,Corporate,316.524
2015-03-17,South,Office Supplies,Appliances,Corporate,32.67
2015-03-17,South,Office Supplies,Binders,Corporate,41.870000000000005
2015-03-17,South,Office Supplies,Paper,Corporate,28.96
2015-03-18,South,Furniture,Furnishings,Home Office,153.12
2015-03-18,South,Office Supplies,Art,Home Office,8.016
2015-03-18,South,Office Supplies,Fasteners,Home Office,18.936
2015-03-18,South,Office Supplies,Paper,Home Office,21.376
2015-03-18,South,Technology,Machines,Home Office,23459.78
2015-03-18,West,Furniture,Bookcases,Home Office,1198.33
2015-03-18,West,Furniture,Furnishings,Home Office,111.0
2015-03-18,West,Office Supplies,Storage,Home Office,1856.19
2015-03-18,West,Technology,Machines,Home Office,1279.968
2015-03-19,South,Furniture,Furnishings,Corporate,25.008
2015-03-19,South,Office Supplies,Binders,Corporate,33.57
2015-03-19,South,Office Supplies,Labels,Corporate,11.808
2015-03-19,South,Office Supplies,Storage,Corporate,26.16
2015-03-19,South,Technology,Accessories,Corporate,170.24
2015-03-19,South,Technology,Phones,Corporate,323.976
2015-03-21,East,Office Supplies,Art,Consumer,13.456
2015-03-21,South,Furniture,Chairs,Consumer,218.376
2015-03-21,South,Furniture,Furnishings,Consumer,32.952
2015-03-21,South,Office Supplies,Art,Corporate,9.32
2015-03-21,South,Office Supplies,Binders,Corporate,122.94
2015-03-21,South,Office Supplies,Labels,Consumer,59.2
2015-03-21,South,Office Supplies,Labels,Corporate,14.4
2015-03-21,South,Office Supplies,Paper,Corporate,122.97
2015-03-21,South,Office Supplies,Storage,Corporate,16.272
2015-03-21,South,Technology,Phones,Corporate,3499.93
2015-03-22,Central,Office Supplies,Art,Consumer,16.28
2015-03-22,South,Office Supplies,Binders,Consumer,59.109
2015-03-22,West,Furniture,Chairs,Corporate,314.352
2015-03-22,West,Office Supplies,Paper,Corporate,74.352
2015-03-23,South,Office Supplies,Labels,Consumer,9.912
2015-03-23,West,Office Supplies,Storage,Consumer,330.4
2015-03-23,West,Technology,Phones,Consumer,604.752
2015-03-24,East,Office Supplies,Paper,Consumer,24.9
2015-03-24,West,Furniture,Furnishings,Consumer,40.48
2015-03-25,East,Furniture,Chairs,Consumer,366.786
2015-03-25,West,Office Supplies,Art,Consumer,46.879999999999995
2015-03-25,West,Technology,Accessories,Consumer,45.48
2015-03-26,West,Office Supplies,Art,Corporate,3.36
2015-03-26,West,Office Supplies,Binders,Corporate,27.936
2015-03-26,West,Office Supplies,Labels,Consumer,18.75
2015-03-26,West,Technology,Accessories,Corporate,66.3
2015-03-26,West,Technology,Phones,Corporate,28.784
2015-03-28,Central,Furniture,Tables,Consumer,1184.72
2015-03-28,Central,Office Supplies,Envelopes,Consumer,6.12
2015-03-28,West,Technology,Phones,Home Office,302.376
2015-03-29,Central,Furniture,Tables,Consumer,890.841
2015-03-30,Central,Furniture,Chairs,Home Office,127.302
2015-03-30,Central,Office Supplies,Envelopes,Home Office,335.72
2015-03-30,Central,Office Supplies,Storage,Consumer,129.3
2015-03-30,Central,Technology,Phones,Home Office,251.944
2015-03-30,East,Office Supplies,Art,Consumer,49.65
2015-03-30,East,Office Supplies,Art,Corporate,10.5
2015-03-30,West,Furniture,Bookcases,Consumer,205.666
2015-03-30,West,Office Supplies,Labels,Corporate,44.4
2015-03-30,West,Office Supplies,Storage,Corporate,15.84
2015-03-31,Central,Office Supplies,Binders,Consumer,8.134
2015-03-31,Central,Technology,Accessories,Consumer,79.984
2015-03-31,East,Office Supplies,Binders,Consumer,0.852
2015-03-31,South,Furniture,Chairs,Consumer,1125.488
2015-03-31,South,Office Supplies,Art,Consumer,4.032
2015-03-31,South,Office Supplies,Binders,Consumer,12.645
2015-03-31,South,Office Supplies,Binders,Corporate,1.869
2015-03-31,West,Office Supplies,Appliances,Consumer,52.98
2015-03-31,West,Office Supplies,Binders,Consumer,673.568
2015-04-01,East,Office Supplies,Binders,Corporate,6.24
2015-04-01,East,Office Supplies,Storage,Corporate,66.96
2015-04-01,West,Office Supplies,Binders,Consumer,17.088
2015-04-01,West,Office Supplies,Labels,Consumer,29.6
2015-04-02,Central,Office Supplies,Paper,Consumer,60.208
2015-04-02,South,Furniture,Furnishings,Corporate,177.68
2015-04-02,South,Office Supplies,Appliances,Consumer,154.9
2015-04-02,South,Office Supplies,Paper,Consumer,15.84
2015-04-02,South,Technology,Phones,Consumer,1049.93
2015-04-04,Central,Furniture,Furnishings,Consumer,5.47
2015-04-04,Central,Office Supplies,Art,Consumer,79.36
2015-04-04,South,Office Supplies,Paper,Corporate,32.400000000000006
2015-04-04,South,Office Supplies,Storage,Corporate,232.55
2015-04-04,South,Technology,Accessories,Corporate,99.98
2015-04-04,West,Office Supplies,Binders,Corporate,7.184
2015-04-04,West,Office Supplies,Labels,Home Office,18.9
2015-04-05,Central,Office Supplies,Art,Consumer,40.59
2015-04-05,Central,Office Supplies,Binders,Consumer,40.2
2015-04-05,Central,Office Supplies,Storage,Consumer,689.82
2015-04-05,Central,Office Supplies,Storage,Corporate,101.728
2015-04-05,East,Office Supplies,Paper,Home Office,55.48
2015-04-05,South,Office Supplies,Art,Corporate,45.92
2015-04-05,South,Office Supplies,Paper,Corporate,12.96
2015-04-05,South,Office Supplies,Supplies,Corporate,4164.05
2015-04-05,South,Technology,Phones,Corporate,28.99
2015-04-06,East,Furniture,Tables,Home Office,154.764
2015-04-06,East,Office Supplies,Binders,Corporate,44.91
2015-04-06,East,Office Supplies,Supplies,Home Office,10.304
2015-04-06,East,Technology,Accessories,Home Office,116.784
2015-04-06,West,Furniture,Furnishings,Corporate,125.07
2015-04-06,West,Furniture,Tables,Corporate,653.55
2015-04-06,West,Office Supplies,Art,Corporate,70.95
2015-04-06,West,Office Supplies,Binders,Corporate,65.568
2015-04-06,West,Office Supplies,Paper,Corporate,74.92
2015-04-06,West,Technology,Accessories,Corporate,333.87
2015-04-07,South,Furniture,Furnishings,Consumer,8.96
2015-04-07,South,Office Supplies,Paper,Corporate,122.97
2015-04-07,South,Office Supplies,Paper,Home Office,58.32
2015-04-07,South,Technology,Phones,Corporate,629.95
2015-04-07,South,Technology,Phones,Home Office,200.97
2015-04-08,East,Furniture,Tables,Consumer,172.11
2015-04-08,South,Furniture,Tables,Corporate,1215.92
2015-04-08,West,Furniture,Tables,Home Office,99.592
2015-04-08,West,Office Supplies,Fasteners,Corporate,2.368
2015-04-08,West,Office Supplies,Fasteners,Home Office,49.792
2015-04-08,West,Office Supplies,Paper,Corporate,19.008
2015-04-08,West,Technology,Accessories,Home Office,399.96
2015-04-11,Central,Technology,Phones,Home Office,758.352
2015-04-11,South,Office Supplies,Fasteners,Consumer,6.912
2015-04-11,South,Office Supplies,Paper,Consumer,10.368
2015-04-11,South,Technology,Accessories,Consumer,719.9200000000001
2015-04-11,West,Office Supplies,Binders,Consumer,9.584
2015-04-11,West,Office Supplies,Storage,Consumer,87.08
2015-04-11,West,Technology,Accessories,Consumer,217.44
2015-04-11,West,Technology,Phones,Consumer,105.584
2015-04-12,Central,Office Supplies,Paper,Consumer,32.4
2015-04-12,West,Furniture,Bookcases,Corporate,308.499
2015-04-12,West,Office Supplies,Binders,Corporate,18.088
2015-04-12,West,Technology,Phones,Corporate,1513.456
2015-04-13,East,Office Supplies,Art,Corporate,17.856
2015-04-13,East,Office Supplies,Binders,Corporate,509.97
2015-04-13,East,Office Supplies,Fasteners,Corporate,30.992
2015-04-13,East,Office Supplies,Labels,Home Office,7.83
2015-04-13,East,Technology,Phones,Corporate,71.928
2015-04-15,West,Furniture,Furnishings,Home Office,187.76
2015-04-15,West,Office Supplies,Appliances,Home Office,106.96
2015-04-16,South,Office Supplies,Art,Corporate,39.072
2015-04-18,Central,Furniture,Chairs,Consumer,317.058
2015-04-18,Central,Office Supplies,Art,Consumer,2.688
2015-04-18,Central,Office Supplies,Envelopes,Consumer,149.352
2015-04-18,Central,Technology,Accessories,Consumer,227.976
2015-04-18,West,Office Supplies,Art,Consumer,23.869999999999997
2015-04-18,West,Office Supplies,Fasteners,Consumer,11.62
2015-04-18,West,Technology,Machines,Consumer,287.968
2015-04-19,South,Office Supplies,Binders,Consumer,58.05
2015-04-19,South,Office Supplies,Paper,Consumer,71.28
2015-04-19,West,Furniture,Furnishings,Home Office,76.14
2015-04-20,Central,Furniture,Tables,Consumer,1145.69
2015-04-20,Central,Office Supplies,Storage,Consumer,44.84
2015-04-20,West,Furniture,Furnishings,Consumer,59.92
2015-04-21,South,Office Supplies,Storage,Corporate,828.84
2015-04-21,West,Office Supplies,Binders,Consumer,16.52
2015-04-22,East,Office Supplies,Binders,Corporate,9.912
2015-04-22,East,Office Supplies,Envelopes,Corporate,247.84
2015-04-23,East,Furniture,Chairs,Home Office,562.744
2015-04-23,East,Furniture,Furnishings,Home Office,22.336
2015-04-23,East,Office Supplies,Binders,Corporate,2.502
2015-04-23,East,Office Supplies,Binders,Home Office,7.488
2015-04-23,West,Office Supplies,Paper,Home Office,48.91
2015-04-25,Central,Office Supplies,Art,Home Office,6.24
2015-04-25,Central,Office Supplies,Paper,Home Office,10.368
2015-04-25,South,Technology,Phones,Consumer,302.376
2015-04-25,West,Furniture,Chairs,Home Office,1487.04
2015-04-25,West,Furniture,Furnishings,Home Office,303.25
2015-04-25,West,Office Supplies,Appliances,Home Office,270.72
2015-04-26,West,Furniture,Chairs,Corporate,230.28
2015-04-26,West,Office Supplies,Art,Home Office,21.4
2015-04-26,West,Office Supplies,Binders,Corporate,18.288
2015-04-26,West,Office Supplies,Labels,Home Office,12.6
2015-04-28,East,Office Supplies,Art,Corporate,5.34
2015-04-28,East,Office Supplies,Binders,Corporate,20.86
2015-04-28,East,Office Supplies,Labels,Corporate,10.062
2015-04-28,East,Office Supplies,Storage,Corporate,702.274
2015-04-28,East,Technology,Accessories,Corporate,159.98
2015-04-28,West,Technology,Phones,Consumer,1679.96
2015-04-29,East,Furniture,Furnishings,Consumer,17.46
2015-04-29,East,Technology,Phones,Consumer,19.98
2015-04-29,South,Furniture,Chairs,Consumer,51.96
2015-04-29,South,Furniture,Chairs,Corporate,561.584
2015-04-29,South,Office Supplies,Binders,Consumer,17.94
2015-04-29,South,Office Supplies,Storage,Corporate,99.92
2015-04-30,South,Office Supplies,Art,Consumer,174.95
2015-04-30,South,Office Supplies,Storage,Consumer,826.0
2015-04-30,South,Technology,Accessories,Consumer,47.79
2015-05-02,East,Office Supplies,Appliances,Consumer,26.136
2015-05-02,South,Technology,Copiers,Consumer,479.984
2015-05-03,Central,Office Supplies,Labels,Home Office,21.56
2015-05-03,East,Office Supplies,Binders,Consumer,51.072
2015-05-04,Central,Office Supplies,Art,Consumer,37.84
2015-05-04,Central,Office Supplies,Binders,Consumer,46.8
2015-05-04,Central,Office Supplies,Fasteners,Consumer,5.472
2015-05-04,East,Furniture,Furnishings,Consumer,27.46
2015-05-04,West,Furniture,Furnishings,Corporate,12.18
2015-05-04,West,Office Supplies,Appliances,Corporate,57.68
2015-05-05,Central,Furniture,Chairs,Consumer,127.869
2015-05-05,Central,Office Supplies,Storage,Corporate,45.248
2015-05-05,South,Office Supplies,Art,Consumer,6.56
2015-05-05,South,Office Supplies,Binders,Corporate,11.88
2015-05-05,South,Office Supplies,Paper,Consumer,33.98
2015-05-05,South,Office Supplies,Paper,Corporate,35.44
2015-05-06,West,Office Supplies,Art,Home Office,107.94
2015-05-06,West,Office Supplies,Binders,Home Office,140.736
2015-05-06,West,Office Supplies,Labels,Home Office,5.78
2015-05-07,East,Furniture,Chairs,Consumer,872.32
2015-05-07,East,Furniture,Tables,Consumer,194.25
2015-05-07,East,Office Supplies,Art,Consumer,8.64
2015-05-07,East,Office Supplies,Binders,Consumer,16.14
2015-05-08,East,Technology,Copiers,Consumer,1799.97
2015-05-09,South,Office Supplies,Labels,Corporate,30.099999999999998
2015-05-09,South,Office Supplies,Paper,Corporate,45.36
2015-05-09,South,Office Supplies,Storage,Corporate,83.25
2015-05-09,West,Technology,Accessories,Consumer,235.76999999999998
2015-05-10,East,Furniture,Bookcases,Consumer,349.965
2015-05-10,East,Office Supplies,Art,Consumer,22.32
2015-05-10,West,Furniture,Chairs,Consumer,256.784
2015-05-10,West,Office Supplies,Envelopes,Consumer,158.13
2015-05-10,West,Office Supplies,Paper,Consumer,39.96
2015-05-10,West,Office Supplies,Supplies,Consumer,41.04
2015-05-10,West,Technology,Phones,Consumer,1475.6
2015-05-11,Central,Furniture,Chairs,Corporate,1212.96
2015-05-11,Central,Furniture,Furnishings,Consumer,66.112
2015-05-11,Central,Office Supplies,Binders,Home Office,104.58
2015-05-11,Central,Office Supplies,Paper,Home Office,17.472
2015-05-11,Central,Technology,Accessories,Consumer,104.976
2015-05-11,Central,Technology,Phones,Consumer,100.792
2015-05-11,East,Office Supplies,Appliances,Corporate,35.91
2015-05-12,Central,Furniture,Furnishings,Consumer,34.79
2015-05-12,East,Furniture,Tables,Consumer,700.056
2015-05-13,South,Office Supplies,Binders,Home Office,398.352
2015-05-13,South,Office Supplies,Fasteners,Home Office,7.104
2015-05-13,West,Furniture,Chairs,Corporate,279.456
2015-05-13,West,Office Supplies,Paper,Corporate,8.0
2015-05-13,West,Office Supplies,Storage,Consumer,55.5
2015-05-13,West,Technology,Accessories,Consumer,149.97
2015-05-14,South,Furniture,Furnishings,Corporate,310.88
2015-05-16,West,Furniture,Chairs,Corporate,232.88
2015-05-16,West,Technology,Accessories,Consumer,56.4
2015-05-17,Central,Office Supplies,Binders,Home Office,91.68
2015-05-18,East,Furniture,Furnishings,Consumer,149.232
2015-05-18,East,Office Supplies,Paper,Consumer,15.936
2015-05-18,East,Technology,Phones,Consumer,779.796
2015-05-19,Central,Office Supplies,Binders,Consumer,57.42
2015-05-19,South,Office Supplies,Supplies,Consumer,34.2
2015-05-20,Central,Furniture,Furnishings,Corporate,10.332
2015-05-20,Central,Office Supplies,Paper,Corporate,10.368
2015-05-20,Central,Office Supplies,Storage,Corporate,66.96
2015-05-20,Central,Technology,Accessories,Corporate,20.784
2015-05-20,East,Furniture,Furnishings,Corporate,139.86
2015-05-20,East,Office Supplies,Appliances,Corporate,33.28
2015-05-20,East,Office Supplies,Art,Corporate,38.52
2015-05-21,Central,Furniture,Chairs,Consumer,107.772
2015-05-21,Central,Office Supplies,Binders,Consumer,18.24
2015-05-21,Central,Office Supplies,Envelopes,Consumer,56.064
2015-05-21,Central,Office Supplies,Paper,Consumer,4.832
2015-05-21,East,Office Supplies,Appliances,Home Office,245.88
2015-05-21,East,Office Supplies,Binders,Home Office,447.86
2015-05-21,East,Office Supplies,Paper,Home Office,17.94
2015-05-21,South,Office Supplies,Binders,Corporate,2715.93
2015-05-21,South,Technology,Phones,Corporate,617.97
2015-05-21,West,Office Supplies,Art,Home Office,31.84
2015-05-22,South,Technology,Phones,Consumer,180.93
2015-05-23,East,Office Supplies,Appliances,Consumer,208.16
2015-05-23,East,Office Supplies,Art,Consumer,21.168
2015-05-23,East,Office Supplies,Binders,Consumer,21.242
2015-05-23,East,Office Supplies,Supplies,Consumer,5.04
2015-05-23,East,Technology,Phones,Consumer,55.188
2015-05-23,West,Office Supplies,Paper,Consumer,12.96
2015-05-24,East,Office Supplies,Paper,Consumer,116.28
2015-05-25,Central,Furniture,Furnishings,Consumer,29.32
2015-05-25,Central,Office Supplies,Appliances,Consumer,75.6
2015-05-25,East,Office Supplies,Paper,Consumer,14.62
2015-05-26,Central,Furniture,Chairs,Consumer,359.772
2015-05-26,Central,Office Supplies,Art,Consumer,13.392
2015-05-26,Central,Office Supplies,Storage,Consumer,102.624
2015-05-26,West,Furniture,Bookcases,Corporate,290.666
2015-05-26,West,Furniture,Chairs,Consumer,225.296
2015-05-26,West,Office Supplies,Paper,Home Office,48.4
2015-05-26,West,Technology,Phones,Corporate,285.568
2015-05-27,Central,Office Supplies,Binders,Consumer,17.46
2015-05-27,West,Furniture,Tables,Corporate,567.12
2015-05-27,West,Office Supplies,Storage,Corporate,359.32
2015-05-27,West,Technology,Accessories,Consumer,99.99
2015-05-27,West,Technology,Phones,Consumer,1113.504
2015-05-28,West,Office Supplies,Binders,Consumer,136.96
2015-05-28,West,Technology,Accessories,Corporate,27.6
2015-05-28,West,Technology,Phones,Corporate,57.408
2015-05-30,Central,Furniture,Tables,Consumer,355.455
2015-05-30,Central,Technology,Copiers,Corporate,719.976
2015-05-30,East,Office Supplies,Appliances,Corporate,235.95
2015-05-30,East,Office Supplies,Binders,Consumer,70.368
2015-05-30,East,Office Supplies,Binders,Corporate,25.584
2015-05-30,East,Office Supplies,Paper,Corporate,39.96
2015-05-30,East,Technology,Phones,Corporate,464.0
2015-05-30,South,Office Supplies,Paper,Corporate,13.62
2015-05-31,South,Technology,Phones,Consumer,773.7
2015-06-01,Central,Furniture,Chairs,Home Office,2001.86
2015-06-01,Central,Office Supplies,Appliances,Corporate,65.52
2015-06-01,Central,Office Supplies,Appliances,Home Office,1503.25
2015-06-01,Central,Office Supplies,Binders,Corporate,138.56
2015-06-01,Central,Office Supplies,Paper,Home Office,73.80000000000001
2015-06-01,Central,Office Supplies,Storage,Home Office,166.72
2015-06-01,East,Office Supplies,Art,Home Office,289.2
2015-06-01,East,Office Supplies,Binders,Home Office,45.48
2015-06-01,South,Furniture,Furnishings,Consumer,22.2
2015-06-01,South,Technology,Phones,Consumer,881.93
2015-06-02,South,Office Supplies,Art,Consumer,8.56
2015-06-02,South,Office Supplies,Storage,Consumer,356.94
2015-06-02,South,Technology,Phones,Consumer,239.97
2015-06-02,West,Furniture,Furnishings,Home Office,73.32
2015-06-02,West,Office Supplies,Binders,Home Office,59.808
2015-06-03,Central,Office Supplies,Envelopes,Home Office,15.28
2015-06-03,West,Furniture,Tables,Consumer,515.88
2015-06-04,East,Furniture,Bookcases,Consumer,353.568
2015-06-04,East,Furniture,Furnishings,Consumer,70.92
2015-06-04,East,Office Supplies,Appliances,Consumer,15.56
2015-06-04,East,Office Supplies,Paper,Home Office,16.224
2015-06-06,Central,Office Supplies,Binders,Consumer,24.588
2015-06-06,Central,Office Supplies,Envelopes,Consumer,13.984
2015-06-06,Central,Office Supplies,Labels,Home Office,100.24
2015-06-06,East,Furniture,Tables,Corporate,991.764
2015-06-06,East,Office Supplies,Art,Consumer,13.36
2015-06-06,East,Office Supplies,Binders,Corporate,149.544
2015-06-06,East,Office Supplies,Supplies,Corporate,17.14
2015-06-06,South,Office Supplies,Binders,Consumer,1.365
2015-06-06,South,Office Supplies,Paper,Consumer,62.016
2015-06-07,Central,Furniture,Tables,Consumer,268.935
2015-06-07,Central,Office Supplies,Binders,Corporate,12.462
2015-06-08,East,Office Supplies,Binders,Consumer,68.48
2015-06-08,East,Office Supplies,Storage,Consumer,1676.88
2015-06-08,South,Furniture,Chairs,Corporate,170.352
2015-06-08,West,Furniture,Chairs,Consumer,585.552
2015-06-09,Central,Office Supplies,Art,Home Office,70.368
2015-06-09,Central,Technology,Accessories,Home Office,63.984
2015-06-09,Central,Technology,Phones,Home Office,7.992
2015-06-09,South,Furniture,Tables,Consumer,1441.3
2015-06-09,West,Furniture,Furnishings,Consumer,48.86
2015-06-09,West,Furniture,Furnishings,Corporate,37.4
2015-06-09,West,Furniture,Tables,Consumer,1706.184
2015-06-09,West,Office Supplies,Appliances,Consumer,114.9
2015-06-09,West,Office Supplies,Art,Consumer,30.380000000000003
2015-06-09,West,Office Supplies,Art,Corporate,18.06
2015-06-09,West,Office Supplies,Binders,Consumer,18.504
2015-06-09,West,Office Supplies,Paper,Corporate,79.14
2015-06-09,West,Office Supplies,Supplies,Consumer,7.36
2015-06-09,West,Technology,Phones,Consumer,1818.576
2015-06-10,Central,Office Supplies,Labels,Corporate,491.55
2015-06-13,West,Office Supplies,Art,Corporate,14.52
2015-06-14,Central,Furniture,Bookcases,Home Office,212.94
2015-06-15,Central,Furniture,Chairs,Corporate,797.944
2015-06-15,Central,Furniture,Tables,Corporate,99.918
2015-06-15,Central,Office Supplies,Binders,Corporate,8.568
2015-06-15,Central,Office Supplies,Paper,Consumer,36.544
2015-06-16,Central,Furniture,Chairs,Consumer,647.84
2015-06-16,East,Office Supplies,Art,Consumer,35.0
2015-06-16,East,Office Supplies,Binders,Consumer,39.552
2015-06-16,East,Office Supplies,Envelopes,Consumer,41.4
2015-06-17,East,Technology,Machines,Consumer,65.97
2015-06-17,West,Furniture,Furnishings,Consumer,6.24
2015-06-17,West,Office Supplies,Binders,Consumer,3266.376
2015-06-17,West,Office Supplies,Fasteners,Consumer,17.9
2015-06-18,West,Technology,Phones,Consumer,139.8
2015-06-20,Central,Furniture,Bookcases,Consumer,193.0656
2015-06-20,Central,Office Supplies,Appliances,Consumer,471.9
2015-06-20,Central,Office Supplies,Art,Consumer,3.52
2015-06-20,Central,Office Supplies,Binders,Consumer,3.392
2015-06-20,Central,Office Supplies,Paper,Consumer,27.2
2015-06-20,Central,Office Supplies,Storage,Consumer,509.488
2015-06-20,Central,Technology,Machines,Consumer,418.8
2015-06-20,Central,Technology,Phones,Consumer,201.584
2015-06-21,East,Furniture,Furnishings,Consumer,3.984
2015-06-21,East,Office Supplies,Appliances,Consumer,104.116
2015-06-21,East,Office Supplies,Art,Consumer,25.159999999999997
2015-06-21,East,Office Supplies,Binders,Consumer,9.006
2015-06-21,East,Office Supplies,Envelopes,Consumer,24.896
2015-06-21,East,Office Supplies,Paper,Consumer,19.65
2015-06-21,East,Technology,Accessories,Consumer,95.968
2015-06-21,East,Technology,Machines,Consumer,206.991
2015-06-21,East,Technology,Phones,Consumer,3155.75
2015-06-21,South,Furniture,Furnishings,Consumer,104.01
2015-06-21,South,Office Supplies,Storage,Consumer,36.84
2015-06-21,South,Technology,Phones,Consumer,284.82
2015-06-21,West,Office Supplies,Binders,Consumer,36.252
2015-06-22,Central,Office Supplies,Storage,Consumer,663.75
2015-06-22,East,Furniture,Chairs,Consumer,1023.9879999999999
2015-06-22,East,Technology,Phones,Consumer,82.782
2015-06-22,West,Office Supplies,Binders,Consumer,8.226
2015-06-22,West,Technology,Accessories,Consumer,196.752
2015-06-23,East,Technology,Accessories,Consumer,86.376
2015-06-23,South,Office Supplies,Art,Consumer,20.016
2015-06-23,South,Office Supplies,Supplies,Consumer,3.104
2015-06-24,West,Furniture,Furnishings,Consumer,4.272
2015-06-25,West,Furniture,Tables,Corporate,447.84
2015-06-25,West,Office Supplies,Art,Corporate,80.96000000000001
2015-06-25,West,Technology,Phones,Corporate,263.96
2015-06-27,South,Furniture,Tables,Consumer,85.98
2015-06-27,South,Office Supplies,Storage,Consumer,306.2
2015-06-27,South,Technology,Accessories,Consumer,223.96
2015-06-28,Central,Office Supplies,Fasteners,Corporate,6.08
2015-06-28,East,Furniture,Chairs,Consumer,1228.465
2015-06-28,East,Office Supplies,Binders,Consumer,34.254
2015-06-28,East,Office Supplies,Paper,Consumer,376.99199999999996
2015-06-29,East,Office Supplies,Art,Consumer,32.76
2015-06-29,East,Office Supplies,Binders,Consumer,13.92
2015-06-30,Central,Office Supplies,Art,Consumer,5.248
2015-06-30,Central,Office Supplies,Fasteners,Corporate,21.312
2015-06-30,Central,Office Supplies,Paper,Corporate,25.92
2015-06-30,East,Office Supplies,Art,Consumer,6.6
2015-06-30,East,Office Supplies,Binders,Consumer,337.45599999999996
2015-06-30,South,Office Supplies,Paper,Consumer,310.688
2015-06-30,West,Office Supplies,Art,Corporate,32.4
2015-07-01,South,Office Supplies,Binders,Corporate,5.184
2015-07-01,South,Technology,Phones,Corporate,575.92
2015-07-01,West,Office Supplies,Binders,Corporate,19.92
2015-07-02,East,Office Supplies,Art,Consumer,5.58
2015-07-02,East,Technology,Phones,Consumer,73.98
2015-07-04,South,Office Supplies,Binders,Consumer,15.6
2015-07-04,South,Office Supplies,Paper,Consumer,21.84
2015-07-04,West,Office Supplies,Appliances,Corporate,32.432
2015-07-04,West,Office Supplies,Paper,Corporate,177.536
2015-07-05,Central,Office Supplies,Storage,Consumer,502.2
2015-07-05,South,Furniture,Furnishings,Corporate,232.73600000000002
2015-07-05,South,Office Supplies,Art,Corporate,4.368
2015-07-05,South,Office Supplies,Binders,Corporate,9.81
2015-07-05,South,Office Supplies,Labels,Consumer,14.62
2015-07-05,South,Office Supplies,Paper,Consumer,19.44
2015-07-05,South,Technology,Accessories,Consumer,479.97
2015-07-05,West,Office Supplies,Binders,Home Office,180.96
2015-07-06,East,Technology,Copiers,Consumer,559.992
2015-07-06,West,Furniture,Chairs,Home Office,478.48
2015-07-07,East,Furniture,Chairs,Consumer,172.186
2015-07-07,East,Furniture,Furnishings,Consumer,69.008
2015-07-08,East,Furniture,Chairs,Consumer,63.882
2015-07-08,West,Furniture,Tables,Corporate,502.488
2015-07-08,West,Office Supplies,Binders,Corporate,196.704
2015-07-09,Central,Office Supplies,Paper,Corporate,24.72
2015-07-09,West,Furniture,Bookcases,Home Office,119.833
2015-07-09,West,Office Supplies,Art,Home Office,5.56
2015-07-09,West,Office Supplies,Binders,Home Office,56.208000000000006
2015-07-09,West,Office Supplies,Labels,Home Office,2.88
2015-07-09,West,Office Supplies,Paper,Home Office,32.4
2015-07-09,West,Office Supplies,Storage,Home Office,23.92
2015-07-11,Central,Office Supplies,Paper,Consumer,10.368
2015-07-11,Central,Technology,Phones,Consumer,575.968
2015-07-11,East,Furniture,Chairs,Corporate,854.94
2015-07-11,East,Furniture,Furnishings,Corporate,124.11
2015-07-11,East,Office Supplies,Binders,Consumer,18.28
2015-07-11,East,Office Supplies,Labels,Corporate,14.4
2015-07-11,East,Office Supplies,Paper,Consumer,49.12
2015-07-11,East,Office Supplies,Paper,Corporate,177.2
2015-07-11,East,Technology,Phones,Corporate,197.97
2015-07-12,Central,Furniture,Chairs,Home Office,512.358
2015-07-12,Central,Office Supplies,Art,Home Office,22.288
2015-07-12,Central,Office Supplies,Fasteners,Home Office,3.488
2015-07-12,Central,Office Supplies,Paper,Consumer,35.856
2015-07-12,Central,Office Supplies,Paper,Home Office,16.032
2015-07-12,Central,Technology,Accessories,Consumer,23.84
2015-07-12,West,Furniture,Chairs,Consumer,123.136
2015-07-12,West,Furniture,Tables,Corporate,698.352
2015-07-12,West,Office Supplies,Binders,Consumer,11.264
2015-07-12,West,Office Supplies,Binders,Corporate,7.712
2015-07-12,West,Office Supplies,Storage,Home Office,249.75
2015-07-12,West,Technology,Phones,Home Office,255.936
2015-07-13,West,Furniture,Tables,Corporate,351.216
2015-07-14,Central,Office Supplies,Binders,Home Office,29.932
2015-07-14,Central,Technology,Phones,Home Office,38.272
2015-07-14,East,Furniture,Furnishings,Consumer,31.984
2015-07-14,East,Office Supplies,Appliances,Home Office,39.48
2015-07-14,East,Office Supplies,Art,Consumer,41.584
2015-07-14,East,Office Supplies,Art,Corporate,17.94
2015-07-14,East,Technology,Phones,Consumer,37.482
2015-07-14,West,Office Supplies,Storage,Consumer,55.92
2015-07-15,Central,Office Supplies,Fasteners,Corporate,6.54
2015-07-15,Central,Technology,Accessories,Corporate,2.97
2015-07-18,East,Office Supplies,Binders,Consumer,13.904
2015-07-18,West,Furniture,Chairs,Home Office,259.136
2015-07-19,East,Furniture,Tables,Corporate,70.56
2015-07-19,East,Office Supplies,Binders,Corporate,24.689999999999998
2015-07-19,East,Technology,Phones,Corporate,359.98
2015-07-19,West,Office Supplies,Binders,Home Office,6.096
2015-07-20,Central,Furniture,Chairs,Home Office,981.372
2015-07-20,Central,Furniture,Furnishings,Home Office,16.74
2015-07-20,Central,Office Supplies,Storage,Home Office,342.864
2015-07-20,East,Office Supplies,Binders,Consumer,27.36
2015-07-20,East,Office Supplies,Storage,Consumer,25.984
2015-07-20,West,Furniture,Furnishings,Consumer,43.02
2015-07-20,West,Office Supplies,Art,Corporate,13.12
2015-07-20,West,Office Supplies,Binders,Consumer,98.416
2015-07-20,West,Office Supplies,Paper,Consumer,147.6
2015-07-20,West,Office Supplies,Paper,Corporate,11.96
2015-07-20,West,Office Supplies,Storage,Corporate,535.41
2015-07-20,West,Technology,Accessories,Corporate,41.94
2015-07-21,Central,Furniture,Chairs,Corporate,657.93
2015-07-21,Central,Office Supplies,Appliances,Corporate,4.992
2015-07-21,Central,Office Supplies,Binders,Corporate,1.044
2015-07-21,Central,Office Supplies,Envelopes,Corporate,87.92
2015-07-21,Central,Technology,Phones,Consumer,35.98
2015-07-21,West,Furniture,Chairs,Corporate,801.568
2015-07-21,West,Furniture,Tables,Corporate,272.848
2015-07-21,West,Office Supplies,Art,Corporate,99.2
2015-07-22,Central,Office Supplies,Storage,Consumer,26.632
2015-07-22,East,Office Supplies,Art,Consumer,5.96
2015-07-22,East,Technology,Accessories,Consumer,159.98
2015-07-22,West,Furniture,Chairs,Consumer,717.72
2015-07-22,West,Furniture,Tables,Consumer,170.352
2015-07-22,West,Office Supplies,Art,Consumer,11.52
2015-07-22,West,Office Supplies,Art,Home Office,19.68
2015-07-22,West,Office Supplies,Storage,Consumer,236.5
2015-07-23,East,Technology,Accessories,Consumer,99.98
2015-07-23,West,Office Supplies,Art,Consumer,9.24
2015-07-23,West,Office Supplies,Binders,Consumer,8.16
2015-07-23,West,Office Supplies,Supplies,Corporate,40.7
2015-07-23,West,Technology,Accessories,Consumer,1502.976
2015-07-23,West,Technology,Accessories,Corporate,45.0
2015-07-23,West,Technology,Phones,Corporate,907.1279999999999
2015-07-25,West,Furniture,Furnishings,Consumer,77.92
2015-07-25,West,Office Supplies,Paper,Home Office,6.48
2015-07-25,West,Office Supplies,Storage,Consumer,53.72
2015-07-25,West,Office Supplies,Supplies,Consumer,8187.65
2015-07-25,West,Office Supplies,Supplies,Home Office,15.52
2015-07-26,Central,Furniture,Furnishings,Consumer,17.496
2015-07-26,Central,Office Supplies,Appliances,Consumer,4.836
2015-07-26,Central,Office Supplies,Binders,Consumer,2203.248
2015-07-26,Central,Office Supplies,Storage,Consumer,123.552
2015-07-26,Central,Technology,Accessories,Consumer,431.136
2015-07-26,South,Furniture,Chairs,Consumer,67.88
2015-07-26,South,Furniture,Furnishings,Consumer,25.71
2015-07-26,South,Office Supplies,Labels,Consumer,162.89
2015-07-26,West,Furniture,Chairs,Consumer,674.352
2015-07-26,West,Furniture,Furnishings,Consumer,134.01
2015-07-26,West,Technology,Accessories,Consumer,170.97
2015-07-26,West,Technology,Accessories,Corporate,111.93
2015-07-26,West,Technology,Phones,Consumer,911.984
2015-07-27,East,Office Supplies,Paper,Corporate,65.78
2015-07-27,West,Office Supplies,Storage,Corporate,276.28
2015-07-27,West,Technology,Accessories,Consumer,238.0
2015-07-28,South,Furniture,Furnishings,Consumer,129.888
2015-07-28,South,Office Supplies,Envelopes,Consumer,48.944
2015-07-28,South,Office Supplies,Fasteners,Consumer,14.32
2015-07-30,West,Furniture,Bookcases,Corporate,1367.84
2015-08-01,East,Office Supplies,Fasteners,Home Office,5.68
2015-08-01,South,Furniture,Furnishings,Corporate,44.128
2015-08-01,South,Office Supplies,Appliances,Corporate,62.92
2015-08-01,South,Office Supplies,Labels,Corporate,17.544
2015-08-01,South,Office Supplies,Paper,Corporate,78.304
2015-08-01,West,Office Supplies,Binders,Consumer,19.752
2015-08-02,Central,Office Supplies,Binders,Home Office,26.7
2015-08-02,Central,Office Supplies,Storage,Home Office,838.38
2015-08-02,Central,Technology,Accessories,Home Office,21.2
2015-08-03,East,Office Supplies,Paper,Consumer,39.96
2015-08-03,East,Office Supplies,Storage,Consumer,21.36
2015-08-03,East,Office Supplies,Supplies,Consumer,102.3
2015-08-03,West,Furniture,Tables,Consumer,218.75
2015-08-03,West,Office Supplies,Appliances,Consumer,2.6
2015-08-03,West,Office Supplies,Paper,Home Office,93.024
2015-08-04,East,Office Supplies,Appliances,Corporate,101.96
2015-08-04,East,Office Supplies,Paper,Corporate,259.74
2015-08-04,East,Technology,Accessories,Corporate,255.42
2015-08-04,West,Office Supplies,Appliances,Consumer,1089.75
2015-08-04,West,Office Supplies,Art,Consumer,16.4
2015-08-04,West,Office Supplies,Binders,Consumer,13.184
2015-08-04,West,Office Supplies,Paper,Consumer,447.84
2015-08-04,West,Office Supplies,Storage,Consumer,158.9
2015-08-04,West,Technology,Phones,Consumer,399.96
2015-08-05,Central,Furniture,Tables,Consumer,489.23
2015-08-05,East,Furniture,Chairs,Corporate,1133.35
2015-08-05,East,Office Supplies,Appliances,Corporate,79.47
2015-08-05,East,Office Supplies,Art,Corporate,20.52
2015-08-05,East,Technology,Phones,Corporate,135.99
2015-08-05,West,Furniture,Chairs,Consumer,340.144
2015-08-05,West,Office Supplies,Art,Consumer,45.98
2015-08-05,West,Office Supplies,Paper,Consumer,131.9
2015-08-05,West,Office Supplies,Storage,Consumer,15.78
2015-08-05,West,Technology,Accessories,Consumer,16.36
2015-08-06,East,Technology,Accessories,Consumer,199.98
2015-08-06,South,Technology,Accessories,Consumer,62.91
2015-08-08,Central,Furniture,Furnishings,Home Office,53.88
2015-08-08,Central,Office Supplies,Appliances,Home Office,167.535
2015-08-08,Central,Office Supplies,Envelopes,Home Office,38.34
2015-08-08,Central,Technology,Copiers,Home Office,549.99
2015-08-08,Central,Technology,Phones,Home Office,299.98
2015-08-08,South,Furniture,Bookcases,Consumer,155.456
2015-08-08,West,Furniture,Furnishings,Consumer,449.13599999999997
2015-08-08,West,Office Supplies,Appliances,Consumer,76.12
2015-08-08,West,Office Supplies,Storage,Consumer,423.28
2015-08-08,West,Technology,Accessories,Consumer,95.976
2015-08-08,West,Technology,Copiers,Consumer,1199.976
2015-08-08,West,Technology,Phones,Consumer,445.96
2015-08-09,South,Office Supplies,Paper,Corporate,15.552
2015-08-09,South,Technology,Phones,Corporate,178.384
2015-08-09,West,Office Supplies,Binders,Consumer,2070.089
2015-08-09,West,Office Supplies,Fasteners,Consumer,4.464
2015-08-09,West,Office Supplies,Labels,Home Office,20.88
2015-08-09,West,Office Supplies,Paper,Consumer,5.98
2015-08-09,West,Technology,Phones,Home Office,1310.3359999999998
2015-08-11,East,Office Supplies,Storage,Consumer,375.34
2015-08-11,West,Furniture,Furnishings,Consumer,12.35
2015-08-11,West,Office Supplies,Art,Consumer,40.97
2015-08-11,West,Office Supplies,Fasteners,Consumer,22.96
2015-08-12,East,Office Supplies,Binders,Corporate,196.21
2015-08-12,South,Office Supplies,Appliances,Home Office,211.248
2015-08-12,South,Office Supplies,Art,Home Office,47.96
2015-08-12,South,Office Supplies,Labels,Home Office,2.952
2015-08-12,South,Office Supplies,Paper,Home Office,31.104
2015-08-12,South,Office Supplies,Supplies,Home Office,5.552
2015-08-12,South,Technology,Accessories,Home Office,158.928
2015-08-12,West,Furniture,Furnishings,Consumer,85.44
2015-08-12,West,Technology,Phones,Consumer,806.336
2015-08-15,Central,Office Supplies,Binders,Consumer,30.96
2015-08-15,East,Office Supplies,Binders,Consumer,62.94
2015-08-15,South,Office Supplies,Appliances,Consumer,152.24
2015-08-15,South,Office Supplies,Paper,Consumer,91.36
2015-08-16,East,Furniture,Tables,Consumer,853.092
2015-08-17,Central,Office Supplies,Paper,Corporate,15.552
2015-08-17,South,Office Supplies,Binders,Corporate,17.96
2015-08-17,South,Office Supplies,Fasteners,Corporate,12.67
2015-08-17,South,Office Supplies,Paper,Corporate,114.2
2015-08-17,South,Technology,Accessories,Corporate,339.96
2015-08-19,East,Office Supplies,Art,Consumer,10.72
2015-08-19,East,Office Supplies,Binders,Consumer,76.776
2015-08-19,East,Office Supplies,Supplies,Consumer,9.184
2015-08-19,South,Furniture,Bookcases,Consumer,638.82
2015-08-19,South,Office Supplies,Storage,Corporate,344.91
2015-08-19,West,Furniture,Furnishings,Corporate,289.24
2015-08-19,West,Office Supplies,Binders,Corporate,69.456
2015-08-20,Central,Furniture,Chairs,Consumer,421.372
2015-08-20,South,Furniture,Chairs,Corporate,500.24
2015-08-20,South,Office Supplies,Binders,Corporate,896.99
2015-08-20,South,Office Supplies,Paper,Corporate,20.12
2015-08-22,Central,Office Supplies,Paper,Consumer,11.56
2015-08-22,East,Office Supplies,Art,Home Office,3.912
2015-08-22,South,Office Supplies,Supplies,Consumer,7.632
2015-08-23,Central,Office Supplies,Paper,Home Office,19.44
2015-08-23,East,Office Supplies,Paper,Consumer,71.84
2015-08-23,West,Furniture,Furnishings,Consumer,4.224
2015-08-23,West,Office Supplies,Binders,Corporate,49.568
2015-08-23,West,Office Supplies,Paper,Consumer,269.712
2015-08-23,West,Office Supplies,Supplies,Consumer,6.8
2015-08-23,West,Technology,Phones,Consumer,143.64
2015-08-24,East,Furniture,Furnishings,Corporate,13.28
2015-08-24,East,Office Supplies,Binders,Corporate,12.672
2015-08-24,South,Office Supplies,Supplies,Corporate,25.5
2015-08-24,West,Office Supplies,Binders,Corporate,8.288
2015-08-25,Central,Office Supplies,Binders,Consumer,38.064
2015-08-25,East,Office Supplies,Binders,Corporate,30.246000000000002
2015-08-25,East,Office Supplies,Envelopes,Consumer,135.184
2015-08-25,East,Office Supplies,Fasteners,Consumer,40.096
2015-08-25,East,Office Supplies,Paper,Consumer,23.976
2015-08-25,West,Furniture,Furnishings,Corporate,6.28
2015-08-25,West,Office Supplies,Paper,Corporate,25.92
2015-08-25,West,Office Supplies,Storage,Corporate,48.84
2015-08-25,West,Technology,Accessories,Corporate,95.1
2015-08-25,West,Technology,Phones,Consumer,1007.944
2015-08-26,East,Furniture,Furnishings,Consumer,10.68
2015-08-26,East,Office Supplies,Art,Home Office,8.64
2015-08-26,East,Office Supplies,Paper,Consumer,20.72
2015-08-26,East,Technology,Accessories,Home Office,149.97
2015-08-26,West,Technology,Accessories,Home Office,176.8
2015-08-27,South,Furniture,Furnishings,Corporate,29.12
2015-08-27,South,Furniture,Tables,Corporate,1202.94
2015-08-27,South,Office Supplies,Paper,Consumer,13.36
2015-08-27,South,Technology,Phones,Corporate,579.95
2015-08-27,West,Office Supplies,Art,Consumer,8.56
2015-08-27,West,Office Supplies,Binders,Consumer,22.72
2015-08-27,West,Technology,Phones,Consumer,213.48
2015-08-29,South,Furniture,Tables,Consumer,174.0585
2015-08-29,South,Office Supplies,Binders,Consumer,505.176
2015-08-29,South,Office Supplies,Envelopes,Consumer,29.808
2015-08-29,West,Office Supplies,Paper,Corporate,123.28
2015-08-30,East,Office Supplies,Binders,Consumer,25.3
2015-08-30,East,Office Supplies,Storage,Consumer,95.94
2015-08-31,West,Technology,Accessories,Consumer,92.52
2015-09-01,Central,Office Supplies,Binders,Consumer,3.648
2015-09-01,Central,Office Supplies,Paper,Consumer,31.104
2015-09-01,East,Office Supplies,Binders,Consumer,23.744
2015-09-01,East,Technology,Accessories,Consumer,357.0
2015-09-01,West,Office Supplies,Art,Consumer,53.94
2015-09-02,Central,Technology,Accessories,Consumer,715.9200000000001
2015-09-02,Central,Technology,Machines,Corporate,559.71
2015-09-02,East,Furniture,Furnishings,Consumer,70.71
2015-09-02,East,Office Supplies,Appliances,Consumer,19.9
2015-09-02,East,Office Supplies,Art,Consumer,78.99
2015-09-02,East,Office Supplies,Paper,Consumer,14.94
2015-09-02,South,Office Supplies,Binders,Consumer,1793.98
2015-09-03,Central,Office Supplies,Binders,Home Office,7.68
2015-09-03,East,Office Supplies,Labels,Consumer,14.4
2015-09-05,East,Office Supplies,Storage,Consumer,264.32
2015-09-05,South,Furniture,Furnishings,Consumer,31.984
2015-09-06,West,Furniture,Furnishings,Corporate,41.88
2015-09-06,West,Office Supplies,Labels,Corporate,58.48
2015-09-07,Central,Furniture,Chairs,Home Office,161.96
2015-09-07,Central,Furniture,Furnishings,Consumer,879.5699999999999
2015-09-07,Central,Furniture,Tables,Home Office,630.6949999999999
2015-09-07,Central,Office Supplies,Art,Home Office,21.864
2015-09-07,Central,Office Supplies,Binders,Consumer,351.62800000000004
2015-09-07,Central,Office Supplies,Binders,Home Office,34.980000000000004
2015-09-07,Central,Office Supplies,Fasteners,Consumer,13.16
2015-09-07,Central,Office Supplies,Paper,Consumer,12.96
2015-09-07,Central,Office Supplies,Storage,Home Office,19.86
2015-09-07,Central,Technology,Accessories,Home Office,46.688
2015-09-07,Central,Technology,Phones,Consumer,104.85
2015-09-07,Central,Technology,Phones,Home Office,196.776
2015-09-07,East,Furniture,Furnishings,Corporate,42.368
2015-09-07,East,Office Supplies,Storage,Corporate,64.784
2015-09-07,East,Technology,Machines,Corporate,399.54
2015-09-07,East,Technology,Phones,Consumer,377.97
2015-09-07,East,Technology,Phones,Corporate,32.382
2015-09-07,West,Office Supplies,Binders,Corporate,83.92
2015-09-07,West,Office Supplies,Paper,Corporate,20.56
2015-09-07,West,Office Supplies,Supplies,Corporate,27.36
2015-09-08,Central,Furniture,Chairs,Consumer,2706.76
2015-09-08,Central,Office Supplies,Appliances,Consumer,177.98
2015-09-08,Central,Office Supplies,Art,Consumer,42.0
2015-09-08,Central,Office Supplies,Binders,Consumer,51.184
2015-09-08,Central,Office Supplies,Paper,Consumer,200.016
2015-09-08,Central,Office Supplies,Storage,Consumer,275.928
2015-09-08,Central,Technology,Machines,Consumer,8159.952
2015-09-08,Central,Technology,Phones,Consumer,143.976
2015-09-08,East,Furniture,Chairs,Home Office,172.764
2015-09-08,East,Office Supplies,Appliances,Corporate,16.78
2015-09-08,East,Office Supplies,Art,Home Office,3.52
2015-09-08,South,Office Supplies,Fasteners,Consumer,45.0
2015-09-08,South,Technology,Accessories,Corporate,116.85
2015-09-08,South,Technology,Machines,Consumer,209.97
2015-09-08,West,Furniture,Chairs,Consumer,975.92
2015-09-08,West,Office Supplies,Appliances,Home Office,56.65
2015-09-08,West,Office Supplies,Art,Consumer,309.71999999999997
2015-09-08,West,Office Supplies,Binders,Consumer,8.608
2015-09-08,West,Office Supplies,Fasteners,Home Office,4.02
2015-09-08,West,Office Supplies,Storage,Consumer,485.88
2015-09-08,West,Office Supplies,Storage,Home Office,14.97
2015-09-08,West,Technology,Accessories,Consumer,49.98
2015-09-09,Central,Office Supplies,Labels,Consumer,103.6
2015-09-09,Central,Office Supplies,Paper,Consumer,10.896
2015-09-09,East,Furniture,Chairs,Corporate,785.88
2015-09-09,East,Furniture,Furnishings,Consumer,17.472
2015-09-09,East,Furniture,Furnishings,Home Office,60.672
2015-09-09,East,Office Supplies,Art,Home Office,30.816
2015-09-09,East,Office Supplies,Paper,Consumer,15.552
2015-09-09,East,Office Supplies,Paper,Corporate,192.64
2015-09-09,East,Office Supplies,Storage,Corporate,1325.85
2015-09-09,East,Technology,Accessories,Consumer,64.704
2015-09-09,East,Technology,Phones,Consumer,135.516
2015-09-09,South,Technology,Machines,Consumer,1299.99
2015-09-10,East,Furniture,Furnishings,Consumer,254.9
2015-09-10,East,Office Supplies,Appliances,Consumer,81.92
2015-09-10,South,Office Supplies,Binders,Home Office,9.64
2015-09-10,West,Furniture,Chairs,Consumer,1487.04
2015-09-10,West,Office Supplies,Envelopes,Consumer,21.728
2015-09-11,West,Furniture,Furnishings,Consumer,127.95
2015-09-12,Central,Furniture,Furnishings,Home Office,40.56
2015-09-12,Central,Office Supplies,Binders,Consumer,5.18
2015-09-12,Central,Office Supplies,Binders,Home Office,331.96
2015-09-12,Central,Office Supplies,Supplies,Home Office,357.93
2015-09-12,Central,Technology,Accessories,Home Office,57.4
2015-09-12,East,Furniture,Chairs,Consumer,3785.292
2015-09-12,East,Office Supplies,Binders,Consumer,63.924
2015-09-12,East,Technology,Machines,Home Office,69.99
2015-09-12,South,Office Supplies,Appliances,Corporate,166.84
2015-09-12,South,Office Supplies,Paper,Corporate,10.368
2015-09-12,South,Technology,Accessories,Corporate,15.216
2015-09-13,Central,Furniture,Chairs,Home Office,340.116
2015-09-13,East,Office Supplies,Art,Consumer,5.46
2015-09-13,East,Office Supplies,Binders,Consumer,2.502
2015-09-13,East,Office Supplies,Paper,Consumer,15.552
2015-09-13,East,Technology,Accessories,Consumer,252.0
2015-09-13,South,Office Supplies,Binders,Corporate,18.648
2015-09-13,West,Furniture,Furnishings,Consumer,14.19
2015-09-13,West,Office Supplies,Appliances,Consumer,22.66
2015-09-13,West,Office Supplies,Fasteners,Consumer,5.7
2015-09-13,West,Office Supplies,Paper,Consumer,48.94
2015-09-13,West,Office Supplies,Storage,Corporate,79.4
2015-09-13,West,Office Supplies,Supplies,Consumer,7.3
2015-09-13,West,Technology,Accessories,Consumer,462.94
2015-09-14,Central,Furniture,Furnishings,Corporate,9.96
2015-09-14,Central,Office Supplies,Appliances,Corporate,52.448
2015-09-14,Central,Office Supplies,Binders,Corporate,8.552
2015-09-14,Central,Office Supplies,Fasteners,Corporate,6.048
2015-09-14,Central,Office Supplies,Labels,Corporate,20.16
2015-09-14,Central,Office Supplies,Paper,Corporate,6.848
2015-09-14,East,Furniture,Tables,Consumer,464.292
2015-09-14,East,Office Supplies,Appliances,Consumer,601.3
2015-09-14,East,Office Supplies,Envelopes,Consumer,79.53
2015-09-14,East,Office Supplies,Paper,Consumer,44.82
2015-09-14,East,Office Supplies,Storage,Consumer,449.15
2015-09-14,East,Technology,Machines,Consumer,2799.96
2015-09-14,East,Technology,Phones,Consumer,304.96000000000004
2015-09-14,South,Furniture,Furnishings,Consumer,155.52800000000002
2015-09-14,South,Office Supplies,Appliances,Consumer,13.0
2015-09-14,South,Office Supplies,Binders,Consumer,7.16
2015-09-15,East,Furniture,Furnishings,Consumer,14.56
2015-09-15,East,Furniture,Furnishings,Corporate,103.936
2015-09-15,East,Office Supplies,Paper,Consumer,14.94
2015-09-16,East,Office Supplies,Binders,Corporate,33.552
2015-09-17,East,Office Supplies,Binders,Home Office,5.892
2015-09-17,South,Office Supplies,Paper,Consumer,4.624
2015-09-17,South,Technology,Accessories,Consumer,47.984
2015-09-17,West,Furniture,Furnishings,Consumer,35.34
2015-09-17,West,Office Supplies,Art,Consumer,43.504
2015-09-17,West,Office Supplies,Binders,Consumer,137.24
2015-09-17,West,Office Supplies,Envelopes,Consumer,182.94
2015-09-17,West,Office Supplies,Paper,Consumer,188.94400000000002
2015-09-17,West,Office Supplies,Storage,Consumer,88.21000000000001
2015-09-17,West,Technology,Accessories,Consumer,55.92
2015-09-17,West,Technology,Machines,Consumer,29.925
2015-09-19,Central,Technology,Machines,Corporate,5579.9400000000005
2015-09-19,East,Furniture,Chairs,Corporate,887.103
2015-09-19,South,Office Supplies,Storage,Consumer,67.344
2015-09-19,South,Technology,Machines,Consumer,2624.985
2015-09-19,West,Furniture,Tables,Corporate,73.915
2015-09-19,West,Office Supplies,Fasteners,Corporate,7.16
2015-09-19,West,Office Supplies,Fasteners,Home Office,5.67
2015-09-19,West,Office Supplies,Storage,Corporate,92.52
2015-09-20,Central,Furniture,Bookcases,Consumer,493.43
2015-09-20,Central,Furniture,Tables,Consumer,617.7
2015-09-20,Central,Technology,Phones,Consumer,11.12
2015-09-20,East,Furniture,Bookcases,Consumer,1164.508
2015-09-20,East,Furniture,Chairs,Consumer,631.782
2015-09-20,East,Furniture,Furnishings,Consumer,164.22
2015-09-20,East,Office Supplies,Appliances,Consumer,30.98
2015-09-20,East,Office Supplies,Labels,Consumer,75.18
2015-09-20,East,Technology,Accessories,Consumer,59.98
2015-09-20,East,Technology,Phones,Consumer,1979.8600000000001
2015-09-20,South,Office Supplies,Art,Corporate,2.816
2015-09-20,West,Office Supplies,Appliances,Home Office,43.92
2015-09-20,West,Office Supplies,Binders,Home Office,20.232
2015-09-20,West,Office Supplies,Labels,Consumer,9.96
2015-09-20,West,Office Supplies,Paper,Consumer,21.72
2015-09-20,West,Office Supplies,Paper,Corporate,8.56
2015-09-21,Central,Furniture,Furnishings,Home Office,8.544
2015-09-21,Central,Office Supplies,Appliances,Corporate,62.230000000000004
2015-09-21,Central,Office Supplies,Paper,Corporate,6.48
2015-09-21,East,Office Supplies,Art,Home Office,66.03
2015-09-21,East,Office Supplies,Binders,Consumer,6.57
2015-09-21,East,Office Supplies,Labels,Home Office,20.808
2015-09-21,East,Office Supplies,Paper,Home Office,11.352
2015-09-21,West,Office Supplies,Art,Consumer,59.52
2015-09-21,West,Office Supplies,Envelopes,Consumer,93.91
2015-09-21,West,Office Supplies,Paper,Consumer,57.870000000000005
2015-09-21,West,Technology,Copiers,Consumer,1799.97
2015-09-21,West,Technology,Phones,Consumer,486.368
2015-09-22,Central,Office Supplies,Storage,Corporate,331.536
2015-09-22,East,Furniture,Chairs,Consumer,579.528
2015-09-22,East,Furniture,Furnishings,Consumer,97.44
2015-09-22,East,Office Supplies,Art,Consumer,13.04
2015-09-22,East,Office Supplies,Binders,Consumer,3.984
2015-09-22,South,Office Supplies,Labels,Consumer,4.608
2015-09-22,West,Office Supplies,Storage,Consumer,210.13
2015-09-23,Central,Office Supplies,Binders,Consumer,9462.890000000001
2015-09-23,Central,Office Supplies,Paper,Consumer,32.4
2015-09-23,Central,Office Supplies,Storage,Consumer,404.9
2015-09-23,East,Office Supplies,Art,Consumer,9.84
2015-09-23,East,Office Supplies,Binders,Consumer,173.94
2015-09-23,East,Office Supplies,Binders,Corporate,11.12
2015-09-23,East,Office Supplies,Binders,Home Office,18.464
2015-09-23,East,Office Supplies,Paper,Home Office,28.8
2015-09-23,West,Furniture,Bookcases,Corporate,435.999
2015-09-23,West,Technology,Phones,Corporate,83.984
2015-09-24,West,Office Supplies,Storage,Consumer,211.96
2015-09-25,Central,Furniture,Bookcases,Home Office,300.5328
2015-09-25,Central,Office Supplies,Binders,Home Office,2.724
2015-09-25,Central,Office Supplies,Envelopes,Home Office,3.264
2015-09-25,Central,Office Supplies,Paper,Home Office,33.792
2015-09-25,West,Office Supplies,Art,Home Office,14.576
2015-09-26,Central,Office Supplies,Binders,Corporate,0.876
2015-09-26,East,Furniture,Furnishings,Corporate,21.184
2015-09-26,East,Office Supplies,Appliances,Corporate,185.328
2015-09-26,East,Office Supplies,Appliances,Home Office,16.704
2015-09-26,East,Office Supplies,Binders,Corporate,5.97
2015-09-26,East,Office Supplies,Paper,Home Office,32.896
2015-09-26,East,Technology,Accessories,Home Office,3.152
2015-09-26,West,Furniture,Chairs,Consumer,145.568
2015-09-26,West,Furniture,Chairs,Home Office,585.552
2015-09-26,West,Office Supplies,Paper,Home Office,19.44
2015-09-26,West,Office Supplies,Storage,Home Office,310.12
2015-09-27,East,Furniture,Furnishings,Corporate,87.54
2015-09-27,West,Furniture,Chairs,Consumer,603.92
2015-09-27,West,Office Supplies,Paper,Consumer,81.98
2015-09-28,East,Office Supplies,Storage,Corporate,46.26
2015-09-28,South,Furniture,Furnishings,Consumer,337.088
2015-09-28,South,Office Supplies,Paper,Corporate,106.944
2015-09-29,East,Furniture,Furnishings,Consumer,117.36
2015-09-29,East,Furniture,Tables,Corporate,476.448
2015-09-29,East,Office Supplies,Art,Corporate,4.224
2015-09-29,East,Office Supplies,Labels,Consumer,18.9
2015-09-29,East,Office Supplies,Labels,Corporate,55.44
2015-09-29,East,Office Supplies,Paper,Consumer,77.52
2015-09-29,East,Office Supplies,Paper,Corporate,20.928
2015-09-29,East,Office Supplies,Storage,Consumer,1395.54
2015-09-29,East,Office Supplies,Storage,Corporate,1801.632
2015-09-29,West,Furniture,Furnishings,Consumer,204.6
2015-09-29,West,Furniture,Furnishings,Home Office,6.16
2015-09-29,West,Furniture,Tables,Home Office,2348.82
2015-09-29,West,Office Supplies,Binders,Consumer,10.048
2015-09-29,West,Office Supplies,Fasteners,Consumer,8.72
2015-09-29,West,Office Supplies,Paper,Consumer,6.48
2015-09-29,West,Office Supplies,Storage,Consumer,869.93
2015-09-29,West,Technology,Machines,Consumer,686.32
2015-09-30,East,Furniture,Furnishings,Corporate,15.24
2015-09-30,East,Office Supplies,Appliances,Corporate,795.408
2015-09-30,East,Office Supplies,Paper,Consumer,48.94
2015-09-30,South,Office Supplies,Appliances,Consumer,69.216
2015-09-30,South,Office Supplies,Paper,Consumer,15.552
2015-09-30,West,Office Supplies,Binders,Consumer,43.176
2015-10-01,West,Office Supplies,Fasteners,Home Office,4.71
2015-10-02,West,Office Supplies,Envelopes,Corporate,12.768
2015-10-02,West,Office Supplies,Fasteners,Corporate,4.672
2015-10-02,West,Office Supplies,Paper,Corporate,9.408
2015-10-02,West,Office Supplies,Supplies,Corporate,15.36
2015-10-02,West,Technology,Accessories,Corporate,7.16
2015-10-02,West,Technology,Phones,Corporate,548.776
2015-10-03,Central,Furniture,Chairs,Consumer,258.279
2015-10-03,Central,Furniture,Furnishings,Consumer,31.776
2015-10-03,Central,Office Supplies,Binders,Consumer,1.788
2015-10-03,Central,Office Supplies,Fasteners,Consumer,19.416
2015-10-03,Central,Office Supplies,Labels,Consumer,4.928
2015-10-03,East,Office Supplies,Art,Consumer,55.984
2015-10-03,East,Office Supplies,Envelopes,Consumer,14.48
2015-10-03,East,Technology,Accessories,Consumer,142.488
2015-10-03,South,Office Supplies,Art,Home Office,6.192
2015-10-03,South,Office Supplies,Storage,Home Office,61.568
2015-10-03,West,Furniture,Chairs,Corporate,122.352
2015-10-03,West,Furniture,Tables,Corporate,143.432
2015-10-04,East,Furniture,Chairs,Consumer,589.41
2015-10-04,West,Office Supplies,Binders,Consumer,95.648
2015-10-04,West,Office Supplies,Labels,Consumer,43.69
2015-10-05,East,Office Supplies,Appliances,Consumer,91.92
2015-10-05,West,Technology,Accessories,Consumer,99.98
2015-10-06,Central,Office Supplies,Binders,Corporate,15.36
2015-10-06,Central,Office Supplies,Storage,Corporate,386.34
2015-10-06,East,Office Supplies,Storage,Consumer,83.92
2015-10-06,West,Technology,Accessories,Consumer,9.09
2015-10-07,Central,Office Supplies,Storage,Corporate,107.44
2015-10-07,East,Furniture,Furnishings,Home Office,129.92
2015-10-08,East,Office Supplies,Paper,Consumer,123.92
2015-10-08,South,Technology,Accessories,Consumer,23.472
2015-10-09,South,Office Supplies,Paper,Corporate,88.768
2015-10-09,West,Office Supplies,Art,Consumer,144.6
2015-10-09,West,Technology,Phones,Consumer,15.992
2015-10-10,Central,Office Supplies,Binders,Corporate,12.878
2015-10-10,Central,Technology,Phones,Corporate,1475.896
2015-10-10,East,Office Supplies,Binders,Consumer,18.264
2015-10-10,East,Technology,Machines,Consumer,101.994
2015-10-10,West,Furniture,Chairs,Home Office,122.352
2015-10-10,West,Furniture,Furnishings,Home Office,46.872
2015-10-10,West,Office Supplies,Art,Corporate,255.85
2015-10-10,West,Office Supplies,Envelopes,Home Office,15.28
2015-10-11,East,Office Supplies,Envelopes,Consumer,201.432
2015-10-11,East,Office Supplies,Storage,Consumer,281.904
2015-10-11,South,Furniture,Furnishings,Corporate,8.92
2015-10-11,South,Office Supplies,Labels,Corporate,7.31
2015-10-11,West,Furniture,Chairs,Consumer,433.568
2015-10-11,West,Furniture,Furnishings,Home Office,63.47
2015-10-11,West,Office Supplies,Envelopes,Consumer,7.64
2015-10-11,West,Office Supplies,Storage,Consumer,31.92
2015-10-11,West,Technology,Accessories,Home Office,345.0
2015-10-12,Central,Office Supplies,Supplies,Corporate,22.24
2015-10-12,West,Office Supplies,Art,Consumer,14.9
2015-10-12,West,Office Supplies,Storage,Consumer,21.39
2015-10-13,East,Furniture,Chairs,Corporate,245.98
2015-10-13,East,Office Supplies,Binders,Corporate,26.692
2015-10-13,South,Office Supplies,Binders,Home Office,15.18
2015-10-13,South,Office Supplies,Envelopes,Home Office,36.4
2015-10-13,South,Office Supplies,Storage,Home Office,315.2
2015-10-13,South,Technology,Accessories,Home Office,22.96
2015-10-13,West,Furniture,Tables,Consumer,1298.55
2015-10-13,West,Office Supplies,Appliances,Consumer,213.92
2015-10-13,West,Office Supplies,Art,Consumer,11.52
2015-10-13,West,Technology,Accessories,Consumer,25.78
2015-10-14,Central,Office Supplies,Appliances,Consumer,3.16
2015-10-14,Central,Office Supplies,Binders,Consumer,2.946
2015-10-14,Central,Office Supplies,Paper,Consumer,341.32800000000003
2015-10-14,Central,Technology,Copiers,Consumer,1999.96
2015-10-14,East,Furniture,Chairs,Consumer,1628.82
2015-10-14,East,Office Supplies,Binders,Corporate,22.92
2015-10-14,East,Office Supplies,Storage,Consumer,79.45
2015-10-14,East,Office Supplies,Storage,Corporate,269.9
2015-10-14,East,Technology,Accessories,Consumer,177.0
2015-10-15,East,Furniture,Chairs,Consumer,183.372
2015-10-15,East,Office Supplies,Paper,Consumer,7.968
2015-10-15,South,Furniture,Furnishings,Consumer,15.384
2015-10-16,West,Office Supplies,Binders,Consumer,14.352
2015-10-16,West,Technology,Accessories,Consumer,179.97
2015-10-17,Central,Furniture,Furnishings,Consumer,5.312
2015-10-17,Central,Office Supplies,Binders,Consumer,10.78
2015-10-17,Central,Technology,Accessories,Consumer,119.976
2015-10-18,East,Office Supplies,Envelopes,Corporate,52.512
2015-10-18,East,Office Supplies,Paper,Corporate,10.048
2015-10-18,East,Office Supplies,Storage,Corporate,186.912
2015-10-18,South,Furniture,Chairs,Corporate,1151.22
2015-10-18,South,Office Supplies,Storage,Corporate,275.97
2015-10-18,South,Technology,Phones,Corporate,1394.95
2015-10-18,West,Office Supplies,Binders,Consumer,1.344
2015-10-18,West,Office Supplies,Paper,Consumer,61.96
2015-10-19,West,Office Supplies,Binders,Corporate,23.056
2015-10-19,West,Office Supplies,Labels,Corporate,18.75
2015-10-19,West,Office Supplies,Paper,Consumer,13.44
2015-10-19,West,Office Supplies,Paper,Corporate,146.73
2015-10-19,West,Technology,Phones,Corporate,117.576
2015-10-19,West,Technology,Phones,Home Office,321.552
2015-10-20,Central,Office Supplies,Binders,Home Office,8.682
2015-10-20,Central,Office Supplies,Labels,Home Office,24.424
2015-10-20,Central,Office Supplies,Paper,Home Office,3.808
2015-10-20,Central,Office Supplies,Storage,Consumer,211.96
2015-10-20,Central,Office Supplies,Storage,Home Office,505.32
2015-10-20,Central,Technology,Accessories,Home Office,319.968
2015-10-20,South,Furniture,Tables,Corporate,328.59
2015-10-20,South,Office Supplies,Storage,Corporate,98.352
2015-10-21,East,Furniture,Tables,Consumer,409.59
2015-10-21,East,Office Supplies,Appliances,Consumer,121.792
2015-10-21,South,Furniture,Tables,Corporate,591.32
2015-10-21,South,Office Supplies,Art,Corporate,2.84
2015-10-21,South,Office Supplies,Storage,Corporate,194.7
2015-10-21,West,Office Supplies,Binders,Corporate,36.36
2015-10-22,East,Furniture,Furnishings,Home Office,93.888
2015-10-22,South,Furniture,Furnishings,Corporate,129.92
2015-10-24,South,Office Supplies,Fasteners,Consumer,11.85
2015-10-24,South,Office Supplies,Paper,Home Office,10.368
2015-10-24,West,Office Supplies,Binders,Consumer,34.272
2015-10-25,East,Office Supplies,Binders,Consumer,13.698
2015-10-25,East,Technology,Accessories,Consumer,40.776
2015-10-25,West,Office Supplies,Binders,Corporate,49.408
2015-10-26,West,Furniture,Furnishings,Consumer,63.92
2015-10-26,West,Technology,Phones,Consumer,383.96
2015-10-27,South,Office Supplies,Paper,Home Office,22.32
2015-10-28,Central,Technology,Phones,Corporate,257.98
2015-10-28,West,Furniture,Bookcases,Corporate,616.998
2015-10-28,West,Office Supplies,Binders,Corporate,7.184
2015-10-28,West,Office Supplies,Storage,Corporate,141.4
2015-10-28,West,Office Supplies,Supplies,Corporate,487.02
2015-10-29,Central,Office Supplies,Paper,Corporate,75.88
2015-10-29,Central,Technology,Accessories,Corporate,1.98
2015-10-29,Central,Technology,Phones,Consumer,2735.952
2015-10-31,East,Furniture,Chairs,Consumer,1604.9
2015-10-31,East,Furniture,Furnishings,Consumer,32.43
2015-10-31,East,Furniture,Tables,Consumer,385.686
2015-10-31,East,Furniture,Tables,Corporate,1421.664
2015-10-31,East,Office Supplies,Art,Consumer,49.25
2015-10-31,East,Office Supplies,Binders,Consumer,34.08
2015-10-31,East,Office Supplies,Paper,Consumer,10.16
2015-10-31,West,Furniture,Chairs,Corporate,146.352
2015-10-31,West,Office Supplies,Art,Corporate,12.39
2015-10-31,West,Office Supplies,Binders,Corporate,35.263999999999996
2015-10-31,West,Office Supplies,Fasteners,Corporate,11.34
2015-10-31,West,Office Supplies,Paper,Corporate,64.74
2015-10-31,West,Office Supplies,Storage,Corporate,485.94
2015-10-31,West,Technology,Accessories,Corporate,251.91
2015-10-31,West,Technology,Phones,Consumer,742.336
2015-10-31,West,Technology,Phones,Home Office,73.584
2015-11-01,Central,Office Supplies,Paper,Corporate,15.696
2015-11-01,East,Furniture,Furnishings,Consumer,31.68
2015-11-01,East,Office Supplies,Appliances,Consumer,533.94
2015-11-01,East,Office Supplies,Appliances,Corporate,76.12
2015-11-01,East,Office Supplies,Paper,Consumer,167.94
2015-11-01,South,Office Supplies,Art,Corporate,15.911999999999999
2015-11-01,South,Office Supplies,Fasteners,Corporate,7.52
2015-11-01,South,Office Supplies,Labels,Corporate,47.808
2015-11-01,South,Office Supplies,Storage,Corporate,69.52
2015-11-01,South,Technology,Phones,Corporate,978.84
2015-11-01,West,Office Supplies,Art,Consumer,43.176
2015-11-01,West,Office Supplies,Labels,Home Office,44.4
2015-11-01,West,Office Supplies,Paper,Home Office,21.4
2015-11-01,West,Office Supplies,Storage,Consumer,443.92
2015-11-01,West,Technology,Phones,Consumer,2139.944
2015-11-02,Central,Technology,Phones,Consumer,88.776
2015-11-02,East,Furniture,Furnishings,Consumer,89.34
2015-11-02,East,Office Supplies,Binders,Consumer,19.242
2015-11-02,East,Office Supplies,Labels,Consumer,34.86
2015-11-02,East,Technology,Phones,Consumer,590.196
2015-11-02,South,Technology,Accessories,Home Office,799.92
2015-11-02,West,Office Supplies,Storage,Consumer,362.92
2015-11-02,West,Technology,Accessories,Corporate,41.94
2015-11-02,West,Technology,Phones,Consumer,46.384
2015-11-02,West,Technology,Phones,Corporate,52.792
2015-11-03,Central,Technology,Accessories,Corporate,89.97
2015-11-03,East,Office Supplies,Binders,Consumer,56.752
2015-11-03,East,Office Supplies,Binders,Corporate,5.76
2015-11-03,East,Office Supplies,Supplies,Consumer,297.984
2015-11-03,East,Technology,Phones,Consumer,783.96
2015-11-03,South,Furniture,Furnishings,Consumer,410.352
2015-11-03,South,Furniture,Tables,Consumer,945.036
2015-11-03,South,Office Supplies,Binders,Consumer,14.301
2015-11-03,South,Office Supplies,Paper,Consumer,147.344
2015-11-03,South,Office Supplies,Storage,Consumer,25.984
2015-11-03,West,Office Supplies,Art,Home Office,6.72
2015-11-04,East,Furniture,Chairs,Home Office,135.882
2015-11-04,East,Office Supplies,Binders,Home Office,52.064
2015-11-04,East,Office Supplies,Storage,Home Office,43.57
2015-11-04,East,Technology,Accessories,Home Office,360.0
2015-11-04,East,Technology,Machines,Home Office,3991.98
2015-11-04,East,Technology,Phones,Home Office,275.94
2015-11-04,South,Office Supplies,Appliances,Corporate,58.24
2015-11-04,South,Office Supplies,Fasteners,Corporate,8.376
2015-11-04,West,Furniture,Furnishings,Consumer,35.34
2015-11-04,West,Furniture,Tables,Consumer,573.728
2015-11-04,West,Office Supplies,Art,Corporate,2.94
2015-11-04,West,Office Supplies,Binders,Consumer,21.936
2015-11-04,West,Office Supplies,Paper,Consumer,19.44
2015-11-04,West,Technology,Machines,Consumer,447.968
2015-11-04,West,Technology,Phones,Consumer,666.344
2015-11-05,East,Furniture,Furnishings,Consumer,273.568
2015-11-05,East,Office Supplies,Binders,Consumer,13.194
2015-11-05,East,Office Supplies,Storage,Consumer,1080.096
2015-11-05,East,Technology,Accessories,Consumer,109.976
2015-11-05,South,Furniture,Chairs,Consumer,149.9
2015-11-05,South,Technology,Accessories,Home Office,47.79
2015-11-05,West,Furniture,Furnishings,Home Office,20.04
2015-11-07,Central,Furniture,Chairs,Consumer,683.144
2015-11-07,Central,Office Supplies,Appliances,Consumer,245.88
2015-11-07,Central,Office Supplies,Binders,Consumer,13.866
2015-11-07,Central,Office Supplies,Binders,Corporate,26.046
2015-11-07,Central,Office Supplies,Envelopes,Corporate,74.352
2015-11-07,Central,Office Supplies,Storage,Consumer,59.21
2015-11-07,Central,Office Supplies,Supplies,Consumer,40.712
2015-11-07,East,Office Supplies,Fasteners,Corporate,5.92
2015-11-07,East,Office Supplies,Paper,Corporate,30.18
2015-11-07,West,Office Supplies,Binders,Consumer,123.144
2015-11-08,West,Technology,Phones,Consumer,333.576
2015-11-09,East,Furniture,Furnishings,Home Office,56.52
2015-11-09,West,Furniture,Bookcases,Consumer,222.666
2015-11-09,West,Office Supplies,Paper,Consumer,157.5
2015-11-09,West,Office Supplies,Storage,Consumer,433.44
2015-11-09,West,Technology,Phones,Consumer,703.968
2015-11-10,Central,Furniture,Chairs,Consumer,563.94
2015-11-10,Central,Office Supplies,Art,Consumer,3.9
2015-11-10,Central,Office Supplies,Paper,Consumer,28.68
2015-11-10,Central,Office Supplies,Storage,Consumer,598.3499999999999
2015-11-10,West,Furniture,Furnishings,Consumer,93.08000000000001
2015-11-10,West,Office Supplies,Labels,Consumer,39.84
2015-11-10,West,Office Supplies,Paper,Consumer,62.24
2015-11-10,West,Technology,Accessories,Consumer,10.99
2015-11-10,West,Technology,Phones,Consumer,601.536
2015-11-11,Central,Furniture,Chairs,Consumer,797.944
2015-11-11,Central,Furniture,Furnishings,Consumer,10.984
2015-11-11,Central,Office Supplies,Art,Consumer,67.56
2015-11-11,Central,Office Supplies,Binders,Consumer,898.224
2015-11-11,Central,Office Supplies,Paper,Consumer,284.05600000000004
2015-11-11,Central,Office Supplies,Storage,Consumer,665.88
2015-11-11,Central,Technology,Phones,Consumer,389.65599999999995
2015-11-11,East,Furniture,Bookcases,Corporate,521.96
2015-11-11,East,Furniture,Furnishings,Corporate,23.968
2015-11-11,West,Furniture,Chairs,Consumer,716.568
2015-11-11,West,Office Supplies,Appliances,Corporate,22.98
2015-11-11,West,Office Supplies,Appliances,Home Office,7.78
2015-11-11,West,Office Supplies,Art,Consumer,33.872
2015-11-11,West,Office Supplies,Binders,Corporate,2033.584
2015-11-11,West,Office Supplies,Paper,Home Office,123.92
2015-11-11,West,Technology,Accessories,Corporate,102.13
2015-11-11,West,Technology,Phones,Consumer,559.984
2015-11-11,West,Technology,Phones,Home Office,575.928
2015-11-12,Central,Furniture,Bookcases,Corporate,67.9932
2015-11-12,Central,Office Supplies,Art,Corporate,2.672
2015-11-12,Central,Office Supplies,Paper,Corporate,36.288
2015-11-12,Central,Office Supplies,Storage,Consumer,49.632
2015-11-12,Central,Office Supplies,Supplies,Corporate,16.656
2015-11-12,Central,Technology,Accessories,Corporate,79.512
2015-11-12,South,Office Supplies,Art,Corporate,7.872
2015-11-12,West,Furniture,Tables,Consumer,629.064
2015-11-12,West,Office Supplies,Paper,Consumer,11.96
2015-11-14,Central,Office Supplies,Binders,Consumer,24.240000000000002
2015-11-14,Central,Office Supplies,Paper,Corporate,20.736
2015-11-14,East,Furniture,Chairs,Home Office,69.264
2015-11-14,East,Office Supplies,Binders,Consumer,43.8
2015-11-14,East,Office Supplies,Paper,Home Office,11.36
2015-11-14,East,Technology,Phones,Consumer,832.93
2015-11-14,South,Office Supplies,Paper,Consumer,32.4
2015-11-15,Central,Office Supplies,Envelopes,Consumer,604.656
2015-11-15,South,Office Supplies,Appliances,Consumer,333.056
2015-11-15,South,Office Supplies,Art,Consumer,4.224
2015-11-15,South,Office Supplies,Paper,Consumer,24.896
2015-11-15,West,Furniture,Furnishings,Consumer,10.11
2015-11-15,West,Office Supplies,Supplies,Consumer,20.46
2015-11-15,West,Office Supplies,Supplies,Corporate,10.95
2015-11-15,West,Technology,Accessories,Consumer,772.47
2015-11-16,Central,Furniture,Chairs,Consumer,37.296
2015-11-16,Central,Office Supplies,Binders,Home Office,29.12
2015-11-16,Central,Office Supplies,Envelopes,Home Office,78.35
2015-11-16,Central,Office Supplies,Paper,Home Office,31.68
2015-11-16,Central,Office Supplies,Storage,Home Office,169.45
2015-11-16,Central,Technology,Phones,Home Office,273.96
2015-11-16,West,Furniture,Bookcases,Corporate,305.9745
2015-11-16,West,Office Supplies,Labels,Corporate,5.22
2015-11-16,West,Office Supplies,Storage,Corporate,344.91
2015-11-16,West,Technology,Phones,Corporate,79.968
2015-11-17,Central,Furniture,Chairs,Home Office,479.9
2015-11-17,Central,Office Supplies,Envelopes,Consumer,7.08
2015-11-17,East,Furniture,Bookcases,Consumer,4007.84
2015-11-17,East,Furniture,Chairs,Consumer,657.93
2015-11-17,East,Furniture,Furnishings,Corporate,124.41
2015-11-17,East,Office Supplies,Art,Corporate,57.75
2015-11-17,East,Office Supplies,Binders,Consumer,2152.776
2015-11-17,East,Office Supplies,Paper,Consumer,12.448
2015-11-17,East,Office Supplies,Paper,Home Office,34.44
2015-11-17,East,Office Supplies,Storage,Corporate,2934.33
2015-11-17,West,Office Supplies,Appliances,Corporate,241.44
2015-11-17,West,Office Supplies,Paper,Corporate,733.95
2015-11-17,West,Technology,Accessories,Corporate,99.98
2015-11-18,Central,Furniture,Bookcases,Consumer,424.116
2015-11-18,Central,Furniture,Chairs,Corporate,392.94
2015-11-18,Central,Furniture,Furnishings,Consumer,8.544
2015-11-18,Central,Furniture,Tables,Consumer,292.1
2015-11-18,Central,Office Supplies,Binders,Consumer,2.892
2015-11-18,Central,Office Supplies,Binders,Corporate,14.48
2015-11-18,Central,Office Supplies,Storage,Consumer,381.72
2015-11-18,Central,Office Supplies,Storage,Corporate,67.15
2015-11-18,East,Furniture,Furnishings,Consumer,60.312
2015-11-18,East,Office Supplies,Binders,Consumer,64.749
2015-11-18,East,Office Supplies,Storage,Consumer,76.792
2015-11-18,East,Technology,Phones,Consumer,549.552
2015-11-18,West,Furniture,Furnishings,Corporate,137.54
2015-11-18,West,Furniture,Tables,Consumer,145.98
2015-11-18,West,Furniture,Tables,Corporate,730.2
2015-11-18,West,Office Supplies,Paper,Consumer,35.808
2015-11-18,West,Office Supplies,Paper,Corporate,21.98
2015-11-19,Central,Office Supplies,Storage,Consumer,221.16
2015-11-19,Central,Technology,Phones,Consumer,281.97
2015-11-19,East,Furniture,Bookcases,Corporate,1025.88
2015-11-19,East,Office Supplies,Binders,Corporate,213.08
2015-11-19,East,Office Supplies,Labels,Corporate,32.46
2015-11-19,East,Office Supplies,Paper,Home Office,5.88
2015-11-19,East,Technology,Accessories,Consumer,47.496
2015-11-19,East,Technology,Phones,Consumer,4548.81
2015-11-19,South,Technology,Accessories,Home Office,29.0
2015-11-19,South,Technology,Phones,Home Office,653.91
2015-11-19,West,Office Supplies,Paper,Home Office,166.44
2015-11-20,East,Office Supplies,Binders,Corporate,12.96
2015-11-20,East,Office Supplies,Envelopes,Corporate,34.74
2015-11-20,East,Office Supplies,Paper,Corporate,25.92
2015-11-20,East,Technology,Phones,Corporate,833.94
2015-11-21,Central,Office Supplies,Envelopes,Corporate,1.632
2015-11-21,Central,Technology,Phones,Corporate,267.96
2015-11-21,South,Office Supplies,Art,Corporate,5.46
2015-11-21,South,Office Supplies,Paper,Corporate,629.1
2015-11-21,South,Office Supplies,Storage,Corporate,193.95
2015-11-21,South,Technology,Phones,Corporate,36.99
2015-11-21,West,Office Supplies,Paper,Corporate,12.96
2015-11-21,West,Office Supplies,Paper,Home Office,6.58
2015-11-21,West,Technology,Accessories,Home Office,94.99
2015-11-22,Central,Office Supplies,Binders,Consumer,6.928
2015-11-22,Central,Office Supplies,Binders,Home Office,9.98
2015-11-22,South,Office Supplies,Appliances,Corporate,675.12
2015-11-22,South,Office Supplies,Binders,Corporate,319.9
2015-11-22,South,Office Supplies,Envelopes,Corporate,27.59
2015-11-22,South,Office Supplies,Paper,Corporate,9.96
2015-11-22,West,Office Supplies,Paper,Consumer,53.82
2015-11-23,Central,Furniture,Chairs,Corporate,155.372
2015-11-23,Central,Furniture,Furnishings,Corporate,6.368
2015-11-23,Central,Office Supplies,Appliances,Corporate,34.176
2015-11-23,Central,Office Supplies,Binders,Consumer,14.67
2015-11-23,Central,Office Supplies,Labels,Home Office,23.68
2015-11-23,Central,Technology,Accessories,Corporate,5.544
2015-11-23,East,Office Supplies,Envelopes,Corporate,62.808
2015-11-23,West,Furniture,Chairs,Consumer,985.3599999999999
2015-11-23,West,Office Supplies,Envelopes,Consumer,45.312
2015-11-23,West,Technology,Accessories,Consumer,29.99
2015-11-24,Central,Office Supplies,Art,Corporate,151.92
2015-11-24,Central,Office Supplies,Labels,Corporate,196.62
2015-11-24,Central,Office Supplies,Paper,Corporate,160.08
2015-11-24,Central,Office Supplies,Storage,Consumer,646.2
2015-11-24,Central,Technology,Accessories,Consumer,111.79
2015-11-24,East,Furniture,Chairs,Corporate,611.058
2015-11-24,East,Furniture,Furnishings,Consumer,35.168
2015-11-24,East,Office Supplies,Art,Consumer,2.624
2015-11-24,East,Technology,Phones,Consumer,1502.376
2015-11-24,East,Technology,Phones,Corporate,1049.97
2015-11-24,South,Furniture,Furnishings,Home Office,111.15
2015-11-24,West,Furniture,Chairs,Consumer,120.712
2015-11-24,West,Furniture,Furnishings,Consumer,151.72
2015-11-24,West,Office Supplies,Binders,Corporate,12.096
2015-11-24,West,Office Supplies,Paper,Corporate,25.92
2015-11-24,West,Office Supplies,Storage,Corporate,683.46
2015-11-25,Central,Furniture,Furnishings,Corporate,6.096
2015-11-25,Central,Furniture,Tables,Corporate,1218.735
2015-11-25,Central,Office Supplies,Labels,Corporate,8.424
2015-11-25,Central,Office Supplies,Paper,Corporate,15.696
2015-11-25,Central,Technology,Accessories,Corporate,24.672
2015-11-25,East,Furniture,Bookcases,Home Office,275.952
2015-11-25,East,Furniture,Furnishings,Consumer,52.96
2015-11-25,East,Office Supplies,Storage,Home Office,1117.92
2015-11-25,West,Furniture,Chairs,Consumer,725.344
2015-11-25,West,Furniture,Furnishings,Corporate,23.88
2015-11-25,West,Office Supplies,Appliances,Corporate,320.88
2015-11-25,West,Office Supplies,Art,Consumer,58.455999999999996
2015-11-25,West,Office Supplies,Paper,Corporate,26.76
2015-11-25,West,Technology,Phones,Consumer,539.92
2015-11-26,Central,Furniture,Furnishings,Consumer,19.3
2015-11-26,East,Office Supplies,Binders,Consumer,30.0
2015-11-26,East,Office Supplies,Labels,Consumer,104.67
2015-11-26,East,Technology,Phones,Consumer,279.96
2015-11-26,West,Office Supplies,Appliances,Corporate,40.54
2015-11-26,West,Office Supplies,Binders,Corporate,11.632000000000001
2015-11-26,West,Office Supplies,Paper,Consumer,15.552
2015-11-26,West,Office Supplies,Paper,Corporate,14.94
2015-11-26,West,Office Supplies,Paper,Home Office,81.98
2015-11-26,West,Office Supplies,Storage,Consumer,669.08
2015-11-26,West,Technology,Phones,Consumer,438.336
2015-11-27,East,Furniture,Furnishings,Corporate,199.9
2015-11-27,East,Office Supplies,Fasteners,Consumer,3.76
2015-11-28,Central,Office Supplies,Envelopes,Corporate,64.02
2015-11-28,Central,Technology,Machines,Consumer,998.85
2015-11-28,East,Office Supplies,Binders,Consumer,17.248
2015-11-28,South,Furniture,Furnishings,Corporate,397.6
2015-11-28,South,Office Supplies,Art,Consumer,14.67
2015-11-28,South,Office Supplies,Art,Corporate,13.12
2015-11-28,South,Office Supplies,Binders,Corporate,45.66
2015-11-28,South,Office Supplies,Paper,Corporate,85.96
2015-11-28,West,Furniture,Bookcases,Home Office,411.332
2015-11-28,West,Office Supplies,Appliances,Consumer,43.68
2015-11-28,West,Office Supplies,Labels,Home Office,41.4
2015-11-28,West,Office Supplies,Supplies,Home Office,7.36
2015-11-28,West,Technology,Accessories,Consumer,139.93
2015-11-29,Central,Office Supplies,Fasteners,Corporate,12.624
2015-11-29,East,Office Supplies,Labels,Consumer,30.099999999999998
2015-11-29,West,Office Supplies,Fasteners,Consumer,30.4
2015-11-29,West,Technology,Phones,Consumer,575.92
2015-11-30,East,Office Supplies,Envelopes,Consumer,62.28
2015-11-30,South,Office Supplies,Binders,Corporate,6.642
2015-11-30,West,Office Supplies,Supplies,Consumer,47.992
2015-11-30,West,Technology,Accessories,Consumer,102.24
2015-12-01,Central,Furniture,Chairs,Consumer,2807.84
2015-12-01,Central,Furniture,Chairs,Corporate,674.058
2015-12-01,Central,Office Supplies,Art,Consumer,46.64
2015-12-01,East,Furniture,Chairs,Consumer,909.72
2015-12-01,East,Furniture,Furnishings,Consumer,63.788000000000004
2015-12-01,East,Office Supplies,Paper,Consumer,36.288
2015-12-01,East,Technology,Copiers,Consumer,659.988
2015-12-01,East,Technology,Phones,Consumer,271.9
2015-12-01,South,Technology,Phones,Consumer,95.968
2015-12-01,West,Furniture,Furnishings,Consumer,58.2
2015-12-02,Central,Furniture,Furnishings,Corporate,98.32
2015-12-02,Central,Office Supplies,Appliances,Consumer,2.394
2015-12-02,Central,Office Supplies,Art,Corporate,16.464
2015-12-02,East,Furniture,Bookcases,Consumer,883.92
2015-12-02,East,Furniture,Chairs,Corporate,239.84
2015-12-02,East,Furniture,Furnishings,Corporate,60.72
2015-12-02,East,Office Supplies,Binders,Consumer,46.72
2015-12-02,East,Office Supplies,Labels,Corporate,15.66
2015-12-02,East,Office Supplies,Paper,Corporate,146.82
2015-12-02,East,Technology,Accessories,Consumer,119.96
2015-12-02,East,Technology,Accessories,Corporate,119.8
2015-12-02,South,Office Supplies,Paper,Corporate,15.24
2015-12-02,South,Technology,Accessories,Corporate,5.95
2015-12-03,Central,Office Supplies,Paper,Corporate,25.92
2015-12-03,Central,Technology,Phones,Consumer,479.96
2015-12-04,East,Technology,Phones,Corporate,129.98
2015-12-05,Central,Office Supplies,Storage,Corporate,24.816
2015-12-05,Central,Technology,Accessories,Corporate,408.744
2015-12-05,East,Office Supplies,Binders,Corporate,29.94
2015-12-05,East,Office Supplies,Envelopes,Corporate,348.488
2015-12-05,East,Office Supplies,Paper,Corporate,115.84800000000001
2015-12-05,East,Office Supplies,Storage,Corporate,172.736
2015-12-05,East,Technology,Phones,Corporate,216.678
2015-12-05,South,Office Supplies,Storage,Consumer,24.56
2015-12-05,West,Office Supplies,Appliances,Consumer,250.26
2015-12-05,West,Office Supplies,Art,Consumer,26.46
2015-12-05,West,Office Supplies,Art,Corporate,1113.024
2015-12-05,West,Office Supplies,Fasteners,Consumer,15.0
2015-12-05,West,Office Supplies,Paper,Consumer,49.12
2015-12-05,West,Technology,Phones,Corporate,167.968
2015-12-06,Central,Furniture,Furnishings,Consumer,34.751999999999995
2015-12-06,Central,Furniture,Tables,Consumer,214.95
2015-12-06,Central,Office Supplies,Appliances,Consumer,14.016
2015-12-06,Central,Office Supplies,Binders,Consumer,4.6
2015-12-06,Central,Office Supplies,Storage,Consumer,35.168
2015-12-06,Central,Technology,Phones,Consumer,35.04
2015-12-06,South,Office Supplies,Paper,Consumer,42.208
2015-12-06,West,Furniture,Tables,Consumer,275.49
2015-12-06,West,Office Supplies,Storage,Consumer,53.424
2015-12-06,West,Office Supplies,Storage,Corporate,1261.33
2015-12-07,South,Office Supplies,Paper,Consumer,105.52
2015-12-07,West,Office Supplies,Art,Consumer,8.64
2015-12-07,West,Office Supplies,Paper,Home Office,164.88
2015-12-07,West,Office Supplies,Storage,Home Office,269.36
2015-12-08,Central,Office Supplies,Storage,Corporate,60.416
2015-12-08,West,Furniture,Chairs,Consumer,603.92
2015-12-08,West,Furniture,Furnishings,Corporate,119.32
2015-12-08,West,Office Supplies,Binders,Consumer,6.456
2015-12-08,West,Office Supplies,Labels,Consumer,39.408
2015-12-08,West,Office Supplies,Paper,Consumer,56.048
2015-12-08,West,Office Supplies,Storage,Consumer,39.072
2015-12-08,West,Office Supplies,Supplies,Consumer,13.88
2015-12-08,West,Technology,Accessories,Consumer,103.92
2015-12-08,West,Technology,Phones,Consumer,52.68
2015-12-09,Central,Office Supplies,Appliances,Corporate,20.388
2015-12-09,Central,Office Supplies,Paper,Corporate,19.136000000000003
2015-12-09,Central,Office Supplies,Storage,Corporate,237.096
2015-12-09,East,Office Supplies,Envelopes,Consumer,30.672
2015-12-09,East,Technology,Copiers,Consumer,1079.976
2015-12-09,West,Office Supplies,Paper,Corporate,34.68
2015-12-09,West,Office Supplies,Storage,Corporate,100.704
2015-12-10,East,Office Supplies,Binders,Consumer,106.344
2015-12-10,East,Office Supplies,Paper,Consumer,11.36
2015-12-10,West,Furniture,Chairs,Corporate,338.352
2015-12-10,West,Office Supplies,Paper,Corporate,117.28
2015-12-12,Central,Office Supplies,Binders,Corporate,210.392
2015-12-12,South,Office Supplies,Envelopes,Consumer,23.472
2015-12-12,West,Furniture,Bookcases,Consumer,254.9745
2015-12-12,West,Furniture,Furnishings,Consumer,65.09
2015-12-12,West,Furniture,Tables,Consumer,4375.536
2015-12-12,West,Office Supplies,Storage,Consumer,8.94
2015-12-13,Central,Furniture,Furnishings,Corporate,94.428
2015-12-13,Central,Office Supplies,Supplies,Consumer,2.92
2015-12-13,South,Office Supplies,Binders,Corporate,12.39
2015-12-13,West,Furniture,Furnishings,Corporate,87.96
2015-12-13,West,Office Supplies,Binders,Corporate,5.214
2015-12-13,West,Office Supplies,Paper,Consumer,90.24
2015-12-14,Central,Office Supplies,Binders,Consumer,5.104
2015-12-14,Central,Office Supplies,Binders,Corporate,9.264
2015-12-14,Central,Office Supplies,Fasteners,Consumer,2.896
2015-12-14,Central,Technology,Accessories,Consumer,35.016
2015-12-14,East,Furniture,Tables,Consumer,136.53
2015-12-14,East,Office Supplies,Art,Consumer,2.624
2015-12-14,East,Technology,Accessories,Consumer,263.96
2015-12-14,East,Technology,Machines,Consumer,6999.96
2015-12-14,South,Furniture,Chairs,Consumer,186.304
2015-12-15,Central,Furniture,Chairs,Consumer,763.28
2015-12-15,Central,Furniture,Furnishings,Corporate,8.544
2015-12-15,Central,Technology,Phones,Consumer,40.68
2015-12-15,East,Furniture,Chairs,Corporate,445.802
2015-12-15,West,Furniture,Furnishings,Consumer,6.16
2015-12-16,Central,Furniture,Furnishings,Consumer,56.568
2015-12-16,Central,Office Supplies,Paper,Consumer,36.288
2015-12-16,Central,Office Supplies,Paper,Corporate,114.2
2015-12-16,South,Furniture,Chairs,Corporate,1013.832
2015-12-16,South,Furniture,Furnishings,Consumer,29.46
2015-12-16,South,Office Supplies,Binders,Corporate,1.167
2015-12-16,South,Office Supplies,Fasteners,Corporate,1.984
2015-12-16,South,Technology,Accessories,Consumer,99.98
2015-12-16,West,Furniture,Chairs,Corporate,1403.92
2015-12-16,West,Furniture,Chairs,Home Office,241.568
2015-12-16,West,Furniture,Furnishings,Home Office,44.46
2015-12-16,West,Technology,Accessories,Home Office,395.0
2015-12-16,West,Technology,Phones,Home Office,627.168
2015-12-17,East,Office Supplies,Binders,Consumer,5.484
2015-12-17,South,Office Supplies,Art,Consumer,40.05
2015-12-19,Central,Office Supplies,Paper,Consumer,15.552
2015-12-19,Central,Office Supplies,Storage,Consumer,32.592
2015-12-19,Central,Technology,Phones,Consumer,323.976
2015-12-19,South,Furniture,Chairs,Consumer,1819.86
2015-12-19,South,Office Supplies,Binders,Consumer,157.572
2015-12-19,South,Office Supplies,Supplies,Consumer,7.27
2015-12-19,South,Technology,Accessories,Consumer,247.8
2015-12-19,West,Office Supplies,Fasteners,Corporate,22.55
2015-12-19,West,Office Supplies,Labels,Corporate,14.62
2015-12-19,West,Technology,Phones,Corporate,794.968
2015-12-20,Central,Office Supplies,Appliances,Consumer,19.432
2015-12-20,Central,Office Supplies,Binders,Consumer,1103.97
2015-12-20,Central,Office Supplies,Labels,Consumer,3.69
2015-12-20,Central,Technology,Accessories,Consumer,65.44
2015-12-20,East,Furniture,Chairs,Corporate,192.186
2015-12-20,East,Furniture,Furnishings,Consumer,190.848
2015-12-20,South,Furniture,Chairs,Consumer,662.88
2015-12-20,South,Furniture,Tables,Home Office,2699.58
2015-12-20,South,Office Supplies,Appliances,Consumer,43.512
2015-12-20,South,Office Supplies,Binders,Home Office,62.31
2015-12-20,South,Office Supplies,Paper,Consumer,25.92
2015-12-20,South,Office Supplies,Storage,Home Office,122.48
2015-12-20,West,Furniture,Chairs,Consumer,242.352
2015-12-20,West,Furniture,Furnishings,Consumer,51.968
2015-12-20,West,Office Supplies,Art,Consumer,51.43
2015-12-20,West,Office Supplies,Binders,Consumer,643.104
2015-12-20,West,Office Supplies,Labels,Consumer,31.05
2015-12-20,West,Office Supplies,Paper,Consumer,230.368
2015-12-20,West,Technology,Accessories,Consumer,519.9200000000001
2015-12-21,East,Office Supplies,Labels,Consumer,17.28
2015-12-21,South,Office Supplies,Binders,Home Office,18.24
2015-12-21,West,Furniture,Chairs,Consumer,1897.92
2015-12-22,Central,Office Supplies,Binders,Consumer,17.904
2015-12-22,Central,Office Supplies,Paper,Consumer,124.032
2015-12-22,Central,Office Supplies,Storage,Consumer,132.16
2015-12-22,East,Office Supplies,Binders,Home Office,296.712
2015-12-22,East,Office Supplies,Storage,Home Office,216.4
2015-12-22,West,Office Supplies,Art,Consumer,11.76
2015-12-23,Central,Office Supplies,Appliances,Consumer,207.24
2015-12-23,Central,Office Supplies,Paper,Corporate,5.184
2015-12-23,East,Furniture,Tables,Corporate,53.316
2015-12-23,East,Office Supplies,Appliances,Corporate,56.52
2015-12-23,South,Furniture,Chairs,Consumer,64.784
2015-12-23,South,Office Supplies,Art,Consumer,1.344
2015-12-23,South,Office Supplies,Paper,Consumer,45.528
2015-12-23,South,Office Supplies,Storage,Consumer,508.192
2015-12-24,East,Furniture,Furnishings,Consumer,30.36
2015-12-24,South,Office Supplies,Paper,Consumer,9.568
2015-12-24,West,Furniture,Chairs,Corporate,292.272
2015-12-24,West,Furniture,Furnishings,Home Office,23.99
2015-12-24,West,Office Supplies,Appliances,Consumer,13.97
2015-12-24,West,Office Supplies,Appliances,Home Office,361.96
2015-12-24,West,Office Supplies,Storage,Corporate,142.86
2015-12-24,West,Office Supplies,Storage,Home Office,20.34
2015-12-24,West,Technology,Accessories,Home Office,62.85
2015-12-24,West,Technology,Phones,Home Office,992.0319999999999
2015-12-26,Central,Furniture,Chairs,Home Office,600.558
2015-12-26,Central,Office Supplies,Binders,Consumer,8.69
2015-12-26,East,Office Supplies,Appliances,Consumer,116.208
2015-12-26,East,Office Supplies,Art,Corporate,8.016
2015-12-26,East,Office Supplies,Paper,Consumer,18.264
2015-12-26,East,Office Supplies,Storage,Consumer,419.01599999999996
2015-12-26,West,Furniture,Chairs,Corporate,230.352
2015-12-26,West,Furniture,Furnishings,Consumer,3.48
2015-12-26,West,Furniture,Furnishings,Corporate,518.768
2015-12-26,West,Office Supplies,Binders,Corporate,78.6
2015-12-26,West,Office Supplies,Fasteners,Corporate,27.552
2015-12-26,West,Office Supplies,Supplies,Consumer,11.91
2015-12-27,Central,Furniture,Furnishings,Consumer,32.952
2015-12-27,Central,Office Supplies,Binders,Consumer,4.984
2015-12-27,Central,Office Supplies,Storage,Consumer,30.016
2015-12-27,East,Furniture,Chairs,Home Office,767.214
2015-12-27,East,Furniture,Furnishings,Consumer,182.352
2015-12-27,East,Office Supplies,Storage,Consumer,118.16
2015-12-27,South,Office Supplies,Paper,Corporate,23.92
2015-12-27,South,Technology,Accessories,Corporate,498.0
2015-12-27,West,Furniture,Chairs,Consumer,230.28
2015-12-27,West,Office Supplies,Appliances,Home Office,10.98
2015-12-27,West,Office Supplies,Binders,Consumer,946.764
2015-12-27,West,Office Supplies,Binders,Home Office,37.056
2015-12-27,West,Office Supplies,Fasteners,Home Office,7.86
2015-12-27,West,Office Supplies,Labels,Home Office,11.56
2015-12-27,West,Office Supplies,Paper,Consumer,12.84
2015-12-27,West,Office Supplies,Storage,Home Office,51.45
2015-12-28,East,Office Supplies,Appliances,Corporate,1737.18
2015-12-28,East,Office Supplies,Art,Corporate,99.136
2015-12-28,East,Office Supplies,Paper,Corporate,141.76
2015-12-28,East,Office Supplies,Storage,Corporate,704.25
2015-12-29,Central,Furniture,Furnishings,Consumer,38.976
2015-12-29,Central,Furniture,Furnishings,Home Office,8.736
2015-12-29,Central,Office Supplies,Storage,Consumer,24.56
2015-12-29,Central,Technology,Accessories,Consumer,119.8
2015-12-29,East,Office Supplies,Appliances,Consumer,48.36
2015-12-29,West,Furniture,Furnishings,Corporate,95.46000000000001
2015-12-29,West,Office Supplies,Binders,Corporate,14.352
2015-12-29,West,Office Supplies,Labels,Consumer,88.8
2015-12-29,West,Office Supplies,Labels,Corporate,274.77
2015-12-29,West,Office Supplies,Paper,Corporate,21.12
2015-12-29,West,Office Supplies,Storage,Consumer,33.29
2015-12-29,West,Technology,Machines,Corporate,767.952
2015-12-29,West,Technology,Phones,Consumer,343.944
2015-12-29,West,Technology,Phones,Corporate,191.976
2015-12-30,Central,Office Supplies,Art,Corporate,9.84
2015-12-30,Central,Office Supplies,Binders,Corporate,2.286
2015-12-30,Central,Office Supplies,Envelopes,Corporate,12.984
2015-12-30,Central,Technology,Accessories,Corporate,47.984
2015-12-30,Central,Technology,Phones,Corporate,546.36
2015-12-30,East,Furniture,Tables,Corporate,523.764
2015-12-30,East,Office Supplies,Appliances,Consumer,122.94
2015-12-30,East,Office Supplies,Binders,Consumer,35.448
2015-12-30,East,Technology,Accessories,Consumer,27.968
2015-12-30,East,Technology,Phones,Corporate,251.964
2015-12-30,South,Office Supplies,Storage,Consumer,39.128
2015-12-30,West,Office Supplies,Binders,Corporate,551.985
2015-12-31,Central,Office Supplies,Art,Corporate,29.68
2015-12-31,Central,Office Supplies,Envelopes,Corporate,49.568
2015-12-31,Central,Technology,Accessories,Corporate,47.53
2015-12-31,East,Furniture,Bookcases,Corporate,1573.488
2015-12-31,East,Furniture,Bookcases,Home Office,341.96
2015-12-31,East,Furniture,Chairs,Home Office,605.88
2015-12-31,East,Furniture,Furnishings,Home Office,63.2
2015-12-31,East,Office Supplies,Labels,Corporate,18.9
2015-12-31,East,Office Supplies,Paper,Home Office,210.57999999999998
2015-12-31,East,Technology,Accessories,Corporate,34.77
2015-12-31,East,Technology,Accessories,Home Office,1801.77
2015-12-31,West,Technology,Phones,Home Office,475.944
2016-01-02,East,Furniture,Bookcases,Corporate,452.45
2016-01-02,East,Office Supplies,Art,Corporate,9.84
2016-01-02,East,Office Supplies,Labels,Corporate,23.68
2016-01-02,East,Office Supplies,Paper,Corporate,20.04
2016-01-02,East,Office Supplies,Storage,Corporate,85.52
2016-01-02,East,Technology,Accessories,Corporate,89.584
2016-01-02,East,Technology,Machines,Corporate,1188.0
2016-01-02,East,Technology,Phones,Corporate,62.982
2016-01-03,Central,Furniture,Bookcases,Consumer,1352.3976
2016-01-03,Central,Office Supplies,Art,Consumer,7.056
2016-01-03,Central,Office Supplies,Paper,Corporate,10.368
2016-01-03,Central,Technology,Accessories,Consumer,398.4
2016-01-04,Central,Office Supplies,Binders,Corporate,32.34
2016-01-04,Central,Office Supplies,Paper,Corporate,39.9
2016-01-04,South,Furniture,Furnishings,Corporate,192.22
2016-01-05,East,Office Supplies,Art,Corporate,59.52
2016-01-05,East,Office Supplies,Binders,Corporate,13.168
2016-01-05,East,Office Supplies,Envelopes,Corporate,17.48
2016-01-05,West,Furniture,Chairs,Home Office,61.584
2016-01-05,West,Office Supplies,Appliances,Home Office,87.36
2016-01-05,West,Office Supplies,Binders,Home Office,56.16
2016-01-06,West,Office Supplies,Binders,Corporate,1.938
2016-01-06,West,Office Supplies,Paper,Corporate,29.6
2016-01-09,South,Office Supplies,Appliances,Consumer,163.44
2016-01-09,South,Office Supplies,Art,Consumer,42.76
2016-01-09,South,Office Supplies,Paper,Consumer,157.87
2016-01-10,East,Furniture,Tables,Consumer,1018.104
2016-01-12,East,Office Supplies,Art,Corporate,10.368
2016-01-12,East,Office Supplies,Storage,Corporate,465.18
2016-01-12,East,Technology,Accessories,Corporate,10.384
2016-01-12,East,Technology,Phones,Corporate,261.56399999999996
2016-01-13,South,Office Supplies,Labels,Corporate,9.82
2016-01-13,West,Furniture,Furnishings,Consumer,542.45
2016-01-13,West,Office Supplies,Binders,Consumer,70.008
2016-01-17,Central,Furniture,Furnishings,Home Office,254.744
2016-01-17,East,Office Supplies,Art,Corporate,6.68
2016-01-17,South,Office Supplies,Supplies,Consumer,88.96
2016-01-19,Central,Furniture,Chairs,Consumer,199.304
2016-01-19,Central,Furniture,Tables,Consumer,102.438
2016-01-23,West,Office Supplies,Labels,Home Office,14.62
2016-01-23,West,Office Supplies,Paper,Home Office,29.04
2016-01-24,South,Office Supplies,Art,Home Office,13.12
2016-01-26,West,Office Supplies,Paper,Corporate,182.72
2016-01-27,East,Furniture,Chairs,Consumer,181.986
2016-01-27,East,Technology,Phones,Consumer,587.346
2016-01-27,West,Furniture,Chairs,Consumer,2803.92
2016-01-28,South,Furniture,Tables,Consumer,4297.644
2016-01-30,Central,Office Supplies,Paper,Consumer,14.304
2016-01-30,West,Furniture,Furnishings,Consumer,227.36
2016-01-30,West,Technology,Machines,Consumer,1919.976
2016-01-31,Central,Furniture,Furnishings,Consumer,53.34
2016-01-31,Central,Office Supplies,Binders,Consumer,32.96
2016-01-31,Central,Office Supplies,Paper,Consumer,12.96
2016-02-03,Central,Furniture,Furnishings,Consumer,28.4
2016-02-03,Central,Technology,Accessories,Consumer,149.97
2016-02-03,East,Furniture,Chairs,Corporate,90.882
2016-02-03,South,Office Supplies,Envelopes,Consumer,74.52
2016-02-03,West,Furniture,Furnishings,Corporate,136.92
2016-02-03,West,Office Supplies,Binders,Corporate,12.144
2016-02-06,Central,Office Supplies,Binders,Consumer,2.934
2016-02-06,Central,Office Supplies,Storage,Consumer,670.752
2016-02-06,Central,Technology,Accessories,Consumer,18.528
2016-02-06,East,Furniture,Bookcases,Consumer,283.92
2016-02-06,East,Furniture,Chairs,Consumer,1268.82
2016-02-06,East,Office Supplies,Art,Consumer,5.68
2016-02-06,South,Office Supplies,Paper,Corporate,29.9
2016-02-06,South,Office Supplies,Storage,Corporate,146.73
2016-02-06,West,Office Supplies,Art,Corporate,5.28
2016-02-07,South,Office Supplies,Envelopes,Corporate,311.15
2016-02-07,South,Office Supplies,Paper,Corporate,12.96
2016-02-08,Central,Office Supplies,Art,Consumer,5.76
2016-02-08,Central,Office Supplies,Fasteners,Consumer,5.81
2016-02-08,Central,Office Supplies,Paper,Consumer,9.54
2016-02-08,East,Technology,Phones,Consumer,107.982
2016-02-09,Central,Furniture,Furnishings,Corporate,40.784
2016-02-09,Central,Office Supplies,Labels,Corporate,40.096
2016-02-09,Central,Technology,Accessories,Consumer,479.952
2016-02-09,Central,Technology,Accessories,Corporate,20.8
2016-02-09,West,Furniture,Chairs,Consumer,203.92
2016-02-10,East,Office Supplies,Storage,Corporate,77.24
2016-02-14,East,Office Supplies,Art,Consumer,14.352
2016-02-14,East,Office Supplies,Binders,Consumer,43.662
2016-02-14,East,Technology,Accessories,Consumer,71.976
2016-02-14,East,Technology,Phones,Consumer,949.972
2016-02-15,Central,Technology,Accessories,Corporate,139.95
2016-02-15,Central,Technology,Phones,Corporate,834.95
2016-02-15,West,Office Supplies,Appliances,Consumer,541.44
2016-02-15,West,Office Supplies,Binders,Consumer,53.239999999999995
2016-02-15,West,Office Supplies,Paper,Consumer,32.8
2016-02-16,East,Office Supplies,Paper,Corporate,35.88
2016-02-16,West,Office Supplies,Labels,Consumer,87.71
2016-02-16,West,Office Supplies,Paper,Consumer,36.84
2016-02-18,West,Furniture,Tables,Consumer,35.544
2016-02-18,West,Office Supplies,Labels,Consumer,61.06
2016-02-18,West,Office Supplies,Labels,Corporate,9.24
2016-02-20,East,Office Supplies,Art,Consumer,286.79
2016-02-20,South,Technology,Accessories,Consumer,29.99
2016-02-21,East,Office Supplies,Binders,Consumer,2541.98
2016-02-21,West,Office Supplies,Paper,Consumer,49.12
2016-02-22,Central,Office Supplies,Art,Home Office,79.36
2016-02-23,East,Office Supplies,Appliances,Home Office,26.88
2016-02-23,East,Office Supplies,Binders,Home Office,10.896
2016-02-25,East,Office Supplies,Labels,Consumer,3.15
2016-02-25,East,Office Supplies,Paper,Consumer,22.72
2016-02-27,East,Furniture,Tables,Corporate,493.92
2016-02-27,East,Office Supplies,Art,Corporate,16.032
2016-02-27,East,Office Supplies,Binders,Corporate,4.419
2016-02-27,East,Technology,Phones,Corporate,105.98
2016-02-27,West,Technology,Accessories,Consumer,538.92
2016-02-28,South,Furniture,Chairs,Consumer,551.264
2016-03-01,Central,Furniture,Bookcases,Corporate,1227.9984
2016-03-01,Central,Office Supplies,Art,Corporate,55.328
2016-03-01,Central,Technology,Phones,Corporate,95.84
2016-03-01,East,Office Supplies,Appliances,Consumer,3.552
2016-03-01,South,Office Supplies,Binders,Consumer,58.72
2016-03-01,West,Furniture,Chairs,Corporate,184.752
2016-03-01,West,Technology,Phones,Corporate,15.984
2016-03-02,Central,Office Supplies,Art,Home Office,10.16
2016-03-02,Central,Office Supplies,Envelopes,Home Office,101.88
2016-03-02,West,Furniture,Tables,Consumer,787.53
2016-03-05,Central,Furniture,Furnishings,Consumer,4.712
2016-03-05,Central,Office Supplies,Appliances,Consumer,241.67
2016-03-05,Central,Office Supplies,Binders,Consumer,11.212
2016-03-05,Central,Office Supplies,Fasteners,Consumer,7.104
2016-03-05,Central,Office Supplies,Storage,Consumer,60.416
2016-03-05,Central,Technology,Phones,Consumer,55.84
2016-03-05,East,Furniture,Chairs,Consumer,383.607
2016-03-05,East,Furniture,Chairs,Corporate,99.372
2016-03-05,East,Furniture,Furnishings,Corporate,33.568
2016-03-05,East,Office Supplies,Binders,Corporate,2.556
2016-03-05,East,Office Supplies,Envelopes,Consumer,29.34
2016-03-05,East,Office Supplies,Storage,Consumer,563.4
2016-03-05,East,Technology,Accessories,Corporate,10.312
2016-03-05,East,Technology,Phones,Corporate,466.158
2016-03-06,West,Furniture,Furnishings,Consumer,435.26
2016-03-06,West,Technology,Copiers,Consumer,1119.984
2016-03-07,East,Office Supplies,Binders,Home Office,99.72
2016-03-07,East,Technology,Accessories,Home Office,119.85
2016-03-07,East,Technology,Phones,Home Office,587.97
2016-03-08,Central,Furniture,Bookcases,Consumer,512.94
2016-03-08,Central,Furniture,Chairs,Consumer,860.93
2016-03-08,Central,Furniture,Furnishings,Consumer,373.08
2016-03-08,Central,Office Supplies,Art,Consumer,14.98
2016-03-08,Central,Office Supplies,Binders,Consumer,8.568
2016-03-08,Central,Technology,Phones,Consumer,769.95
2016-03-08,East,Office Supplies,Paper,Corporate,19.44
2016-03-08,West,Office Supplies,Art,Corporate,3.408
2016-03-09,Central,Technology,Accessories,Corporate,113.52
2016-03-09,Central,Technology,Phones,Corporate,359.88
2016-03-09,South,Office Supplies,Labels,Consumer,4.608
2016-03-10,Central,Office Supplies,Binders,Consumer,1.112
2016-03-10,East,Office Supplies,Storage,Corporate,89.82
2016-03-12,South,Furniture,Furnishings,Corporate,37.288
2016-03-12,South,Office Supplies,Envelopes,Corporate,8.688
2016-03-12,South,Office Supplies,Labels,Consumer,5.04
2016-03-13,West,Furniture,Bookcases,Consumer,141.96
2016-03-13,West,Furniture,Chairs,Home Office,915.136
2016-03-13,West,Furniture,Furnishings,Home Office,327.76
2016-03-14,East,Office Supplies,Binders,Consumer,671.94
2016-03-14,East,Office Supplies,Labels,Consumer,16.52
2016-03-14,West,Office Supplies,Paper,Consumer,19.44
2016-03-15,West,Technology,Phones,Corporate,16.776
2016-03-16,East,Office Supplies,Art,Home Office,17.52
2016-03-16,East,Technology,Phones,Corporate,85.9
2016-03-16,South,Office Supplies,Art,Consumer,11.08
2016-03-16,South,Office Supplies,Binders,Consumer,6354.95
2016-03-16,South,Office Supplies,Envelopes,Consumer,7.38
2016-03-16,South,Office Supplies,Labels,Consumer,491.55
2016-03-16,South,Office Supplies,Storage,Consumer,46.74
2016-03-16,West,Furniture,Furnishings,Corporate,43.13
2016-03-16,West,Furniture,Tables,Consumer,171.96
2016-03-17,East,Office Supplies,Storage,Corporate,33.82
2016-03-17,East,Technology,Accessories,Corporate,15.02
2016-03-19,South,Office Supplies,Paper,Consumer,14.496
2016-03-19,West,Office Supplies,Binders,Consumer,17.568
2016-03-19,West,Office Supplies,Fasteners,Consumer,10.9
2016-03-19,West,Office Supplies,Labels,Consumer,14.62
2016-03-19,West,Office Supplies,Paper,Consumer,40.14
2016-03-19,West,Office Supplies,Paper,Corporate,221.66
2016-03-19,West,Office Supplies,Storage,Corporate,1247.64
2016-03-19,West,Office Supplies,Supplies,Consumer,33.36
2016-03-19,West,Technology,Copiers,Corporate,3149.93
2016-03-19,West,Technology,Phones,Home Office,453.576
2016-03-20,Central,Office Supplies,Binders,Consumer,2.512
2016-03-20,Central,Office Supplies,Fasteners,Consumer,18.864
2016-03-20,Central,Office Supplies,Paper,Corporate,51.84
2016-03-20,West,Office Supplies,Storage,Consumer,29.304
2016-03-21,South,Office Supplies,Appliances,Consumer,962.08
2016-03-21,South,Office Supplies,Binders,Consumer,12.843
2016-03-21,South,Office Supplies,Paper,Consumer,295.456
2016-03-22,Central,Office Supplies,Binders,Consumer,14.112
2016-03-22,Central,Office Supplies,Storage,Consumer,129.568
2016-03-22,Central,Technology,Accessories,Consumer,18.392
2016-03-22,South,Office Supplies,Art,Corporate,19.56
2016-03-22,South,Office Supplies,Storage,Consumer,150.408
2016-03-22,South,Technology,Accessories,Consumer,447.944
2016-03-22,West,Furniture,Furnishings,Corporate,91.96
2016-03-22,West,Office Supplies,Paper,Corporate,105.52
2016-03-22,West,Technology,Phones,Consumer,15.984
2016-03-22,West,Technology,Phones,Corporate,1487.976
2016-03-23,Central,Furniture,Chairs,Consumer,107.772
2016-03-23,South,Office Supplies,Fasteners,Consumer,31.56
2016-03-23,South,Office Supplies,Storage,Consumer,27.92
2016-03-23,West,Office Supplies,Paper,Corporate,226.07999999999998
2016-03-23,West,Technology,Accessories,Corporate,239.97
2016-03-24,Central,Furniture,Bookcases,Home Office,359.058
2016-03-24,South,Office Supplies,Appliances,Corporate,6.992
2016-03-24,West,Furniture,Furnishings,Corporate,46.9
2016-03-26,East,Office Supplies,Paper,Consumer,40.032
2016-03-26,East,Technology,Accessories,Consumer,16.776
2016-03-26,South,Office Supplies,Paper,Corporate,74.352
2016-03-27,West,Office Supplies,Storage,Consumer,83.7
2016-03-28,East,Office Supplies,Envelopes,Consumer,22.92
2016-03-28,East,Office Supplies,Paper,Consumer,20.784
2016-03-28,West,Office Supplies,Paper,Consumer,33.4
2016-03-28,West,Technology,Accessories,Consumer,166.24
2016-03-29,East,Office Supplies,Paper,Consumer,17.64
2016-03-29,South,Furniture,Chairs,Home Office,1166.92
2016-03-29,South,Office Supplies,Art,Consumer,5.56
2016-03-29,West,Furniture,Furnishings,Consumer,19.92
2016-03-29,West,Office Supplies,Appliances,Consumer,73.28
2016-03-29,West,Office Supplies,Paper,Consumer,222.51
2016-03-29,West,Technology,Accessories,Consumer,53.25
2016-03-30,Central,Furniture,Chairs,Home Office,366.744
2016-03-30,Central,Office Supplies,Paper,Corporate,23.52
2016-03-30,Central,Technology,Phones,Corporate,180.96
2016-03-31,Central,Furniture,Furnishings,Corporate,22.38
2016-03-31,Central,Office Supplies,Paper,Corporate,98.376
2016-03-31,South,Technology,Phones,Corporate,79.96
2016-04-02,Central,Office Supplies,Appliances,Consumer,32.192
2016-04-02,Central,Office Supplies,Binders,Corporate,9.156
2016-04-02,Central,Technology,Accessories,Consumer,98.096
2016-04-02,West,Technology,Machines,Consumer,71.976
2016-04-02,West,Technology,Phones,Consumer,87.8
2016-04-04,Central,Office Supplies,Appliances,Consumer,644.076
2016-04-04,Central,Office Supplies,Binders,Consumer,12.76
2016-04-04,Central,Office Supplies,Fasteners,Consumer,5.84
2016-04-04,Central,Technology,Copiers,Consumer,599.98
2016-04-04,Central,Technology,Phones,Consumer,10.95
2016-04-04,East,Furniture,Furnishings,Home Office,108.4
2016-04-04,East,Office Supplies,Art,Home Office,11.16
2016-04-04,East,Office Supplies,Binders,Home Office,91.43199999999999
2016-04-05,East,Furniture,Bookcases,Home Office,352.45
2016-04-05,East,Furniture,Furnishings,Home Office,554.7199999999999
2016-04-05,East,Office Supplies,Appliances,Home Office,98.112
2016-04-05,East,Office Supplies,Binders,Home Office,10.428
2016-04-05,East,Office Supplies,Labels,Consumer,23.904
2016-04-05,East,Office Supplies,Storage,Home Office,563.808
2016-04-05,East,Technology,Phones,Home Office,56.838
2016-04-05,South,Office Supplies,Binders,Corporate,157.794
2016-04-05,West,Furniture,Chairs,Corporate,892.224
2016-04-05,West,Office Supplies,Art,Consumer,23.84
2016-04-05,West,Technology,Accessories,Consumer,239.94
2016-04-06,Central,Office Supplies,Art,Consumer,42.048
2016-04-06,Central,Office Supplies,Binders,Consumer,16.548000000000002
2016-04-06,Central,Office Supplies,Paper,Consumer,7.968
2016-04-06,Central,Technology,Accessories,Consumer,25.488
2016-04-06,South,Office Supplies,Paper,Consumer,47.952
2016-04-07,Central,Office Supplies,Appliances,Consumer,463.248
2016-04-07,Central,Technology,Accessories,Consumer,383.952
2016-04-07,East,Office Supplies,Art,Home Office,11.736
2016-04-07,East,Office Supplies,Paper,Consumer,25.92
2016-04-07,East,Office Supplies,Storage,Consumer,22.58
2016-04-09,East,Office Supplies,Appliances,Consumer,370.14
2016-04-09,East,Office Supplies,Storage,Consumer,17.94
2016-04-09,West,Furniture,Tables,Consumer,369.912
2016-04-10,East,Office Supplies,Art,Home Office,14.67
2016-04-10,East,Office Supplies,Storage,Home Office,142.04
2016-04-10,West,Office Supplies,Binders,Corporate,12.832
2016-04-11,East,Office Supplies,Appliances,Consumer,406.6
2016-04-11,East,Technology,Accessories,Consumer,85.14
2016-04-11,East,Technology,Phones,Consumer,21.99
2016-04-11,South,Furniture,Furnishings,Consumer,121.888
2016-04-11,West,Office Supplies,Paper,Consumer,52.76
2016-04-11,West,Technology,Copiers,Consumer,639.968
2016-04-13,Central,Furniture,Tables,Consumer,821.3520000000001
2016-04-13,Central,Office Supplies,Binders,Consumer,17.43
2016-04-13,Central,Technology,Phones,Consumer,239.976
2016-04-13,West,Furniture,Furnishings,Corporate,37.68
2016-04-13,West,Furniture,Tables,Consumer,952.4
2016-04-13,West,Office Supplies,Appliances,Corporate,75.84
2016-04-13,West,Office Supplies,Paper,Home Office,85.92
2016-04-13,West,Office Supplies,Storage,Consumer,10.744
2016-04-13,West,Office Supplies,Supplies,Consumer,12.88
2016-04-13,West,Technology,Accessories,Consumer,199.96
2016-04-13,West,Technology,Phones,Consumer,479.92
2016-04-13,West,Technology,Phones,Corporate,258.576
2016-04-14,West,Office Supplies,Appliances,Consumer,35.208
2016-04-16,Central,Technology,Accessories,Consumer,43.56
2016-04-16,Central,Technology,Copiers,Consumer,1439.968
2016-04-16,East,Furniture,Chairs,Corporate,127.764
2016-04-16,East,Office Supplies,Appliances,Corporate,45.216
2016-04-16,East,Office Supplies,Art,Corporate,7.872
2016-04-16,East,Office Supplies,Binders,Corporate,55.47
2016-04-16,East,Office Supplies,Fasteners,Corporate,24.44
2016-04-16,East,Technology,Phones,Corporate,118.782
2016-04-16,South,Furniture,Bookcases,Consumer,523.26
2016-04-16,South,Furniture,Furnishings,Consumer,1196.86
2016-04-16,South,Office Supplies,Binders,Consumer,9.14
2016-04-16,South,Technology,Phones,Consumer,569.64
2016-04-17,East,Office Supplies,Art,Consumer,10.71
2016-04-17,East,Office Supplies,Binders,Consumer,62.296
2016-04-17,East,Technology,Accessories,Consumer,99.6
2016-04-17,West,Office Supplies,Appliances,Consumer,1447.65
2016-04-17,West,Office Supplies,Art,Consumer,5.56
2016-04-17,West,Office Supplies,Paper,Consumer,11.96
2016-04-17,West,Technology,Accessories,Consumer,323.37
2016-04-17,West,Technology,Phones,Consumer,783.96
2016-04-18,Central,Furniture,Chairs,Consumer,89.99
2016-04-18,Central,Furniture,Chairs,Corporate,56.686
2016-04-18,Central,Furniture,Furnishings,Consumer,6.16
2016-04-18,Central,Office Supplies,Art,Corporate,82.224
2016-04-18,Central,Office Supplies,Binders,Consumer,38.22
2016-04-18,Central,Office Supplies,Binders,Corporate,5.788
2016-04-18,Central,Office Supplies,Labels,Consumer,75.18
2016-04-18,Central,Office Supplies,Paper,Corporate,15.552
2016-04-18,Central,Technology,Accessories,Corporate,41.424
2016-04-18,Central,Technology,Phones,Corporate,342.736
2016-04-18,East,Office Supplies,Labels,Consumer,21.93
2016-04-18,South,Technology,Accessories,Consumer,106.5
2016-04-18,West,Office Supplies,Paper,Home Office,61.96
2016-04-18,West,Office Supplies,Storage,Consumer,115.44
2016-04-18,West,Office Supplies,Storage,Home Office,947.17
2016-04-19,Central,Office Supplies,Appliances,Consumer,19.568
2016-04-19,Central,Office Supplies,Binders,Consumer,310.392
2016-04-20,Central,Office Supplies,Envelopes,Consumer,180.96
2016-04-20,Central,Office Supplies,Paper,Consumer,117.456
2016-04-20,South,Furniture,Furnishings,Corporate,595.38
2016-04-20,South,Office Supplies,Paper,Corporate,12.96
2016-04-20,South,Technology,Phones,Corporate,287.97
2016-04-21,South,Furniture,Chairs,Consumer,191.96
2016-04-21,South,Furniture,Furnishings,Consumer,209.88
2016-04-21,South,Office Supplies,Binders,Consumer,21.3
2016-04-21,South,Technology,Phones,Consumer,469.95
2016-04-22,West,Office Supplies,Art,Consumer,64.14
2016-04-22,West,Technology,Phones,Consumer,88.776
2016-04-24,East,Office Supplies,Art,Home Office,25.99
2016-04-25,Central,Furniture,Chairs,Consumer,128.058
2016-04-25,Central,Office Supplies,Appliances,Consumer,272.4
2016-04-25,Central,Office Supplies,Art,Consumer,57.75
2016-04-25,Central,Office Supplies,Storage,Consumer,221.024
2016-04-25,East,Office Supplies,Appliances,Consumer,206.43
2016-04-25,West,Office Supplies,Binders,Corporate,13.944
2016-04-25,West,Office Supplies,Envelopes,Corporate,21.34
2016-04-26,Central,Furniture,Chairs,Consumer,408.422
2016-04-26,South,Furniture,Chairs,Consumer,831.936
2016-04-26,South,Furniture,Furnishings,Consumer,97.04
2016-04-26,South,Furniture,Tables,Consumer,191.5155
2016-04-26,South,Office Supplies,Art,Consumer,2.624
2016-04-26,South,Office Supplies,Storage,Consumer,72.784
2016-04-26,West,Furniture,Chairs,Corporate,63.936
2016-04-26,West,Office Supplies,Art,Corporate,59.52
2016-04-26,West,Office Supplies,Binders,Corporate,50.352
2016-04-26,West,Technology,Phones,Corporate,311.976
2016-04-27,East,Furniture,Chairs,Consumer,1267.53
2016-04-27,East,Office Supplies,Art,Consumer,22.74
2016-04-27,East,Technology,Machines,Consumer,1379.92
2016-04-27,West,Office Supplies,Appliances,Home Office,43.56
2016-04-27,West,Office Supplies,Supplies,Home Office,5.84
2016-04-28,Central,Office Supplies,Appliances,Consumer,8.652
2016-04-28,Central,Office Supplies,Appliances,Home Office,186.732
2016-04-28,Central,Office Supplies,Binders,Consumer,12.176
2016-04-28,Central,Office Supplies,Binders,Home Office,3812.97
2016-04-28,Central,Office Supplies,Storage,Consumer,23.832
2016-04-29,East,Office Supplies,Paper,Home Office,7.968
2016-04-30,Central,Furniture,Chairs,Home Office,213.115
2016-04-30,East,Furniture,Furnishings,Corporate,65.18
2016-04-30,East,Office Supplies,Paper,Corporate,6.48
2016-04-30,East,Technology,Phones,Consumer,1022.97
2016-04-30,East,Technology,Phones,Corporate,209.5
2016-04-30,West,Office Supplies,Art,Corporate,34.65
2016-04-30,West,Technology,Phones,Corporate,19.8
2016-05-01,South,Furniture,Furnishings,Corporate,63.552
2016-05-01,South,Office Supplies,Art,Corporate,172.704
2016-05-01,South,Office Supplies,Supplies,Corporate,41.376
2016-05-01,West,Office Supplies,Binders,Consumer,12.176
2016-05-01,West,Office Supplies,Storage,Consumer,37.32
2016-05-01,West,Office Supplies,Supplies,Consumer,35.06
2016-05-01,West,Technology,Phones,Corporate,88.752
2016-05-02,Central,Office Supplies,Labels,Corporate,8.856
2016-05-02,Central,Technology,Phones,Corporate,158.376
2016-05-03,East,Furniture,Chairs,Consumer,844.116
2016-05-03,East,Office Supplies,Appliances,Consumer,41.896
2016-05-03,East,Office Supplies,Art,Consumer,59.904
2016-05-03,East,Office Supplies,Paper,Consumer,7.968
2016-05-03,East,Office Supplies,Storage,Consumer,76.752
2016-05-03,East,Technology,Accessories,Consumer,27.552
2016-05-03,West,Furniture,Furnishings,Home Office,665.88
2016-05-03,West,Office Supplies,Art,Consumer,8.82
2016-05-03,West,Office Supplies,Binders,Consumer,112.064
2016-05-03,West,Office Supplies,Binders,Home Office,13.848
2016-05-03,West,Technology,Accessories,Consumer,339.96
2016-05-04,Central,Furniture,Furnishings,Corporate,22.288
2016-05-04,Central,Office Supplies,Art,Corporate,125.93
2016-05-04,Central,Technology,Phones,Corporate,946.344
2016-05-04,East,Furniture,Furnishings,Corporate,26.8
2016-05-07,Central,Furniture,Tables,Consumer,244.006
2016-05-07,Central,Office Supplies,Paper,Consumer,15.936
2016-05-07,South,Office Supplies,Paper,Consumer,45.68
2016-05-08,Central,Furniture,Furnishings,Consumer,123.96
2016-05-08,Central,Office Supplies,Binders,Consumer,43.98
2016-05-08,Central,Technology,Phones,Consumer,377.97
2016-05-08,East,Furniture,Chairs,Consumer,127.764
2016-05-08,East,Furniture,Furnishings,Consumer,79.44
2016-05-08,East,Furniture,Furnishings,Corporate,8.352
2016-05-08,East,Office Supplies,Paper,Consumer,19.44
2016-05-08,East,Office Supplies,Paper,Home Office,37.94
2016-05-08,East,Office Supplies,Supplies,Consumer,357.93
2016-05-08,East,Technology,Copiers,Consumer,2799.944
2016-05-08,West,Office Supplies,Art,Consumer,5.248
2016-05-09,South,Office Supplies,Binders,Consumer,48.81
2016-05-10,Central,Office Supplies,Appliances,Home Office,70.97
2016-05-10,Central,Office Supplies,Art,Home Office,36.784
2016-05-10,West,Technology,Accessories,Consumer,46.688
2016-05-11,West,Furniture,Chairs,Home Office,191.968
2016-05-12,Central,Furniture,Furnishings,Consumer,21.968
2016-05-12,Central,Office Supplies,Paper,Consumer,127.904
2016-05-12,Central,Technology,Phones,Consumer,619.152
2016-05-12,East,Office Supplies,Storage,Consumer,36.63
2016-05-12,West,Office Supplies,Binders,Consumer,14.592
2016-05-12,West,Office Supplies,Paper,Consumer,38.519999999999996
2016-05-12,West,Technology,Phones,Consumer,201.584
2016-05-13,Central,Office Supplies,Fasteners,Home Office,16.0
2016-05-13,Central,Technology,Phones,Home Office,222.384
2016-05-14,East,Office Supplies,Art,Home Office,200.968
2016-05-14,East,Office Supplies,Binders,Home Office,23.484
2016-05-14,East,Office Supplies,Envelopes,Home Office,200.984
2016-05-14,East,Office Supplies,Labels,Home Office,145.05599999999998
2016-05-14,West,Furniture,Bookcases,Corporate,509.9575
2016-05-14,West,Furniture,Chairs,Corporate,819.92
2016-05-14,West,Furniture,Furnishings,Corporate,122.91
2016-05-14,West,Office Supplies,Storage,Consumer,1117.92
2016-05-15,East,Office Supplies,Storage,Corporate,51.968
2016-05-15,South,Office Supplies,Envelopes,Corporate,17.94
2016-05-16,South,Technology,Accessories,Home Office,255.968
2016-05-17,Central,Office Supplies,Binders,Corporate,33.28
2016-05-17,Central,Office Supplies,Paper,Corporate,14.088
2016-05-18,West,Office Supplies,Paper,Corporate,10.86
2016-05-20,South,Furniture,Furnishings,Consumer,163.136
2016-05-20,South,Office Supplies,Binders,Consumer,6.408
2016-05-21,Central,Office Supplies,Appliances,Consumer,20.768
2016-05-21,East,Office Supplies,Binders,Corporate,24.588
2016-05-21,West,Office Supplies,Binders,Corporate,26.976
2016-05-22,West,Office Supplies,Labels,Consumer,8.26
2016-05-22,West,Office Supplies,Storage,Consumer,104.79
2016-05-22,West,Technology,Machines,Consumer,2973.32
2016-05-22,West,Technology,Phones,Consumer,775.728
2016-05-23,Central,Furniture,Furnishings,Home Office,75.33
2016-05-23,Central,Office Supplies,Appliances,Home Office,850.5
2016-05-23,East,Office Supplies,Storage,Corporate,51.45
2016-05-23,South,Office Supplies,Envelopes,Corporate,186.69
2016-05-23,West,Office Supplies,Appliances,Consumer,121.792
2016-05-23,West,Office Supplies,Binders,Consumer,19.194
2016-05-24,Central,Furniture,Chairs,Consumer,602.651
2016-05-24,Central,Office Supplies,Binders,Consumer,7.656
2016-05-25,Central,Office Supplies,Art,Home Office,21.24
2016-05-25,Central,Office Supplies,Binders,Home Office,127.96
2016-05-25,Central,Office Supplies,Paper,Corporate,32.368
2016-05-25,Central,Office Supplies,Supplies,Corporate,22.368
2016-05-25,Central,Technology,Accessories,Corporate,207.984
2016-05-25,South,Technology,Phones,Corporate,467.04
2016-05-25,West,Furniture,Furnishings,Home Office,14.73
2016-05-25,West,Office Supplies,Appliances,Consumer,845.728
2016-05-26,Central,Furniture,Chairs,Consumer,210.616
2016-05-26,Central,Technology,Machines,Consumer,399.54
2016-05-26,South,Office Supplies,Envelopes,Home Office,12.224
2016-05-26,South,Office Supplies,Paper,Home Office,172.0
2016-05-26,South,Technology,Accessories,Home Office,167.944
2016-05-26,West,Furniture,Furnishings,Consumer,20.24
2016-05-28,East,Office Supplies,Art,Consumer,47.82
2016-05-28,East,Office Supplies,Binders,Consumer,6.096
2016-05-28,East,Office Supplies,Labels,Consumer,13.05
2016-05-28,East,Office Supplies,Paper,Consumer,45.36
2016-05-28,East,Office Supplies,Storage,Consumer,629.1999999999999
2016-05-28,East,Technology,Phones,Consumer,45.99
2016-05-28,West,Office Supplies,Art,Home Office,6.63
2016-05-29,Central,Office Supplies,Labels,Consumer,12.39
2016-05-29,East,Furniture,Chairs,Corporate,317.058
2016-05-29,East,Furniture,Furnishings,Corporate,41.568
2016-05-29,East,Office Supplies,Fasteners,Corporate,8.04
2016-05-29,West,Office Supplies,Binders,Consumer,167.76
2016-05-29,West,Office Supplies,Paper,Consumer,32.4
2016-05-29,West,Office Supplies,Storage,Consumer,540.57
2016-05-30,East,Office Supplies,Appliances,Consumer,160.32
2016-05-30,East,Technology,Phones,Consumer,368.82
2016-05-30,South,Technology,Accessories,Home Office,151.96
2016-05-31,Central,Furniture,Chairs,Consumer,2567.84
2016-05-31,Central,Furniture,Furnishings,Corporate,51.56
2016-05-31,Central,Office Supplies,Binders,Corporate,3.564
2016-05-31,Central,Office Supplies,Labels,Corporate,5.904
2016-05-31,Central,Office Supplies,Paper,Corporate,173.488
2016-05-31,East,Furniture,Furnishings,Corporate,8.28
2016-05-31,East,Furniture,Furnishings,Home Office,22.2
2016-05-31,East,Office Supplies,Fasteners,Home Office,7.56
2016-05-31,East,Office Supplies,Paper,Corporate,274.8
2016-05-31,East,Office Supplies,Storage,Corporate,62.18
2016-05-31,South,Office Supplies,Art,Consumer,10.272
2016-05-31,West,Furniture,Bookcases,Consumer,1406.86
2016-05-31,West,Office Supplies,Labels,Consumer,15.75
2016-05-31,West,Office Supplies,Paper,Corporate,163.9
2016-05-31,West,Office Supplies,Storage,Consumer,323.1
2016-05-31,West,Office Supplies,Storage,Corporate,80.88
2016-06-01,Central,Office Supplies,Binders,Consumer,403.68
2016-06-01,Central,Office Supplies,Binders,Corporate,5.728
2016-06-01,Central,Office Supplies,Labels,Consumer,28.91
2016-06-01,Central,Office Supplies,Paper,Corporate,42.24
2016-06-01,Central,Technology,Phones,Consumer,341.88
2016-06-01,West,Office Supplies,Paper,Home Office,11.76
2016-06-04,East,Furniture,Furnishings,Home Office,35.28
2016-06-04,East,Office Supplies,Paper,Home Office,30.44
2016-06-04,West,Office Supplies,Art,Consumer,9.26
2016-06-04,West,Office Supplies,Labels,Consumer,7.38
2016-06-04,West,Technology,Accessories,Consumer,1109.95
2016-06-05,Central,Office Supplies,Paper,Corporate,10.56
2016-06-05,East,Furniture,Chairs,Corporate,1522.638
2016-06-07,East,Office Supplies,Art,Home Office,8.016
2016-06-07,East,Office Supplies,Binders,Home Office,18.312
2016-06-07,East,Office Supplies,Paper,Home Office,25.92
2016-06-07,West,Office Supplies,Binders,Corporate,7.52
2016-06-08,Central,Office Supplies,Appliances,Consumer,143.128
2016-06-08,Central,Technology,Accessories,Consumer,2.376
2016-06-09,Central,Office Supplies,Paper,Consumer,12.96
2016-06-09,South,Office Supplies,Binders,Consumer,102.72
2016-06-09,South,Office Supplies,Binders,Home Office,113.1
2016-06-09,South,Technology,Accessories,Consumer,72.6
2016-06-09,West,Furniture,Furnishings,Consumer,355.36
2016-06-09,West,Technology,Phones,Consumer,140.376
2016-06-11,South,Furniture,Chairs,Corporate,1123.92
2016-06-11,South,Furniture,Furnishings,Consumer,29.16
2016-06-11,South,Furniture,Furnishings,Corporate,48.672
2016-06-11,South,Office Supplies,Art,Consumer,56.3
2016-06-11,South,Office Supplies,Art,Corporate,60.768
2016-06-11,South,Office Supplies,Binders,Consumer,36.26
2016-06-11,South,Office Supplies,Binders,Corporate,82.368
2016-06-11,South,Office Supplies,Paper,Consumer,32.4
2016-06-11,South,Office Supplies,Storage,Corporate,1600.432
2016-06-11,South,Technology,Accessories,Consumer,53.7
2016-06-11,South,Technology,Phones,Corporate,249.584
2016-06-12,Central,Office Supplies,Storage,Home Office,24.56
2016-06-12,East,Furniture,Furnishings,Consumer,43.296
2016-06-12,East,Office Supplies,Paper,Consumer,20.736
2016-06-12,East,Office Supplies,Storage,Consumer,29.9
2016-06-12,South,Technology,Phones,Consumer,55.984
2016-06-13,East,Office Supplies,Art,Home Office,3.424
2016-06-13,East,Office Supplies,Binders,Home Office,38.1
2016-06-13,East,Technology,Accessories,Home Office,67.98
2016-06-13,South,Office Supplies,Art,Corporate,24.78
2016-06-13,South,Office Supplies,Binders,Corporate,19.14
2016-06-13,South,Office Supplies,Paper,Corporate,38.879999999999995
2016-06-13,South,Technology,Copiers,Corporate,899.97
2016-06-13,West,Office Supplies,Binders,Consumer,36.624
2016-06-14,East,Furniture,Furnishings,Home Office,51.072
2016-06-15,South,Technology,Accessories,Consumer,11.672
2016-06-15,West,Furniture,Furnishings,Consumer,404.96000000000004
2016-06-15,West,Office Supplies,Paper,Consumer,9.568
2016-06-15,West,Office Supplies,Storage,Consumer,82.368
2016-06-15,West,Technology,Phones,Corporate,225.576
2016-06-16,Central,Furniture,Chairs,Consumer,197.372
2016-06-16,Central,Office Supplies,Envelopes,Consumer,28.752
2016-06-16,Central,Office Supplies,Paper,Consumer,27.216
2016-06-16,East,Office Supplies,Binders,Consumer,3050.376
2016-06-16,East,Office Supplies,Envelopes,Consumer,6.208
2016-06-16,East,Technology,Phones,Consumer,133.98
2016-06-18,South,Furniture,Chairs,Corporate,643.136
2016-06-18,South,Furniture,Furnishings,Consumer,60.84
2016-06-18,South,Office Supplies,Art,Corporate,13.632
2016-06-18,South,Office Supplies,Binders,Consumer,67.62
2016-06-18,South,Office Supplies,Binders,Corporate,6.129
2016-06-18,South,Office Supplies,Paper,Corporate,20.736
2016-06-18,South,Office Supplies,Storage,Consumer,450.04
2016-06-18,South,Technology,Phones,Consumer,467.97
2016-06-18,West,Furniture,Furnishings,Home Office,75.36
2016-06-18,West,Office Supplies,Art,Consumer,51.98
2016-06-18,West,Office Supplies,Binders,Home Office,13.692
2016-06-18,West,Office Supplies,Paper,Home Office,11.952
2016-06-19,Central,Office Supplies,Binders,Home Office,5.792
2016-06-19,Central,Office Supplies,Storage,Home Office,228.92
2016-06-19,East,Office Supplies,Labels,Home Office,5.904
2016-06-19,West,Furniture,Furnishings,Consumer,12.56
2016-06-19,West,Office Supplies,Envelopes,Consumer,186.69
2016-06-19,West,Office Supplies,Paper,Consumer,6.48
2016-06-20,East,Technology,Accessories,Home Office,319.984
2016-06-20,West,Furniture,Furnishings,Corporate,257.64
2016-06-20,West,Technology,Phones,Consumer,125.944
2016-06-20,West,Technology,Phones,Corporate,125.976
2016-06-21,South,Technology,Phones,Consumer,107.976
2016-06-22,Central,Furniture,Tables,Home Office,796.425
2016-06-22,East,Office Supplies,Binders,Consumer,1217.568
2016-06-22,West,Office Supplies,Fasteners,Consumer,4.96
2016-06-23,South,Furniture,Furnishings,Corporate,27.42
2016-06-23,South,Office Supplies,Binders,Corporate,165.98
2016-06-23,South,Technology,Accessories,Corporate,75.0
2016-06-23,West,Office Supplies,Fasteners,Consumer,5.43
2016-06-23,West,Technology,Phones,Consumer,563.128
2016-06-25,Central,Furniture,Furnishings,Consumer,75.384
2016-06-25,Central,Office Supplies,Binders,Consumer,0.984
2016-06-25,Central,Office Supplies,Labels,Consumer,4.608
2016-06-25,Central,Office Supplies,Paper,Consumer,47.952
2016-06-25,East,Office Supplies,Paper,Home Office,31.104
2016-06-25,East,Office Supplies,Storage,Home Office,78.256
2016-06-25,West,Furniture,Furnishings,Consumer,204.85
2016-06-25,West,Office Supplies,Art,Consumer,20.96
2016-06-25,West,Office Supplies,Binders,Consumer,88.752
2016-06-25,West,Office Supplies,Storage,Consumer,304.23
2016-06-26,Central,Technology,Accessories,Corporate,41.9
2016-06-26,Central,Technology,Phones,Consumer,971.88
2016-06-26,East,Office Supplies,Paper,Home Office,43.056
2016-06-26,South,Furniture,Chairs,Consumer,332.94
2016-06-26,South,Office Supplies,Binders,Consumer,187.0
2016-06-26,South,Office Supplies,Storage,Consumer,15.42
2016-06-28,East,Furniture,Bookcases,Corporate,482.94
2016-06-28,East,Office Supplies,Paper,Corporate,15.552
2016-06-28,West,Furniture,Furnishings,Corporate,621.76
2016-06-28,West,Office Supplies,Labels,Corporate,5.904
2016-06-29,Central,Technology,Phones,Home Office,269.98
2016-06-29,East,Furniture,Chairs,Consumer,117.882
2016-06-29,East,Furniture,Furnishings,Consumer,20.104
2016-06-29,East,Office Supplies,Paper,Consumer,24.96
2016-07-02,Central,Furniture,Chairs,Consumer,790.538
2016-07-02,Central,Office Supplies,Appliances,Consumer,32.784
2016-07-02,Central,Office Supplies,Paper,Consumer,11.168
2016-07-02,Central,Office Supplies,Storage,Consumer,504.10400000000004
2016-07-02,East,Office Supplies,Paper,Home Office,19.44
2016-07-02,South,Furniture,Furnishings,Corporate,159.84
2016-07-02,South,Office Supplies,Binders,Corporate,2.892
2016-07-02,South,Office Supplies,Paper,Consumer,27.503999999999998
2016-07-02,South,Office Supplies,Paper,Corporate,9.392
2016-07-02,South,Technology,Phones,Corporate,74.24
2016-07-03,East,Furniture,Furnishings,Corporate,451.352
2016-07-03,East,Office Supplies,Paper,Corporate,6.72
2016-07-03,South,Furniture,Chairs,Consumer,70.98
2016-07-03,South,Office Supplies,Labels,Consumer,294.93
2016-07-04,Central,Technology,Phones,Consumer,1099.96
2016-07-04,East,Office Supplies,Art,Home Office,15.48
2016-07-04,West,Office Supplies,Binders,Home Office,22.848
2016-07-05,Central,Office Supplies,Binders,Home Office,19.0
2016-07-05,East,Office Supplies,Storage,Consumer,38.976
2016-07-05,East,Technology,Accessories,Consumer,34.8
2016-07-05,South,Furniture,Furnishings,Corporate,9.856
2016-07-05,South,Office Supplies,Binders,Corporate,7.23
2016-07-05,South,Office Supplies,Labels,Corporate,11.784
2016-07-06,East,Furniture,Bookcases,Home Office,301.96
2016-07-06,East,Furniture,Furnishings,Corporate,169.78
2016-07-06,East,Office Supplies,Art,Corporate,11.12
2016-07-06,East,Office Supplies,Storage,Corporate,601.65
2016-07-06,East,Technology,Phones,Corporate,124.95
2016-07-06,West,Furniture,Chairs,Consumer,170.352
2016-07-08,Central,Office Supplies,Paper,Consumer,21.12
2016-07-09,Central,Office Supplies,Appliances,Corporate,48.632
2016-07-09,East,Furniture,Furnishings,Consumer,181.96
2016-07-09,East,Office Supplies,Art,Consumer,79.36
2016-07-09,East,Office Supplies,Binders,Consumer,281.13
2016-07-09,East,Office Supplies,Binders,Corporate,122.94
2016-07-09,East,Office Supplies,Fasteners,Consumer,15.8
2016-07-09,East,Office Supplies,Labels,Consumer,12.39
2016-07-09,East,Office Supplies,Paper,Corporate,6.58
2016-07-09,East,Office Supplies,Storage,Consumer,98.21
2016-07-09,East,Technology,Machines,Consumer,464.97
2016-07-09,East,Technology,Phones,Consumer,269.982
2016-07-09,South,Office Supplies,Art,Consumer,5.16
2016-07-10,West,Office Supplies,Binders,Consumer,43.286
2016-07-11,East,Furniture,Chairs,Consumer,341.488
2016-07-11,East,Furniture,Furnishings,Consumer,315.144
2016-07-11,East,Furniture,Tables,Corporate,199.836
2016-07-11,East,Office Supplies,Art,Consumer,11.12
2016-07-11,East,Office Supplies,Binders,Consumer,8.982
2016-07-11,East,Office Supplies,Binders,Corporate,221.06
2016-07-11,East,Technology,Phones,Corporate,716.0
2016-07-11,West,Office Supplies,Binders,Consumer,98.352
2016-07-11,West,Office Supplies,Paper,Consumer,29.97
2016-07-12,Central,Furniture,Chairs,Consumer,383.607
2016-07-12,Central,Furniture,Furnishings,Consumer,7.76
2016-07-12,Central,Office Supplies,Art,Consumer,6.912
2016-07-12,Central,Office Supplies,Binders,Consumer,1.928
2016-07-12,Central,Technology,Phones,Consumer,1652.3600000000001
2016-07-13,Central,Office Supplies,Binders,Home Office,41.568
2016-07-13,East,Furniture,Chairs,Consumer,1931.04
2016-07-13,East,Office Supplies,Binders,Consumer,11.808
2016-07-13,East,Office Supplies,Paper,Consumer,9.96
2016-07-13,South,Office Supplies,Paper,Corporate,38.88
2016-07-14,West,Furniture,Bookcases,Consumer,127.764
2016-07-14,West,Furniture,Chairs,Consumer,441.92
2016-07-14,West,Office Supplies,Paper,Consumer,18.496
2016-07-14,West,Office Supplies,Storage,Consumer,272.736
2016-07-16,East,Furniture,Chairs,Home Office,150.98
2016-07-16,East,Office Supplies,Envelopes,Home Office,137.25
2016-07-16,East,Office Supplies,Fasteners,Home Office,11.52
2016-07-16,East,Office Supplies,Paper,Corporate,80.88
2016-07-16,East,Technology,Accessories,Corporate,599.9
2016-07-16,West,Furniture,Chairs,Corporate,2048.8559999999998
2016-07-17,Central,Office Supplies,Fasteners,Corporate,14.432
2016-07-17,Central,Office Supplies,Labels,Corporate,6.264
2016-07-17,South,Furniture,Bookcases,Corporate,231.92
2016-07-17,West,Furniture,Bookcases,Consumer,195.466
2016-07-18,East,Office Supplies,Art,Corporate,5.76
2016-07-18,West,Technology,Accessories,Consumer,519.96
2016-07-19,West,Office Supplies,Binders,Consumer,2.025
2016-07-20,Central,Furniture,Bookcases,Consumer,1298.374
2016-07-20,Central,Office Supplies,Binders,Consumer,2.88
2016-07-20,Central,Office Supplies,Envelopes,Consumer,106.75
2016-07-20,Central,Office Supplies,Paper,Consumer,124.22
2016-07-20,Central,Office Supplies,Storage,Consumer,176.16
2016-07-20,Central,Technology,Accessories,Consumer,831.2
2016-07-20,Central,Technology,Phones,Consumer,153.584
2016-07-23,East,Furniture,Furnishings,Home Office,128.82
2016-07-23,East,Office Supplies,Appliances,Home Office,68.94
2016-07-23,East,Office Supplies,Binders,Consumer,10.512
2016-07-24,South,Furniture,Furnishings,Home Office,20.94
2016-07-24,South,Office Supplies,Binders,Home Office,225.15
2016-07-24,South,Technology,Accessories,Home Office,279.86
2016-07-25,East,Office Supplies,Binders,Home Office,25.176
2016-07-25,South,Furniture,Tables,Corporate,358.58
2016-07-25,South,Office Supplies,Envelopes,Corporate,98.46
2016-07-25,West,Furniture,Bookcases,Consumer,704.9
2016-07-25,West,Furniture,Chairs,Consumer,561.568
2016-07-25,West,Office Supplies,Fasteners,Consumer,9.42
2016-07-25,West,Office Supplies,Paper,Consumer,12.96
2016-07-25,West,Technology,Phones,Consumer,623.96
2016-07-26,West,Furniture,Chairs,Corporate,266.352
2016-07-26,West,Furniture,Tables,Consumer,393.165
2016-07-26,West,Office Supplies,Art,Corporate,99.2
2016-07-26,West,Office Supplies,Binders,Corporate,32.28
2016-07-26,West,Office Supplies,Envelopes,Consumer,167.86
2016-07-27,South,Technology,Phones,Consumer,29.97
2016-07-30,Central,Furniture,Chairs,Home Office,155.88
2016-07-30,Central,Office Supplies,Storage,Corporate,61.792
2016-07-30,West,Furniture,Furnishings,Consumer,5.28
2016-07-30,West,Office Supplies,Binders,Consumer,10.92
2016-07-30,West,Technology,Accessories,Consumer,209.93
2016-07-31,Central,Office Supplies,Supplies,Corporate,52.59
2016-07-31,East,Furniture,Tables,Consumer,1090.782
2016-07-31,East,Office Supplies,Paper,Consumer,19.44
2016-07-31,East,Technology,Accessories,Consumer,2309.65
2016-07-31,South,Technology,Accessories,Corporate,239.7
2016-08-01,West,Furniture,Tables,Home Office,1004.976
2016-08-01,West,Office Supplies,Art,Home Office,6.72
2016-08-02,East,Furniture,Chairs,Home Office,110.98
2016-08-02,East,Office Supplies,Paper,Home Office,8.4
2016-08-02,East,Technology,Accessories,Home Office,199.98
2016-08-02,East,Technology,Phones,Home Office,128.85
2016-08-02,West,Furniture,Tables,Consumer,277.5
2016-08-02,West,Office Supplies,Binders,Consumer,6.368
2016-08-02,West,Technology,Machines,Consumer,558.4
2016-08-05,Central,Furniture,Furnishings,Corporate,14.76
2016-08-05,Central,Office Supplies,Binders,Corporate,1.362
2016-08-05,Central,Office Supplies,Storage,Corporate,33.488
2016-08-05,Central,Office Supplies,Supplies,Corporate,23.04
2016-08-06,Central,Furniture,Bookcases,Corporate,369.1992
2016-08-06,Central,Office Supplies,Binders,Corporate,6.23
2016-08-06,Central,Office Supplies,Labels,Corporate,35.52
2016-08-06,Central,Office Supplies,Paper,Corporate,83.92
2016-08-07,Central,Furniture,Furnishings,Consumer,212.94
2016-08-07,Central,Office Supplies,Binders,Consumer,28.4
2016-08-07,East,Office Supplies,Appliances,Corporate,77.58
2016-08-07,East,Office Supplies,Art,Consumer,106.8
2016-08-07,South,Office Supplies,Labels,Corporate,25.06
2016-08-07,South,Technology,Phones,Corporate,494.97
2016-08-07,West,Office Supplies,Binders,Corporate,3.304
2016-08-07,West,Office Supplies,Binders,Home Office,19.152
2016-08-08,East,Office Supplies,Appliances,Consumer,113.92
2016-08-08,East,Office Supplies,Art,Consumer,39.66
2016-08-08,East,Office Supplies,Binders,Consumer,447.86
2016-08-08,West,Furniture,Chairs,Consumer,144.784
2016-08-08,West,Office Supplies,Binders,Consumer,13.888
2016-08-09,Central,Furniture,Bookcases,Home Office,687.4
2016-08-09,Central,Furniture,Tables,Corporate,622.45
2016-08-09,Central,Office Supplies,Art,Corporate,2.2
2016-08-09,Central,Office Supplies,Storage,Corporate,21.98
2016-08-09,East,Furniture,Furnishings,Consumer,53.2
2016-08-09,East,Furniture,Furnishings,Corporate,10.02
2016-08-09,East,Furniture,Tables,Consumer,382.806
2016-08-09,East,Office Supplies,Binders,Consumer,1217.568
2016-08-09,East,Office Supplies,Fasteners,Consumer,10.65
2016-08-09,East,Office Supplies,Paper,Consumer,143.7
2016-08-09,East,Office Supplies,Paper,Corporate,144.12
2016-08-09,East,Office Supplies,Storage,Consumer,41.96
2016-08-09,East,Technology,Accessories,Consumer,247.8
2016-08-09,East,Technology,Phones,Consumer,1287.93
2016-08-09,South,Office Supplies,Labels,Corporate,4.608
2016-08-10,Central,Office Supplies,Art,Home Office,29.79
2016-08-10,Central,Office Supplies,Binders,Consumer,64.75
2016-08-10,Central,Office Supplies,Labels,Home Office,45.15
2016-08-10,West,Office Supplies,Appliances,Consumer,133.472
2016-08-10,West,Technology,Phones,Consumer,578.312
2016-08-11,East,Office Supplies,Art,Home Office,11.96
2016-08-11,East,Technology,Phones,Home Office,138.0
2016-08-11,South,Furniture,Furnishings,Consumer,46.152
2016-08-13,Central,Office Supplies,Binders,Consumer,11.36
2016-08-13,East,Office Supplies,Storage,Consumer,422.856
2016-08-13,South,Office Supplies,Art,Corporate,64.68
2016-08-13,South,Office Supplies,Binders,Consumer,5.64
2016-08-13,West,Furniture,Furnishings,Consumer,31.56
2016-08-13,West,Office Supplies,Art,Corporate,50.8
2016-08-15,West,Furniture,Furnishings,Consumer,104.23
2016-08-15,West,Office Supplies,Storage,Consumer,70.26
2016-08-15,West,Office Supplies,Storage,Corporate,323.1
2016-08-16,East,Furniture,Bookcases,Consumer,301.47
2016-08-16,East,Furniture,Furnishings,Corporate,254.352
2016-08-16,East,Office Supplies,Binders,Corporate,6.486000000000001
2016-08-16,East,Office Supplies,Paper,Corporate,20.64
2016-08-16,East,Office Supplies,Storage,Consumer,44.688
2016-08-16,East,Technology,Accessories,Corporate,31.176
2016-08-16,East,Technology,Phones,Corporate,519.792
2016-08-16,West,Office Supplies,Art,Consumer,2.304
2016-08-16,West,Office Supplies,Labels,Consumer,5.04
2016-08-16,West,Office Supplies,Paper,Consumer,313.024
2016-08-16,West,Technology,Phones,Consumer,1879.96
2016-08-17,East,Office Supplies,Binders,Corporate,52.2
2016-08-17,West,Office Supplies,Art,Consumer,10.272
2016-08-17,West,Office Supplies,Paper,Consumer,36.288
2016-08-17,West,Technology,Accessories,Consumer,282.88
2016-08-21,East,Furniture,Chairs,Corporate,598.458
2016-08-21,East,Furniture,Furnishings,Corporate,25.984
2016-08-21,East,Office Supplies,Binders,Corporate,12.828
2016-08-21,East,Office Supplies,Binders,Home Office,99.588
2016-08-21,East,Office Supplies,Paper,Home Office,49.568
2016-08-21,East,Office Supplies,Storage,Home Office,663.072
2016-08-21,East,Office Supplies,Supplies,Home Office,3.488
2016-08-21,East,Technology,Accessories,Home Office,21.728
2016-08-21,South,Office Supplies,Art,Corporate,53.28
2016-08-21,West,Furniture,Bookcases,Corporate,586.398
2016-08-21,West,Furniture,Chairs,Home Office,544.008
2016-08-21,West,Office Supplies,Paper,Home Office,88.14
2016-08-21,West,Office Supplies,Storage,Corporate,80.98
2016-08-22,East,Office Supplies,Art,Home Office,16.52
2016-08-22,East,Office Supplies,Binders,Corporate,50.112
2016-08-23,Central,Office Supplies,Appliances,Consumer,5.768
2016-08-23,Central,Office Supplies,Fasteners,Consumer,12.032
2016-08-23,Central,Office Supplies,Paper,Consumer,10.368
2016-08-23,Central,Office Supplies,Supplies,Consumer,31.68
2016-08-23,South,Office Supplies,Appliances,Consumer,568.8000000000001
2016-08-23,South,Office Supplies,Labels,Consumer,8.64
2016-08-23,South,Office Supplies,Paper,Consumer,313.08000000000004
2016-08-23,South,Technology,Accessories,Consumer,251.91
2016-08-24,Central,Furniture,Tables,Consumer,918.785
2016-08-24,Central,Office Supplies,Binders,Consumer,2.724
2016-08-24,Central,Office Supplies,Storage,Consumer,1723.5120000000002
2016-08-24,East,Furniture,Furnishings,Consumer,14.91
2016-08-24,East,Furniture,Tables,Corporate,284.364
2016-08-24,East,Office Supplies,Labels,Consumer,6.912
2016-08-24,East,Office Supplies,Storage,Consumer,435.504
2016-08-24,East,Technology,Accessories,Corporate,26.0
2016-08-24,East,Technology,Phones,Consumer,26.982
2016-08-24,South,Technology,Accessories,Consumer,79.96
2016-08-24,South,Technology,Machines,Consumer,3080.0
2016-08-24,South,Technology,Phones,Consumer,587.97
2016-08-24,West,Office Supplies,Art,Consumer,7.152
2016-08-25,Central,Furniture,Furnishings,Consumer,27.983999999999998
2016-08-25,Central,Office Supplies,Binders,Consumer,3.798
2016-08-25,West,Furniture,Chairs,Home Office,40.784
2016-08-25,West,Office Supplies,Appliances,Home Office,105.96
2016-08-27,West,Office Supplies,Binders,Home Office,5.104
2016-08-27,West,Office Supplies,Labels,Consumer,3.08
2016-08-27,West,Office Supplies,Paper,Consumer,114.2
2016-08-27,West,Office Supplies,Storage,Consumer,484.65
2016-08-27,West,Office Supplies,Supplies,Consumer,32.94
2016-08-28,Central,Furniture,Tables,Corporate,103.481
2016-08-28,Central,Technology,Copiers,Corporate,2799.96
2016-08-28,Central,Technology,Phones,Corporate,1099.96
2016-08-28,East,Office Supplies,Storage,Corporate,470.36
2016-08-28,West,Furniture,Bookcases,Consumer,307.666
2016-08-28,West,Furniture,Furnishings,Consumer,4.16
2016-08-28,West,Office Supplies,Binders,Consumer,41.36
2016-08-28,West,Office Supplies,Storage,Consumer,1621.17
2016-08-28,West,Technology,Phones,Consumer,43.176
2016-08-29,Central,Technology,Accessories,Home Office,114.52
2016-08-29,Central,Technology,Phones,Home Office,131.98
2016-08-31,Central,Office Supplies,Paper,Home Office,20.96
2016-08-31,West,Furniture,Bookcases,Corporate,1552.831
2016-08-31,West,Office Supplies,Binders,Corporate,137.24
2016-08-31,West,Office Supplies,Paper,Consumer,58.32
2016-08-31,West,Technology,Accessories,Corporate,36.51
2016-08-31,West,Technology,Machines,Corporate,239.976
2016-08-31,West,Technology,Phones,Home Office,555.96
2016-09-01,East,Furniture,Chairs,Home Office,60.74
2016-09-01,East,Furniture,Furnishings,Home Office,124.36
2016-09-01,East,Office Supplies,Binders,Home Office,114.6
2016-09-01,East,Office Supplies,Storage,Home Office,1088.76
2016-09-01,West,Office Supplies,Binders,Consumer,19.12
2016-09-01,West,Technology,Copiers,Consumer,959.984
2016-09-03,Central,Office Supplies,Labels,Consumer,7.5
2016-09-03,East,Office Supplies,Appliances,Corporate,137.62
2016-09-03,East,Office Supplies,Envelopes,Consumer,52.512
2016-09-03,East,Office Supplies,Storage,Consumer,36.336
2016-09-03,East,Office Supplies,Storage,Corporate,120.33
2016-09-03,East,Office Supplies,Supplies,Consumer,666.248
2016-09-03,East,Technology,Phones,Corporate,100.49
2016-09-03,South,Office Supplies,Envelopes,Corporate,200.984
2016-09-03,West,Furniture,Chairs,Home Office,129.568
2016-09-03,West,Furniture,Furnishings,Corporate,238.152
2016-09-03,West,Office Supplies,Binders,Home Office,6.368
2016-09-03,West,Office Supplies,Storage,Corporate,31.44
2016-09-03,West,Technology,Accessories,Corporate,147.35
2016-09-04,Central,Technology,Accessories,Corporate,134.376
2016-09-04,East,Office Supplies,Binders,Corporate,7.656
2016-09-04,South,Office Supplies,Envelopes,Consumer,15.28
2016-09-04,South,Office Supplies,Paper,Consumer,284.26
2016-09-04,South,Technology,Accessories,Consumer,619.95
2016-09-04,West,Office Supplies,Binders,Corporate,9.762
2016-09-05,Central,Furniture,Furnishings,Corporate,6.16
2016-09-05,Central,Office Supplies,Binders,Home Office,20.74
2016-09-05,Central,Office Supplies,Paper,Corporate,36.84
2016-09-05,Central,Office Supplies,Supplies,Home Office,69.12
2016-09-05,South,Furniture,Furnishings,Home Office,67.96
2016-09-05,West,Furniture,Bookcases,Consumer,704.531
2016-09-05,West,Office Supplies,Binders,Consumer,28.752
2016-09-06,East,Furniture,Chairs,Home Office,271.764
2016-09-06,East,Office Supplies,Appliances,Corporate,8.39
2016-09-06,East,Technology,Phones,Corporate,337.98
2016-09-06,South,Office Supplies,Binders,Corporate,46.62
2016-09-06,South,Office Supplies,Binders,Home Office,3.444
2016-09-06,South,Office Supplies,Fasteners,Corporate,7.24
2016-09-06,West,Furniture,Furnishings,Home Office,191.82
2016-09-06,West,Office Supplies,Binders,Home Office,6.096
2016-09-06,West,Technology,Accessories,Corporate,46.32
2016-09-07,Central,Furniture,Chairs,Consumer,47.516
2016-09-07,East,Furniture,Tables,Consumer,27.414
2016-09-07,East,Furniture,Tables,Corporate,481.176
2016-09-07,East,Office Supplies,Binders,Corporate,20.541
2016-09-07,East,Office Supplies,Fasteners,Corporate,7.24
2016-09-07,East,Office Supplies,Storage,Consumer,13.96
2016-09-07,East,Office Supplies,Storage,Corporate,70.26
2016-09-07,East,Technology,Accessories,Corporate,90.0
2016-09-07,East,Technology,Accessories,Home Office,559.93
2016-09-07,East,Technology,Phones,Corporate,791.964
2016-09-07,South,Office Supplies,Art,Corporate,140.736
2016-09-07,West,Office Supplies,Storage,Consumer,671.93
2016-09-08,South,Furniture,Furnishings,Corporate,21.36
2016-09-08,West,Office Supplies,Paper,Consumer,26.4
2016-09-08,West,Office Supplies,Storage,Consumer,41.88
2016-09-10,Central,Furniture,Chairs,Corporate,179.886
2016-09-10,Central,Office Supplies,Paper,Consumer,14.94
2016-09-10,East,Furniture,Bookcases,Corporate,361.96
2016-09-10,East,Office Supplies,Appliances,Corporate,61.96
2016-09-10,East,Office Supplies,Art,Consumer,6.08
2016-09-10,East,Office Supplies,Paper,Corporate,278.82
2016-09-10,West,Furniture,Furnishings,Corporate,106.68
2016-09-10,West,Office Supplies,Storage,Consumer,353.88
2016-09-10,West,Office Supplies,Supplies,Consumer,51.52
2016-09-11,East,Furniture,Furnishings,Corporate,210.68
2016-09-11,East,Furniture,Furnishings,Home Office,8.92
2016-09-11,East,Office Supplies,Appliances,Home Office,111.04
2016-09-11,East,Office Supplies,Binders,Home Office,209.6
2016-09-11,East,Office Supplies,Labels,Home Office,31.05
2016-09-11,East,Office Supplies,Paper,Home Office,38.88
2016-09-11,East,Office Supplies,Storage,Corporate,851.4799999999999
2016-09-11,East,Technology,Accessories,Corporate,19.99
2016-09-11,West,Furniture,Furnishings,Corporate,24.64
2016-09-11,West,Office Supplies,Art,Consumer,181.35
2016-09-11,West,Office Supplies,Art,Corporate,265.86
2016-09-11,West,Office Supplies,Labels,Consumer,8.64
2016-09-12,East,Office Supplies,Art,Consumer,9.26
2016-09-12,East,Office Supplies,Envelopes,Consumer,27.18
2016-09-12,East,Office Supplies,Fasteners,Consumer,1.24
2016-09-12,East,Office Supplies,Labels,Consumer,33.3
2016-09-12,East,Office Supplies,Paper,Consumer,28.9
2016-09-12,East,Office Supplies,Storage,Consumer,105.98
2016-09-12,East,Technology,Copiers,Consumer,479.984
2016-09-12,West,Technology,Accessories,Consumer,21.98
2016-09-13,Central,Furniture,Chairs,Consumer,1686.272
2016-09-13,Central,Office Supplies,Envelopes,Consumer,7.824
2016-09-13,Central,Technology,Accessories,Consumer,199.96
2016-09-13,East,Office Supplies,Binders,Consumer,2.412
2016-09-13,South,Furniture,Furnishings,Consumer,129.93
2016-09-13,South,Office Supplies,Binders,Consumer,13.092
2016-09-13,South,Office Supplies,Paper,Consumer,69.93
2016-09-14,Central,Office Supplies,Binders,Home Office,25.9
2016-09-14,East,Office Supplies,Binders,Consumer,12.96
2016-09-14,East,Office Supplies,Storage,Consumer,991.2
2016-09-14,East,Technology,Copiers,Consumer,879.984
2016-09-14,South,Office Supplies,Storage,Consumer,269.49
2016-09-14,West,Furniture,Tables,Consumer,912.75
2016-09-14,West,Furniture,Tables,Corporate,170.136
2016-09-15,Central,Office Supplies,Art,Consumer,24.32
2016-09-15,Central,Office Supplies,Storage,Consumer,190.86
2016-09-15,East,Furniture,Bookcases,Corporate,46.384
2016-09-15,East,Office Supplies,Binders,Corporate,83.448
2016-09-15,East,Office Supplies,Paper,Corporate,12.96
2016-09-15,East,Office Supplies,Storage,Corporate,147.184
2016-09-15,South,Furniture,Chairs,Consumer,1056.86
2016-09-15,South,Furniture,Furnishings,Corporate,71.68
2016-09-15,South,Furniture,Tables,Consumer,801.96
2016-09-15,South,Office Supplies,Paper,Corporate,15.552
2016-09-15,South,Office Supplies,Storage,Corporate,24.672
2016-09-15,South,Technology,Phones,Consumer,59.97
2016-09-16,South,Office Supplies,Envelopes,Consumer,31.12
2016-09-17,Central,Furniture,Furnishings,Corporate,21.936
2016-09-17,Central,Office Supplies,Binders,Corporate,6.588
2016-09-17,East,Furniture,Bookcases,Consumer,9316.054
2016-09-17,East,Furniture,Chairs,Consumer,199.764
2016-09-17,East,Furniture,Furnishings,Consumer,124.2
2016-09-17,East,Furniture,Tables,Home Office,344.22
2016-09-17,East,Office Supplies,Art,Consumer,102.06400000000001
2016-09-17,East,Office Supplies,Binders,Consumer,16.476
2016-09-17,East,Office Supplies,Envelopes,Consumer,3.264
2016-09-17,East,Office Supplies,Labels,Consumer,87.71
2016-09-17,East,Office Supplies,Paper,Consumer,110.96
2016-09-17,East,Office Supplies,Storage,Consumer,109.5
2016-09-17,East,Technology,Accessories,Consumer,659.9
2016-09-17,East,Technology,Phones,Consumer,277.77
2016-09-17,South,Technology,Accessories,Consumer,87.168
2016-09-17,West,Office Supplies,Binders,Corporate,25.032
2016-09-17,West,Office Supplies,Paper,Home Office,32.4
2016-09-18,East,Office Supplies,Binders,Corporate,65.08
2016-09-18,East,Office Supplies,Storage,Corporate,678.82
2016-09-18,East,Technology,Phones,Corporate,1759.92
2016-09-18,South,Technology,Accessories,Corporate,717.12
2016-09-18,West,Furniture,Furnishings,Corporate,24.4
2016-09-18,West,Office Supplies,Art,Corporate,11.68
2016-09-18,West,Office Supplies,Paper,Consumer,180.64
2016-09-18,West,Office Supplies,Paper,Home Office,18.54
2016-09-18,West,Office Supplies,Storage,Consumer,443.92
2016-09-18,West,Office Supplies,Supplies,Consumer,7.3
2016-09-18,West,Office Supplies,Supplies,Corporate,16.9
2016-09-19,East,Technology,Phones,Consumer,279.86
2016-09-19,South,Furniture,Bookcases,Home Office,61.96
2016-09-19,South,Technology,Accessories,Corporate,66.36
2016-09-19,West,Furniture,Furnishings,Home Office,60.84
2016-09-19,West,Office Supplies,Art,Home Office,8.4
2016-09-19,West,Office Supplies,Paper,Corporate,22.96
2016-09-20,Central,Office Supplies,Binders,Consumer,2.808
2016-09-20,East,Office Supplies,Binders,Consumer,37.68
2016-09-20,East,Office Supplies,Binders,Corporate,24.448
2016-09-20,East,Office Supplies,Paper,Corporate,61.4
2016-09-20,South,Office Supplies,Binders,Consumer,1369.764
2016-09-20,South,Office Supplies,Storage,Consumer,294.368
2016-09-20,West,Office Supplies,Binders,Consumer,45.584
2016-09-21,Central,Furniture,Bookcases,Corporate,194.32
2016-09-21,Central,Furniture,Furnishings,Corporate,4.928
2016-09-21,Central,Office Supplies,Art,Corporate,25.99
2016-09-21,Central,Technology,Accessories,Corporate,151.2
2016-09-21,Central,Technology,Phones,Corporate,946.344
2016-09-21,East,Furniture,Chairs,Home Office,542.94
2016-09-21,East,Furniture,Furnishings,Home Office,85.3
2016-09-21,East,Technology,Phones,Home Office,589.9
2016-09-21,South,Furniture,Chairs,Consumer,1690.04
2016-09-21,South,Office Supplies,Binders,Consumer,14.6
2016-09-21,South,Office Supplies,Envelopes,Consumer,121.96
2016-09-21,South,Office Supplies,Paper,Consumer,23.92
2016-09-21,South,Office Supplies,Storage,Consumer,1037.76
2016-09-21,South,Technology,Phones,Consumer,743.6800000000001
2016-09-21,West,Furniture,Chairs,Home Office,601.536
2016-09-21,West,Office Supplies,Fasteners,Home Office,7.9
2016-09-21,West,Office Supplies,Storage,Consumer,199.74
2016-09-22,East,Office Supplies,Supplies,Consumer,55.6
2016-09-22,East,Technology,Accessories,Consumer,617.976
2016-09-22,South,Furniture,Furnishings,Home Office,47.98
2016-09-22,South,Office Supplies,Art,Home Office,2.816
2016-09-22,South,Office Supplies,Binders,Home Office,3.204
2016-09-22,South,Office Supplies,Labels,Home Office,12.0
2016-09-22,South,Office Supplies,Paper,Home Office,32.4
2016-09-22,South,Office Supplies,Storage,Home Office,745.4879999999999
2016-09-22,West,Furniture,Furnishings,Consumer,204.6
2016-09-22,West,Office Supplies,Appliances,Corporate,61.44
2016-09-24,Central,Furniture,Chairs,Home Office,1408.1
2016-09-24,Central,Office Supplies,Binders,Home Office,15.24
2016-09-24,Central,Technology,Phones,Home Office,821.94
2016-09-24,East,Office Supplies,Art,Consumer,17.12
2016-09-24,East,Office Supplies,Art,Corporate,6.848
2016-09-24,East,Office Supplies,Binders,Consumer,6.732
2016-09-24,East,Office Supplies,Envelopes,Consumer,15.84
2016-09-24,East,Office Supplies,Labels,Consumer,24.424
2016-09-24,East,Office Supplies,Storage,Consumer,33.568
2016-09-24,South,Furniture,Chairs,Consumer,517.5
2016-09-24,West,Furniture,Furnishings,Corporate,14.91
2016-09-24,West,Office Supplies,Appliances,Corporate,1158.12
2016-09-24,West,Office Supplies,Art,Consumer,67.0
2016-09-24,West,Office Supplies,Binders,Consumer,14.952
2016-09-24,West,Technology,Accessories,Consumer,23.2
2016-09-24,West,Technology,Phones,Consumer,35.12
2016-09-25,Central,Office Supplies,Art,Consumer,128.744
2016-09-25,East,Furniture,Chairs,Consumer,102.582
2016-09-25,East,Office Supplies,Art,Consumer,6.7
2016-09-25,East,Office Supplies,Binders,Consumer,82.32600000000001
2016-09-25,East,Office Supplies,Binders,Home Office,14.46
2016-09-25,East,Office Supplies,Paper,Consumer,65.72
2016-09-25,East,Technology,Accessories,Corporate,899.91
2016-09-25,East,Technology,Accessories,Home Office,63.96
2016-09-25,East,Technology,Phones,Home Office,104.98
2016-09-25,South,Office Supplies,Binders,Corporate,12.068999999999999
2016-09-25,South,Office Supplies,Paper,Corporate,10.48
2016-09-25,West,Furniture,Chairs,Corporate,307.136
2016-09-25,West,Furniture,Tables,Consumer,1044.63
2016-09-25,West,Office Supplies,Envelopes,Consumer,17.48
2016-09-25,West,Office Supplies,Labels,Corporate,12.6
2016-09-25,West,Technology,Accessories,Corporate,159.98
2016-09-26,Central,Office Supplies,Binders,Consumer,2.08
2016-09-26,Central,Technology,Phones,Consumer,1114.4
2016-09-26,East,Office Supplies,Binders,Consumer,200.16
2016-09-26,East,Office Supplies,Fasteners,Consumer,34.44
2016-09-26,East,Technology,Accessories,Consumer,50.0
2016-09-26,East,Technology,Machines,Consumer,629.93
2016-09-26,East,Technology,Phones,Consumer,45.894
2016-09-26,West,Office Supplies,Appliances,Corporate,60.672
2016-09-26,West,Office Supplies,Binders,Corporate,149.619
2016-09-26,West,Office Supplies,Envelopes,Home Office,124.46
2016-09-26,West,Office Supplies,Paper,Consumer,172.86399999999998
2016-09-26,West,Office Supplies,Paper,Corporate,86.272
2016-09-26,West,Office Supplies,Storage,Corporate,483.552
2016-09-26,West,Office Supplies,Storage,Home Office,64.17
2016-09-26,West,Technology,Accessories,Consumer,239.8
2016-09-26,West,Technology,Phones,Corporate,263.96
2016-09-27,Central,Furniture,Furnishings,Consumer,24.288
2016-09-27,Central,Office Supplies,Art,Corporate,16.4
2016-09-27,Central,Office Supplies,Binders,Consumer,15.08
2016-09-27,Central,Office Supplies,Paper,Corporate,25.92
2016-09-27,South,Office Supplies,Paper,Consumer,154.9
2016-09-27,South,Technology,Phones,Consumer,1871.88
2016-09-27,West,Office Supplies,Art,Corporate,99.2
2016-09-27,West,Office Supplies,Paper,Home Office,159.78
2016-09-27,West,Office Supplies,Storage,Home Office,15.51
2016-09-28,East,Office Supplies,Appliances,Consumer,293.52
2016-09-28,East,Technology,Phones,Consumer,307.98
2016-09-28,West,Office Supplies,Appliances,Corporate,272.97
2016-09-28,West,Office Supplies,Binders,Consumer,1.08
2016-09-28,West,Office Supplies,Binders,Corporate,81.792
2016-09-28,West,Office Supplies,Envelopes,Consumer,12.536
2016-09-28,West,Office Supplies,Fasteners,Consumer,4.512
2016-09-28,West,Office Supplies,Supplies,Corporate,47.19
2016-09-28,West,Technology,Phones,Corporate,36.784
2016-10-01,Central,Office Supplies,Binders,Consumer,2.992
2016-10-01,Central,Technology,Accessories,Consumer,108.768
2016-10-01,East,Office Supplies,Binders,Home Office,22.45
2016-10-01,East,Technology,Phones,Home Office,311.98
2016-10-01,West,Office Supplies,Storage,Corporate,139.424
2016-10-01,West,Technology,Phones,Consumer,572.8
2016-10-02,East,Office Supplies,Binders,Consumer,7.38
2016-10-02,East,Office Supplies,Binders,Corporate,26.9
2016-10-02,East,Office Supplies,Envelopes,Corporate,51.12
2016-10-02,East,Office Supplies,Paper,Consumer,19.44
2016-10-02,East,Office Supplies,Paper,Corporate,94.85
2016-10-02,East,Technology,Accessories,Corporate,90.0
2016-10-02,South,Office Supplies,Binders,Home Office,7.38
2016-10-02,West,Furniture,Furnishings,Consumer,11.032
2016-10-02,West,Office Supplies,Binders,Consumer,65.376
2016-10-02,West,Office Supplies,Binders,Corporate,57.504
2016-10-02,West,Office Supplies,Storage,Home Office,270.34
2016-10-02,West,Office Supplies,Supplies,Consumer,10.944
2016-10-02,West,Technology,Accessories,Consumer,53.04
2016-10-02,West,Technology,Phones,Consumer,503.96
2016-10-03,East,Furniture,Bookcases,Consumer,35.49
2016-10-03,East,Office Supplies,Binders,Consumer,32.07
2016-10-03,East,Office Supplies,Storage,Corporate,15.008
2016-10-03,East,Technology,Accessories,Consumer,71.98400000000001
2016-10-03,West,Furniture,Bookcases,Consumer,120.666
2016-10-04,East,Furniture,Furnishings,Home Office,64.944
2016-10-04,East,Office Supplies,Paper,Home Office,20.736
2016-10-04,South,Furniture,Chairs,Corporate,392.94
2016-10-04,West,Office Supplies,Storage,Consumer,26.96
2016-10-05,East,Office Supplies,Storage,Corporate,77.55
2016-10-05,East,Technology,Accessories,Consumer,341.04
2016-10-05,South,Office Supplies,Appliances,Home Office,28.84
2016-10-05,South,Office Supplies,Art,Home Office,46.2
2016-10-05,West,Furniture,Bookcases,Consumer,66.294
2016-10-05,West,Furniture,Chairs,Consumer,291.168
2016-10-08,Central,Furniture,Furnishings,Corporate,72.78
2016-10-08,Central,Office Supplies,Art,Consumer,3.44
2016-10-08,West,Furniture,Furnishings,Consumer,145.9
2016-10-09,Central,Furniture,Chairs,Consumer,389.97
2016-10-09,Central,Office Supplies,Appliances,Consumer,269.91
2016-10-09,Central,Office Supplies,Appliances,Corporate,29.403
2016-10-09,Central,Office Supplies,Envelopes,Corporate,57.96
2016-10-09,Central,Technology,Accessories,Corporate,619.95
2016-10-09,Central,Technology,Phones,Corporate,29.16
2016-10-09,East,Office Supplies,Paper,Consumer,23.92
2016-10-09,East,Technology,Phones,Consumer,631.96
2016-10-09,South,Office Supplies,Art,Consumer,37.376
2016-10-09,South,Office Supplies,Binders,Consumer,13.086
2016-10-09,South,Office Supplies,Storage,Consumer,30.84
2016-10-10,Central,Office Supplies,Art,Consumer,8.016
2016-10-10,South,Office Supplies,Storage,Consumer,1801.632
2016-10-10,West,Office Supplies,Paper,Corporate,45.36
2016-10-11,East,Technology,Accessories,Consumer,31.95
2016-10-11,South,Furniture,Tables,Consumer,957.5775
2016-10-11,South,Office Supplies,Storage,Consumer,22.368
2016-10-12,Central,Office Supplies,Binders,Consumer,12.56
2016-10-12,Central,Technology,Phones,Consumer,399.67999999999995
2016-10-12,East,Furniture,Bookcases,Home Office,1525.4879999999998
2016-10-12,East,Furniture,Tables,Consumer,209.67
2016-10-12,East,Office Supplies,Art,Home Office,19.9
2016-10-12,East,Office Supplies,Paper,Home Office,51.84
2016-10-12,East,Technology,Phones,Home Office,71.76
2016-10-12,West,Office Supplies,Storage,Consumer,81.96
2016-10-12,West,Technology,Accessories,Consumer,17.9
2016-10-13,South,Furniture,Chairs,Consumer,287.94
2016-10-13,South,Technology,Phones,Consumer,83.72
2016-10-15,Central,Furniture,Chairs,Consumer,2453.43
2016-10-15,Central,Furniture,Furnishings,Consumer,148.51600000000002
2016-10-15,Central,Office Supplies,Binders,Home Office,3.96
2016-10-15,Central,Office Supplies,Envelopes,Home Office,4.464
2016-10-15,Central,Office Supplies,Paper,Consumer,5.344
2016-10-15,Central,Technology,Accessories,Consumer,263.88
2016-10-15,Central,Technology,Accessories,Home Office,339.96
2016-10-16,East,Technology,Phones,Corporate,824.97
2016-10-17,West,Office Supplies,Storage,Consumer,77.88
2016-10-18,Central,Office Supplies,Appliances,Home Office,73.164
2016-10-18,Central,Technology,Accessories,Home Office,27.696
2016-10-18,West,Furniture,Furnishings,Consumer,10.11
2016-10-18,West,Office Supplies,Paper,Consumer,17.94
2016-10-18,West,Technology,Phones,Consumer,249.584
2016-10-19,Central,Office Supplies,Binders,Consumer,1.72
2016-10-19,Central,Office Supplies,Binders,Corporate,38.28
2016-10-19,Central,Technology,Phones,Corporate,149.95
2016-10-19,East,Office Supplies,Paper,Consumer,34.44
2016-10-19,West,Office Supplies,Appliances,Home Office,1640.7
2016-10-19,West,Technology,Accessories,Home Office,270.0
2016-10-20,East,Office Supplies,Paper,Consumer,24.56
2016-10-20,West,Furniture,Furnishings,Consumer,74.76
2016-10-20,West,Furniture,Furnishings,Corporate,16.02
2016-10-20,West,Furniture,Tables,Consumer,364.776
2016-10-20,West,Technology,Accessories,Corporate,239.97
2016-10-22,Central,Office Supplies,Binders,Consumer,5.176
2016-10-22,South,Office Supplies,Storage,Consumer,9.952
2016-10-23,Central,Office Supplies,Binders,Consumer,6.08
2016-10-23,Central,Office Supplies,Paper,Consumer,97.024
2016-10-23,Central,Technology,Copiers,Consumer,479.976
2016-10-23,Central,Technology,Phones,Consumer,150.384
2016-10-23,South,Office Supplies,Art,Consumer,10.688
2016-10-23,South,Technology,Phones,Consumer,67.768
2016-10-23,West,Furniture,Chairs,Consumer,1275.1039999999998
2016-10-23,West,Office Supplies,Binders,Corporate,3.592
2016-10-23,West,Office Supplies,Envelopes,Consumer,11.8
2016-10-23,West,Office Supplies,Paper,Consumer,11.56
2016-10-23,West,Technology,Accessories,Consumer,148.32
2016-10-24,Central,Furniture,Tables,Corporate,347.361
2016-10-24,Central,Office Supplies,Binders,Home Office,3.592
2016-10-24,Central,Office Supplies,Paper,Corporate,25.92
2016-10-24,West,Furniture,Chairs,Home Office,454.272
2016-10-25,East,Furniture,Chairs,Corporate,291.1
2016-10-25,East,Technology,Phones,Corporate,158.99
2016-10-25,West,Furniture,Chairs,Corporate,582.336
2016-10-25,West,Furniture,Tables,Consumer,253.176
2016-10-25,West,Office Supplies,Art,Consumer,139.81
2016-10-26,West,Office Supplies,Appliances,Corporate,203.88
2016-10-26,West,Office Supplies,Binders,Corporate,14.301
2016-10-26,West,Office Supplies,Labels,Corporate,152.304
2016-10-26,West,Office Supplies,Paper,Corporate,131.904
2016-10-26,West,Office Supplies,Storage,Corporate,718.64
2016-10-26,West,Technology,Phones,Corporate,174.304
2016-10-28,South,Furniture,Furnishings,Consumer,57.21
2016-10-28,South,Office Supplies,Envelopes,Consumer,10.67
2016-10-28,South,Office Supplies,Storage,Consumer,36.63
2016-10-29,West,Office Supplies,Envelopes,Corporate,210.84
2016-10-29,West,Office Supplies,Paper,Corporate,33.4
2016-10-30,Central,Technology,Phones,Home Office,299.9
2016-10-30,East,Technology,Machines,Corporate,1035.8
2016-10-30,South,Office Supplies,Appliances,Consumer,182.91
2016-10-30,West,Furniture,Furnishings,Corporate,15.488
2016-10-30,West,Technology,Copiers,Corporate,439.992
2016-10-30,West,Technology,Machines,Corporate,59.994
2016-10-30,West,Technology,Phones,Corporate,87.96
2016-10-31,Central,Office Supplies,Supplies,Home Office,70.12
2016-10-31,East,Office Supplies,Art,Consumer,2.78
2016-10-31,East,Office Supplies,Envelopes,Consumer,79.96
2016-10-31,West,Furniture,Bookcases,Consumer,425.833
2016-10-31,West,Furniture,Chairs,Consumer,323.136
2016-10-31,West,Office Supplies,Art,Consumer,5.04
2016-10-31,West,Office Supplies,Binders,Consumer,398.352
2016-10-31,West,Office Supplies,Binders,Corporate,39.528
2016-10-31,West,Office Supplies,Envelopes,Corporate,29.03
2016-10-31,West,Office Supplies,Fasteners,Consumer,17.45
2016-10-31,West,Office Supplies,Labels,Corporate,427.42
2016-10-31,West,Office Supplies,Paper,Consumer,19.98
2016-10-31,West,Office Supplies,Storage,Consumer,46.84
2016-10-31,West,Office Supplies,Supplies,Consumer,29.7
2016-10-31,West,Technology,Phones,Consumer,1295.84
2016-11-01,East,Furniture,Chairs,Consumer,532.7280000000001
2016-11-01,East,Furniture,Furnishings,Consumer,259.7
2016-11-01,East,Office Supplies,Fasteners,Home Office,3.168
2016-11-01,East,Office Supplies,Paper,Consumer,13.52
2016-11-01,East,Technology,Accessories,Consumer,1399.93
2016-11-01,East,Technology,Accessories,Home Office,35.36
2016-11-01,East,Technology,Phones,Consumer,546.91
2016-11-01,East,Technology,Phones,Corporate,4.95
2016-11-01,South,Furniture,Tables,Consumer,301.96
2016-11-01,West,Office Supplies,Art,Consumer,7.88
2016-11-02,Central,Office Supplies,Binders,Corporate,29.372
2016-11-02,Central,Technology,Phones,Corporate,344.704
2016-11-02,East,Furniture,Chairs,Consumer,109.764
2016-11-02,East,Furniture,Chairs,Home Office,2621.322
2016-11-02,South,Office Supplies,Appliances,Consumer,197.72
2016-11-02,West,Furniture,Bookcases,Consumer,512.499
2016-11-02,West,Furniture,Furnishings,Consumer,96.96
2016-11-02,West,Furniture,Tables,Consumer,1038.84
2016-11-02,West,Office Supplies,Binders,Consumer,129.44
2016-11-02,West,Technology,Accessories,Consumer,447.93
2016-11-03,Central,Office Supplies,Envelopes,Corporate,6.608
2016-11-03,East,Furniture,Chairs,Corporate,1448.82
2016-11-03,West,Furniture,Furnishings,Home Office,42.6
2016-11-03,West,Technology,Accessories,Home Office,89.97
2016-11-03,West,Technology,Phones,Home Office,1212.848
2016-11-05,Central,Office Supplies,Labels,Consumer,19.824
2016-11-05,East,Office Supplies,Binders,Consumer,7.218
2016-11-05,East,Office Supplies,Binders,Corporate,25.344
2016-11-05,East,Office Supplies,Supplies,Consumer,27.2
2016-11-05,South,Furniture,Chairs,Corporate,207.0
2016-11-05,South,Office Supplies,Appliances,Consumer,387.136
2016-11-05,West,Office Supplies,Binders,Consumer,98.352
2016-11-05,West,Office Supplies,Storage,Consumer,62.8
2016-11-06,West,Office Supplies,Binders,Consumer,4.401
2016-11-06,West,Office Supplies,Envelopes,Consumer,7.08
2016-11-07,Central,Furniture,Furnishings,Consumer,64.96
2016-11-07,Central,Office Supplies,Art,Consumer,23.64
2016-11-07,Central,Office Supplies,Binders,Consumer,32.06
2016-11-07,Central,Office Supplies,Paper,Consumer,76.64
2016-11-07,Central,Office Supplies,Storage,Consumer,262.432
2016-11-07,Central,Technology,Machines,Consumer,287.91
2016-11-07,East,Furniture,Chairs,Consumer,715.2
2016-11-07,East,Office Supplies,Envelopes,Corporate,24.4
2016-11-07,East,Office Supplies,Fasteners,Corporate,26.18
2016-11-07,East,Office Supplies,Paper,Corporate,7.3
2016-11-07,South,Office Supplies,Binders,Corporate,1361.6309999999999
2016-11-07,West,Furniture,Chairs,Corporate,190.72
2016-11-08,Central,Office Supplies,Binders,Consumer,10.476
2016-11-08,Central,Technology,Phones,Consumer,263.96
2016-11-08,East,Furniture,Bookcases,Corporate,4404.9
2016-11-08,East,Furniture,Chairs,Corporate,577.764
2016-11-08,East,Furniture,Furnishings,Corporate,11.82
2016-11-08,East,Office Supplies,Art,Consumer,11.65
2016-11-08,East,Office Supplies,Binders,Consumer,52.272
2016-11-08,East,Office Supplies,Paper,Consumer,17.94
2016-11-08,East,Office Supplies,Storage,Corporate,67.15
2016-11-08,East,Technology,Machines,Corporate,4643.8
2016-11-08,East,Technology,Phones,Corporate,549.98
2016-11-08,South,Furniture,Furnishings,Consumer,186.54
2016-11-08,South,Furniture,Furnishings,Corporate,4.712
2016-11-08,South,Office Supplies,Appliances,Consumer,44.43
2016-11-08,South,Office Supplies,Art,Consumer,293.76
2016-11-08,South,Office Supplies,Binders,Corporate,39.879
2016-11-08,South,Office Supplies,Fasteners,Corporate,31.504
2016-11-08,South,Office Supplies,Labels,Corporate,5.04
2016-11-08,South,Technology,Phones,Consumer,226.2
2016-11-08,West,Furniture,Furnishings,Consumer,66.69
2016-11-08,West,Office Supplies,Binders,Consumer,91.68
2016-11-08,West,Office Supplies,Fasteners,Consumer,5.04
2016-11-08,West,Office Supplies,Fasteners,Home Office,5.0
2016-11-08,West,Office Supplies,Paper,Consumer,92.94
2016-11-08,West,Technology,Accessories,Consumer,119.9
2016-11-08,West,Technology,Accessories,Home Office,371.97
2016-11-09,Central,Furniture,Tables,Consumer,1024.38
2016-11-09,Central,Office Supplies,Binders,Consumer,17.22
2016-11-09,Central,Office Supplies,Binders,Home Office,10.74
2016-11-09,Central,Office Supplies,Envelopes,Consumer,26.22
2016-11-09,Central,Office Supplies,Paper,Consumer,17.34
2016-11-09,East,Office Supplies,Envelopes,Consumer,12.24
2016-11-09,East,Office Supplies,Paper,Consumer,11.352
2016-11-09,East,Office Supplies,Storage,Consumer,244.55
2016-11-09,East,Office Supplies,Storage,Home Office,17.94
2016-11-09,East,Technology,Accessories,Consumer,913.9300000000001
2016-11-09,East,Technology,Machines,Home Office,2321.9
2016-11-09,West,Office Supplies,Fasteners,Home Office,2.48
2016-11-10,Central,Furniture,Furnishings,Home Office,29.22
2016-11-10,Central,Office Supplies,Appliances,Home Office,715.64
2016-11-10,Central,Office Supplies,Binders,Home Office,74.76
2016-11-10,Central,Office Supplies,Storage,Corporate,714.3
2016-11-10,Central,Office Supplies,Storage,Home Office,795.51
2016-11-10,Central,Technology,Copiers,Home Office,549.99
2016-11-10,East,Office Supplies,Storage,Consumer,577.584
2016-11-10,West,Technology,Accessories,Consumer,79.9
2016-11-11,Central,Office Supplies,Appliances,Corporate,123.858
2016-11-11,Central,Office Supplies,Storage,Corporate,418.32
2016-11-12,Central,Office Supplies,Envelopes,Corporate,223.888
2016-11-12,Central,Office Supplies,Paper,Corporate,15.552
2016-11-12,Central,Office Supplies,Storage,Corporate,64.784
2016-11-12,East,Office Supplies,Envelopes,Consumer,15.56
2016-11-12,South,Furniture,Chairs,Corporate,670.0559999999999
2016-11-12,South,Office Supplies,Art,Corporate,11.76
2016-11-12,South,Office Supplies,Binders,Corporate,9.9
2016-11-12,South,Technology,Phones,Corporate,100.792
2016-11-12,West,Office Supplies,Paper,Corporate,15.7
2016-11-13,Central,Furniture,Bookcases,Consumer,613.9992
2016-11-13,Central,Furniture,Furnishings,Consumer,17.496
2016-11-13,Central,Office Supplies,Paper,Consumer,159.85
2016-11-13,Central,Technology,Phones,Consumer,50.97
2016-11-13,East,Furniture,Bookcases,Consumer,299.97
2016-11-13,East,Office Supplies,Paper,Consumer,42.28
2016-11-13,East,Technology,Phones,Consumer,467.95000000000005
2016-11-13,South,Office Supplies,Binders,Consumer,121.104
2016-11-13,South,Office Supplies,Paper,Consumer,115.296
2016-11-13,South,Office Supplies,Storage,Consumer,84.96
2016-11-13,South,Technology,Accessories,Consumer,111.96
2016-11-13,West,Furniture,Furnishings,Consumer,102.36
2016-11-13,West,Furniture,Furnishings,Home Office,63.98
2016-11-13,West,Office Supplies,Binders,Consumer,36.882
2016-11-13,West,Technology,Accessories,Consumer,238.896
2016-11-13,West,Technology,Phones,Home Office,339.96
2016-11-14,East,Furniture,Furnishings,Consumer,76.14
2016-11-14,East,Office Supplies,Binders,Consumer,19.96
2016-11-14,East,Office Supplies,Paper,Corporate,37.0
2016-11-14,East,Technology,Accessories,Corporate,97.5
2016-11-14,East,Technology,Accessories,Home Office,47.984
2016-11-14,South,Office Supplies,Appliances,Corporate,826.11
2016-11-14,South,Office Supplies,Envelopes,Corporate,33.96
2016-11-14,West,Furniture,Chairs,Consumer,1114.192
2016-11-14,West,Office Supplies,Fasteners,Corporate,8.72
2016-11-14,West,Technology,Accessories,Corporate,251.144
2016-11-15,Central,Office Supplies,Binders,Corporate,11.364
2016-11-15,Central,Office Supplies,Storage,Corporate,250.272
2016-11-15,Central,Office Supplies,Supplies,Corporate,8.72
2016-11-15,East,Office Supplies,Art,Corporate,119.04
2016-11-15,East,Office Supplies,Binders,Corporate,201.86399999999998
2016-11-15,East,Office Supplies,Storage,Corporate,70.95
2016-11-15,South,Furniture,Furnishings,Home Office,39.96
2016-11-16,Central,Furniture,Furnishings,Corporate,34.504
2016-11-16,Central,Furniture,Furnishings,Home Office,185.58
2016-11-16,Central,Furniture,Tables,Home Office,867.66
2016-11-16,Central,Office Supplies,Paper,Home Office,179.82
2016-11-16,Central,Office Supplies,Storage,Corporate,21.488
2016-11-16,Central,Technology,Accessories,Home Office,999.96
2016-11-16,Central,Technology,Phones,Corporate,239.976
2016-11-16,East,Office Supplies,Appliances,Home Office,523.25
2016-11-16,West,Furniture,Tables,Corporate,696.42
2016-11-16,West,Office Supplies,Labels,Corporate,18.9
2016-11-16,West,Technology,Phones,Corporate,304.776
2016-11-17,Central,Furniture,Chairs,Consumer,1323.9
2016-11-17,Central,Office Supplies,Paper,Consumer,106.32
2016-11-17,Central,Office Supplies,Storage,Consumer,541.24
2016-11-17,Central,Office Supplies,Supplies,Consumer,40.92
2016-11-17,West,Furniture,Chairs,Consumer,225.568
2016-11-17,West,Furniture,Furnishings,Consumer,117.56
2016-11-17,West,Office Supplies,Paper,Consumer,32.4
2016-11-17,West,Office Supplies,Storage,Consumer,1082.1100000000001
2016-11-17,West,Technology,Phones,Consumer,415.968
2016-11-19,East,Office Supplies,Binders,Consumer,5.984
2016-11-19,East,Technology,Phones,Consumer,861.76
2016-11-19,West,Furniture,Furnishings,Home Office,141.96
2016-11-19,West,Office Supplies,Appliances,Corporate,31.08
2016-11-20,Central,Technology,Machines,Corporate,479.988
2016-11-20,East,Furniture,Bookcases,Corporate,186.048
2016-11-20,East,Furniture,Chairs,Home Office,344.372
2016-11-20,East,Furniture,Furnishings,Consumer,63.824
2016-11-20,East,Office Supplies,Art,Corporate,71.97
2016-11-20,East,Office Supplies,Paper,Consumer,19.65
2016-11-20,East,Office Supplies,Storage,Consumer,141.552
2016-11-20,South,Furniture,Bookcases,Consumer,290.352
2016-11-20,South,Office Supplies,Binders,Consumer,70.11
2016-11-20,South,Office Supplies,Storage,Consumer,17.44
2016-11-20,West,Furniture,Bookcases,Consumer,145.764
2016-11-20,West,Furniture,Chairs,Consumer,572.16
2016-11-20,West,Furniture,Furnishings,Consumer,32.04
2016-11-20,West,Furniture,Furnishings,Home Office,22.14
2016-11-20,West,Office Supplies,Art,Home Office,138.5
2016-11-20,West,Office Supplies,Binders,Consumer,14.508
2016-11-20,West,Office Supplies,Binders,Corporate,89.696
2016-11-20,West,Office Supplies,Binders,Home Office,24.192
2016-11-20,West,Office Supplies,Labels,Corporate,50.12
2016-11-20,West,Technology,Accessories,Home Office,13.98
2016-11-20,West,Technology,Phones,Consumer,72.744
2016-11-21,Central,Furniture,Bookcases,Corporate,246.1328
2016-11-21,Central,Office Supplies,Appliances,Consumer,19.75
2016-11-21,Central,Office Supplies,Appliances,Corporate,24.588
2016-11-21,Central,Office Supplies,Art,Consumer,10.92
2016-11-21,Central,Office Supplies,Art,Corporate,5.344
2016-11-21,Central,Office Supplies,Binders,Corporate,9.676
2016-11-21,Central,Office Supplies,Labels,Corporate,11.696
2016-11-21,Central,Technology,Accessories,Consumer,393.54
2016-11-21,Central,Technology,Copiers,Corporate,439.992
2016-11-21,Central,Technology,Machines,Consumer,83.9
2016-11-21,East,Furniture,Chairs,Consumer,396.802
2016-11-21,East,Furniture,Tables,Consumer,1252.704
2016-11-21,East,Office Supplies,Supplies,Consumer,15.88
2016-11-21,East,Technology,Phones,Consumer,110.97
2016-11-21,South,Furniture,Furnishings,Consumer,18.176
2016-11-21,West,Furniture,Bookcases,Consumer,141.96
2016-11-21,West,Office Supplies,Appliances,Corporate,325.632
2016-11-21,West,Office Supplies,Binders,Consumer,66.048
2016-11-21,West,Office Supplies,Labels,Corporate,16.52
2016-11-21,West,Technology,Accessories,Corporate,23.344
2016-11-22,Central,Furniture,Tables,Home Office,206.962
2016-11-22,Central,Office Supplies,Appliances,Home Office,68.81
2016-11-22,Central,Office Supplies,Binders,Home Office,2.544
2016-11-22,Central,Technology,Accessories,Home Office,27.168
2016-11-22,East,Office Supplies,Art,Home Office,17.12
2016-11-22,East,Office Supplies,Binders,Consumer,11.61
2016-11-22,East,Office Supplies,Paper,Consumer,14.94
2016-11-22,East,Office Supplies,Paper,Home Office,59.94
2016-11-22,South,Office Supplies,Binders,Consumer,2.946
2016-11-22,South,Office Supplies,Fasteners,Consumer,55.104
2016-11-22,South,Technology,Machines,Consumer,32.985
2016-11-22,West,Office Supplies,Paper,Consumer,80.74
2016-11-22,West,Office Supplies,Storage,Consumer,33.63
2016-11-23,Central,Office Supplies,Binders,Corporate,23.912
2016-11-23,Central,Office Supplies,Paper,Corporate,335.52
2016-11-23,Central,Office Supplies,Storage,Corporate,27.056
2016-11-23,East,Office Supplies,Appliances,Consumer,2625.12
2016-11-23,East,Office Supplies,Art,Consumer,31.060000000000002
2016-11-23,East,Office Supplies,Envelopes,Consumer,16.56
2016-11-23,East,Office Supplies,Paper,Consumer,82.98
2016-11-23,East,Technology,Phones,Consumer,307.98
2016-11-24,West,Furniture,Furnishings,Consumer,79.76
2016-11-24,West,Office Supplies,Art,Consumer,14.7
2016-11-24,West,Office Supplies,Binders,Consumer,120.384
2016-11-24,West,Office Supplies,Paper,Consumer,535.08
2016-11-24,West,Office Supplies,Storage,Consumer,454.86
2016-11-24,West,Technology,Accessories,Consumer,13.98
2016-11-25,South,Office Supplies,Art,Consumer,13.12
2016-11-26,Central,Technology,Copiers,Corporate,599.99
2016-11-26,East,Office Supplies,Binders,Corporate,75.77
2016-11-26,East,Office Supplies,Paper,Corporate,10.95
2016-11-26,East,Office Supplies,Storage,Corporate,104.9
2016-11-26,South,Furniture,Furnishings,Corporate,692.472
2016-11-27,East,Furniture,Bookcases,Home Office,170.98
2016-11-27,East,Furniture,Furnishings,Home Office,38.97
2016-11-27,East,Furniture,Tables,Home Office,446.068
2016-11-27,East,Office Supplies,Art,Consumer,29.79
2016-11-27,East,Office Supplies,Paper,Home Office,254.92000000000002
2016-11-27,East,Technology,Accessories,Corporate,104.97
2016-11-27,East,Technology,Accessories,Home Office,259.98
2016-11-27,East,Technology,Phones,Corporate,83.97
2016-11-27,East,Technology,Phones,Home Office,748.752
2016-11-27,South,Furniture,Tables,Consumer,375.4575
2016-11-27,South,Office Supplies,Binders,Home Office,6.24
2016-11-27,South,Technology,Accessories,Consumer,83.976
2016-11-27,West,Furniture,Chairs,Consumer,283.92
2016-11-27,West,Office Supplies,Paper,Home Office,113.82
2016-11-27,West,Technology,Accessories,Home Office,107.97
2016-11-28,Central,Furniture,Furnishings,Consumer,151.96
2016-11-28,Central,Furniture,Furnishings,Corporate,12.132
2016-11-28,Central,Office Supplies,Paper,Consumer,335.52
2016-11-28,Central,Office Supplies,Storage,Corporate,136.288
2016-11-28,Central,Technology,Phones,Corporate,647.904
2016-11-28,East,Furniture,Furnishings,Consumer,393.71
2016-11-28,East,Furniture,Furnishings,Corporate,68.16
2016-11-28,East,Office Supplies,Envelopes,Corporate,62.24
2016-11-28,East,Office Supplies,Fasteners,Consumer,3.008
2016-11-28,West,Office Supplies,Appliances,Consumer,45.28
2016-11-28,West,Office Supplies,Art,Home Office,8.28
2016-11-29,Central,Furniture,Chairs,Corporate,1408.8700000000001
2016-11-29,Central,Office Supplies,Appliances,Corporate,555.21
2016-11-29,Central,Office Supplies,Art,Corporate,161.82
2016-11-29,Central,Office Supplies,Binders,Consumer,8.784
2016-11-29,Central,Office Supplies,Paper,Corporate,19.92
2016-11-29,Central,Office Supplies,Storage,Corporate,523.48
2016-11-29,Central,Technology,Accessories,Consumer,21.48
2016-11-29,West,Office Supplies,Art,Home Office,56.3
2016-11-29,West,Office Supplies,Binders,Home Office,4.304
2016-11-30,Central,Office Supplies,Binders,Home Office,3.882
2016-11-30,East,Furniture,Bookcases,Consumer,681.408
2016-11-30,East,Office Supplies,Binders,Consumer,152.991
2016-11-30,East,Office Supplies,Fasteners,Consumer,10.584
2016-11-30,East,Office Supplies,Paper,Consumer,23.66
2016-11-30,East,Technology,Phones,Consumer,94.92
2016-11-30,South,Furniture,Furnishings,Consumer,335.744
2016-11-30,South,Furniture,Furnishings,Corporate,17.088
2016-11-30,South,Office Supplies,Appliances,Consumer,98.352
2016-11-30,South,Office Supplies,Binders,Consumer,6.048
2016-11-30,South,Office Supplies,Envelopes,Home Office,89.36
2016-11-30,South,Technology,Phones,Consumer,177.48
2016-11-30,West,Furniture,Furnishings,Consumer,80.96
2016-11-30,West,Office Supplies,Paper,Consumer,25.92
2016-12-01,Central,Furniture,Furnishings,Consumer,6.688
2016-12-01,Central,Office Supplies,Art,Home Office,3.64
2016-12-01,Central,Office Supplies,Paper,Home Office,37.980000000000004
2016-12-01,South,Office Supplies,Binders,Corporate,63.96
2016-12-01,South,Office Supplies,Storage,Corporate,61.68
2016-12-01,West,Furniture,Chairs,Home Office,4680.592000000001
2016-12-01,West,Furniture,Tables,Home Office,1913.4
2016-12-01,West,Office Supplies,Art,Home Office,13.9
2016-12-01,West,Office Supplies,Binders,Consumer,55.424
2016-12-01,West,Office Supplies,Paper,Home Office,146.6
2016-12-01,West,Office Supplies,Storage,Home Office,146.73
2016-12-03,East,Furniture,Furnishings,Corporate,2.96
2016-12-03,East,Office Supplies,Binders,Corporate,590.352
2016-12-03,East,Office Supplies,Binders,Home Office,10.752
2016-12-03,East,Office Supplies,Paper,Home Office,201.108
2016-12-03,East,Technology,Accessories,Home Office,36.784
2016-12-03,East,Technology,Machines,Corporate,482.34
2016-12-03,South,Furniture,Furnishings,Consumer,77.952
2016-12-03,South,Office Supplies,Art,Consumer,9.344
2016-12-03,South,Office Supplies,Binders,Consumer,95.97
2016-12-03,South,Technology,Phones,Consumer,105.584
2016-12-03,West,Furniture,Bookcases,Consumer,359.499
2016-12-04,Central,Office Supplies,Paper,Corporate,85.96
2016-12-04,East,Furniture,Chairs,Consumer,1110.348
2016-12-04,East,Furniture,Furnishings,Consumer,28.44
2016-12-04,East,Office Supplies,Envelopes,Consumer,17.94
2016-12-04,East,Technology,Phones,Consumer,1839.71
2016-12-04,South,Office Supplies,Art,Consumer,36.96
2016-12-04,South,Office Supplies,Binders,Consumer,1606.284
2016-12-04,West,Furniture,Furnishings,Consumer,25.08
2016-12-04,West,Furniture,Furnishings,Corporate,36.4
2016-12-04,West,Office Supplies,Art,Consumer,16.9
2016-12-04,West,Office Supplies,Envelopes,Corporate,271.44
2016-12-04,West,Technology,Phones,Corporate,110.352
2016-12-05,Central,Office Supplies,Art,Consumer,45.04
2016-12-05,Central,Office Supplies,Binders,Home Office,152.8
2016-12-05,Central,Office Supplies,Envelopes,Consumer,12.224
2016-12-05,East,Furniture,Chairs,Consumer,164.646
2016-12-05,East,Office Supplies,Binders,Consumer,258.464
2016-12-05,East,Office Supplies,Paper,Consumer,22.68
2016-12-05,East,Technology,Accessories,Consumer,47.984
2016-12-05,South,Furniture,Chairs,Corporate,97.424
2016-12-05,West,Furniture,Furnishings,Corporate,44.46
2016-12-05,West,Office Supplies,Labels,Corporate,12.6
2016-12-05,West,Technology,Accessories,Corporate,39.0
2016-12-06,Central,Office Supplies,Binders,Consumer,2.772
2016-12-06,Central,Technology,Copiers,Home Office,999.98
2016-12-06,East,Furniture,Chairs,Consumer,70.686
2016-12-06,East,Furniture,Furnishings,Consumer,113.92
2016-12-06,East,Office Supplies,Art,Consumer,37.376
2016-12-06,East,Office Supplies,Binders,Home Office,14.832
2016-12-06,East,Office Supplies,Paper,Consumer,48.34
2016-12-06,East,Technology,Accessories,Consumer,1619.91
2016-12-06,East,Technology,Phones,Consumer,485.94
2016-12-06,South,Technology,Phones,Consumer,173.94
2016-12-06,West,Furniture,Furnishings,Consumer,206.112
2016-12-06,West,Office Supplies,Appliances,Consumer,7.78
2016-12-06,West,Office Supplies,Art,Consumer,206.454
2016-12-06,West,Office Supplies,Labels,Consumer,14.94
2016-12-06,West,Office Supplies,Paper,Consumer,224.672
2016-12-06,West,Office Supplies,Paper,Corporate,8.96
2016-12-06,West,Office Supplies,Paper,Home Office,32.75
2016-12-06,West,Office Supplies,Storage,Consumer,1572.954
2016-12-06,West,Technology,Phones,Consumer,219.184
2016-12-07,East,Office Supplies,Binders,Consumer,28.048
2016-12-07,East,Technology,Phones,Consumer,773.94
2016-12-07,South,Furniture,Chairs,Consumer,283.92
2016-12-07,South,Office Supplies,Appliances,Consumer,152.94
2016-12-07,West,Furniture,Furnishings,Consumer,79.92
2016-12-07,West,Office Supplies,Fasteners,Consumer,3.96
2016-12-07,West,Office Supplies,Labels,Consumer,2.61
2016-12-07,West,Office Supplies,Paper,Corporate,12.96
2016-12-08,Central,Office Supplies,Paper,Home Office,360.712
2016-12-08,Central,Technology,Phones,Home Office,1838.3600000000001
2016-12-08,West,Office Supplies,Paper,Corporate,15.696
2016-12-08,West,Office Supplies,Storage,Corporate,221.96
2016-12-08,West,Technology,Accessories,Corporate,236.0
2016-12-09,Central,Office Supplies,Paper,Corporate,34.02
2016-12-10,Central,Furniture,Chairs,Corporate,191.96
2016-12-10,Central,Furniture,Tables,Corporate,801.96
2016-12-10,Central,Office Supplies,Appliances,Consumer,53.088
2016-12-10,Central,Office Supplies,Art,Corporate,3.9
2016-12-10,Central,Office Supplies,Labels,Corporate,2.61
2016-12-10,East,Furniture,Chairs,Corporate,542.94
2016-12-10,East,Office Supplies,Art,Corporate,27.36
2016-12-10,East,Office Supplies,Labels,Home Office,7.31
2016-12-10,East,Office Supplies,Paper,Corporate,71.15
2016-12-10,East,Office Supplies,Paper,Home Office,225.94
2016-12-10,East,Technology,Accessories,Consumer,25.488
2016-12-10,East,Technology,Copiers,Home Office,799.984
2016-12-10,East,Technology,Phones,Corporate,134.99
2016-12-10,South,Office Supplies,Art,Consumer,1.78
2016-12-10,South,Office Supplies,Paper,Consumer,25.92
2016-12-10,South,Technology,Accessories,Consumer,101.94
2016-12-10,West,Office Supplies,Art,Home Office,56.3
2016-12-10,West,Office Supplies,Labels,Consumer,5.76
2016-12-11,Central,Office Supplies,Binders,Consumer,23.0
2016-12-11,Central,Office Supplies,Storage,Consumer,46.344
2016-12-11,Central,Technology,Accessories,Consumer,335.214
2016-12-11,Central,Technology,Phones,Consumer,125.99
2016-12-11,East,Office Supplies,Binders,Consumer,10.332
2016-12-11,South,Office Supplies,Binders,Consumer,12.828
2016-12-11,South,Office Supplies,Labels,Consumer,196.62
2016-12-11,West,Furniture,Bookcases,Consumer,69.576
2016-12-11,West,Furniture,Furnishings,Consumer,107.336
2016-12-11,West,Furniture,Tables,Consumer,364.95
2016-12-11,West,Office Supplies,Art,Consumer,17.344
2016-12-11,West,Office Supplies,Binders,Home Office,110.528
2016-12-11,West,Office Supplies,Paper,Consumer,112.752
2016-12-11,West,Technology,Accessories,Consumer,58.08
2016-12-12,Central,Technology,Accessories,Consumer,22.368
2016-12-12,East,Office Supplies,Art,Consumer,8.22
2016-12-12,West,Furniture,Chairs,Consumer,348.928
2016-12-12,West,Furniture,Furnishings,Consumer,166.5
2016-12-12,West,Office Supplies,Art,Consumer,2.21
2016-12-12,West,Office Supplies,Binders,Consumer,24.448
2016-12-12,West,Office Supplies,Envelopes,Consumer,15.52
2016-12-12,West,Office Supplies,Fasteners,Consumer,7.86
2016-12-12,West,Office Supplies,Paper,Consumer,36.44
2016-12-12,West,Office Supplies,Paper,Corporate,130.28
2016-12-12,West,Office Supplies,Storage,Consumer,360.38
2016-12-12,West,Office Supplies,Supplies,Consumer,25.76
2016-12-12,West,Technology,Accessories,Consumer,299.94
2016-12-13,East,Office Supplies,Binders,Home Office,37.88
2016-12-13,East,Office Supplies,Paper,Home Office,19.44
2016-12-13,West,Office Supplies,Appliances,Corporate,134.48
2016-12-13,West,Office Supplies,Binders,Consumer,29.2
2016-12-13,West,Office Supplies,Labels,Consumer,9.96
2016-12-13,West,Office Supplies,Paper,Corporate,12.96
2016-12-13,West,Technology,Accessories,Consumer,285.09
2016-12-13,West,Technology,Phones,Consumer,494.376
2016-12-14,South,Furniture,Furnishings,Corporate,6.16
2016-12-14,South,Office Supplies,Art,Corporate,56.3
2016-12-14,South,Office Supplies,Binders,Corporate,3.76
2016-12-14,West,Furniture,Furnishings,Consumer,29.22
2016-12-14,West,Furniture,Furnishings,Home Office,15.24
2016-12-14,West,Office Supplies,Binders,Consumer,8.096
2016-12-14,West,Technology,Accessories,Consumer,50.0
2016-12-14,West,Technology,Phones,Consumer,319.968
2016-12-15,East,Furniture,Furnishings,Consumer,262.864
2016-12-15,East,Office Supplies,Art,Home Office,3.28
2016-12-15,East,Technology,Accessories,Consumer,2025.36
2016-12-15,East,Technology,Machines,Consumer,1799.994
2016-12-15,East,Technology,Phones,Consumer,101.988
2016-12-15,South,Technology,Phones,Corporate,246.168
2016-12-15,West,Office Supplies,Appliances,Consumer,103.92
2016-12-15,West,Office Supplies,Binders,Consumer,51.312
2016-12-15,West,Technology,Accessories,Consumer,899.91
2016-12-16,West,Office Supplies,Paper,Consumer,4.98
2016-12-17,Central,Furniture,Chairs,Consumer,991.96
2016-12-17,Central,Furniture,Furnishings,Consumer,253.682
2016-12-17,Central,Office Supplies,Art,Consumer,13.12
2016-12-17,Central,Office Supplies,Binders,Consumer,29.52
2016-12-17,Central,Office Supplies,Storage,Consumer,180.016
2016-12-17,West,Office Supplies,Art,Consumer,221.25
2016-12-17,West,Office Supplies,Binders,Consumer,92.96
2016-12-17,West,Technology,Phones,Consumer,135.984
2016-12-18,East,Office Supplies,Paper,Home Office,20.736
2016-12-18,East,Office Supplies,Storage,Consumer,646.776
2016-12-18,East,Technology,Accessories,Consumer,166.24
2016-12-18,South,Furniture,Furnishings,Corporate,20.32
2016-12-18,South,Office Supplies,Envelopes,Corporate,55.936
2016-12-18,South,Office Supplies,Labels,Corporate,18.432
2016-12-18,West,Office Supplies,Art,Corporate,6.848
2016-12-19,Central,Office Supplies,Binders,Corporate,7.04
2016-12-19,Central,Office Supplies,Fasteners,Corporate,5.04
2016-12-19,Central,Office Supplies,Paper,Corporate,116.28
2016-12-19,Central,Technology,Accessories,Home Office,25.488
2016-12-19,Central,Technology,Phones,Consumer,158.376
2016-12-19,East,Furniture,Tables,Home Office,1053.164
2016-12-19,East,Office Supplies,Appliances,Consumer,526.736
2016-12-19,East,Office Supplies,Labels,Consumer,6.912
2016-12-19,East,Office Supplies,Paper,Home Office,29.9
2016-12-19,East,Technology,Accessories,Home Office,2249.91
2016-12-19,West,Technology,Accessories,Consumer,1265.85
2016-12-19,West,Technology,Phones,Consumer,675.96
2016-12-20,Central,Furniture,Bookcases,Consumer,359.058
2016-12-20,Central,Office Supplies,Storage,Consumer,88.8
2016-12-20,Central,Technology,Accessories,Consumer,255.968
2016-12-20,Central,Technology,Accessories,Home Office,100.8
2016-12-20,Central,Technology,Phones,Consumer,159.984
2016-12-20,East,Office Supplies,Paper,Corporate,55.48
2016-12-20,South,Office Supplies,Appliances,Consumer,36.27
2016-12-20,South,Office Supplies,Labels,Home Office,11.696
2016-12-20,West,Furniture,Furnishings,Consumer,14.368
2016-12-20,West,Office Supplies,Envelopes,Consumer,7.92
2016-12-20,West,Office Supplies,Paper,Consumer,17.12
2016-12-21,Central,Furniture,Furnishings,Home Office,51.756
2016-12-21,Central,Office Supplies,Art,Home Office,59.904
2016-12-21,Central,Technology,Accessories,Home Office,637.44
2016-12-21,Central,Technology,Machines,Home Office,600.53
2016-12-21,East,Office Supplies,Art,Corporate,3.008
2016-12-21,South,Office Supplies,Envelopes,Consumer,27.312
2016-12-21,South,Technology,Accessories,Consumer,50.88
2016-12-21,South,Technology,Phones,Consumer,47.976
2016-12-21,West,Furniture,Tables,Consumer,1618.37
2016-12-21,West,Office Supplies,Appliances,Corporate,60.984
2016-12-21,West,Technology,Accessories,Consumer,99.6
2016-12-22,Central,Office Supplies,Art,Home Office,17.12
2016-12-22,East,Furniture,Chairs,Corporate,422.625
2016-12-22,East,Office Supplies,Storage,Corporate,33.568
2016-12-23,South,Office Supplies,Appliances,Consumer,194.32
2016-12-24,Central,Furniture,Furnishings,Corporate,9.68
2016-12-24,Central,Technology,Copiers,Corporate,4899.93
2016-12-24,East,Furniture,Furnishings,Consumer,72.704
2016-12-24,East,Office Supplies,Art,Consumer,27.168
2016-12-24,East,Office Supplies,Binders,Consumer,19.776
2016-12-24,East,Office Supplies,Fasteners,Consumer,5.584
2016-12-24,East,Office Supplies,Labels,Corporate,21.56
2016-12-24,East,Office Supplies,Paper,Consumer,22.704
2016-12-24,East,Office Supplies,Paper,Corporate,145.75
2016-12-24,East,Technology,Machines,Consumer,479.988
2016-12-24,West,Furniture,Bookcases,Consumer,590.058
2016-12-24,West,Furniture,Chairs,Corporate,883.84
2016-12-24,West,Furniture,Furnishings,Consumer,7.712
2016-12-24,West,Office Supplies,Art,Consumer,14.04
2016-12-24,West,Office Supplies,Binders,Consumer,19.936
2016-12-24,West,Office Supplies,Fasteners,Consumer,45.92
2016-12-24,West,Office Supplies,Paper,Consumer,106.232
2016-12-24,West,Technology,Phones,Consumer,111.984
2016-12-25,Central,Furniture,Bookcases,Corporate,160.98
2016-12-25,Central,Office Supplies,Art,Corporate,3.28
2016-12-25,Central,Office Supplies,Paper,Corporate,17.34
2016-12-25,Central,Technology,Phones,Corporate,73.98
2016-12-25,East,Furniture,Bookcases,Consumer,449.568
2016-12-25,East,Furniture,Furnishings,Corporate,547.136
2016-12-25,East,Office Supplies,Appliances,Home Office,414.96
2016-12-25,East,Technology,Accessories,Consumer,843.9
2016-12-25,South,Furniture,Furnishings,Consumer,275.88
2016-12-25,South,Office Supplies,Binders,Consumer,157.9
2016-12-25,South,Office Supplies,Labels,Consumer,9.216
2016-12-25,South,Office Supplies,Paper,Consumer,10.368
2016-12-25,West,Office Supplies,Paper,Consumer,30.54
2016-12-25,West,Office Supplies,Paper,Home Office,9.96
2016-12-25,West,Technology,Copiers,Consumer,1199.96
2016-12-26,Central,Furniture,Chairs,Home Office,275.058
2016-12-26,East,Furniture,Tables,Consumer,51.588
2016-12-26,East,Office Supplies,Fasteners,Consumer,22.2
2016-12-26,East,Office Supplies,Paper,Consumer,212.64
2016-12-27,Central,Furniture,Bookcases,Home Office,532.3992
2016-12-27,Central,Furniture,Chairs,Home Office,212.058
2016-12-27,Central,Office Supplies,Envelopes,Home Office,113.328
2016-12-27,Central,Office Supplies,Paper,Consumer,195.64
2016-12-27,Central,Office Supplies,Storage,Home Office,12.672
2016-12-27,Central,Technology,Phones,Consumer,239.9
2016-12-27,Central,Technology,Phones,Home Office,371.168
2016-12-27,East,Furniture,Tables,Corporate,1548.99
2016-12-27,East,Office Supplies,Appliances,Home Office,355.96
2016-12-27,East,Office Supplies,Envelopes,Corporate,19.872
2016-12-27,East,Office Supplies,Paper,Home Office,28.9
2016-12-27,South,Furniture,Bookcases,Corporate,131.104
2016-12-27,South,Furniture,Furnishings,Corporate,53.352
2016-12-27,South,Office Supplies,Envelopes,Consumer,105.42
2016-12-27,South,Office Supplies,Storage,Corporate,22.512
2016-12-27,South,Technology,Accessories,Corporate,77.472
2016-12-27,West,Office Supplies,Appliances,Consumer,106.96
2016-12-27,West,Office Supplies,Labels,Consumer,21.56
2016-12-27,West,Office Supplies,Storage,Corporate,323.1
2016-12-27,West,Technology,Accessories,Corporate,7.92
2016-12-27,West,Technology,Phones,Corporate,668.16
2016-12-28,Central,Office Supplies,Storage,Consumer,24.816
2016-12-28,East,Technology,Accessories,Consumer,54.384
2016-12-30,West,Office Supplies,Envelopes,Consumer,271.44
2016-12-30,West,Office Supplies,Paper,Consumer,68.52
2016-12-30,West,Office Supplies,Storage,Consumer,74.94
2016-12-30,West,Technology,Machines,Consumer,2548.56
2016-12-30,West,Technology,Phones,Consumer,287.88
2016-12-31,Central,Furniture,Furnishings,Consumer,14.76
2016-12-31,Central,Office Supplies,Binders,Consumer,3.656
2016-12-31,Central,Office Supplies,Binders,Corporate,116.4
2016-12-31,Central,Office Supplies,Fasteners,Consumer,3.488
2016-12-31,Central,Office Supplies,Storage,Consumer,152.688
2016-12-31,Central,Office Supplies,Supplies,Consumer,5.888
2016-12-31,South,Office Supplies,Binders,Corporate,596.48
2016-12-31,West,Office Supplies,Binders,Consumer,487.984
2017-01-02,East,Furniture,Bookcases,Corporate,173.94
2017-01-02,East,Technology,Phones,Corporate,231.98
2017-01-03,Central,Furniture,Tables,Corporate,1592.85
2017-01-03,Central,Office Supplies,Binders,Corporate,11.88
2017-01-03,Central,Technology,Accessories,Corporate,195.68
2017-01-03,Central,Technology,Phones,Corporate,180.96
2017-01-03,West,Office Supplies,Storage,Consumer,114.46
2017-01-04,East,Office Supplies,Art,Corporate,4.672
2017-01-04,East,Office Supplies,Binders,Corporate,104.58
2017-01-04,South,Technology,Copiers,Corporate,959.968
2017-01-05,South,Office Supplies,Art,Corporate,5.248
2017-01-05,South,Technology,Accessories,Corporate,191.472
2017-01-05,South,Technology,Phones,Corporate,59.184
2017-01-07,Central,Furniture,Furnishings,Consumer,23.076
2017-01-07,Central,Office Supplies,Paper,Consumer,25.92
2017-01-07,West,Office Supplies,Art,Home Office,34.58
2017-01-08,Central,Furniture,Bookcases,Corporate,1565.88
2017-01-08,Central,Office Supplies,Binders,Corporate,106.05
2017-01-08,South,Office Supplies,Art,Consumer,47.616
2017-01-08,South,Office Supplies,Binders,Consumer,30.828
2017-01-08,South,Technology,Phones,Consumer,108.784
2017-01-09,East,Furniture,Furnishings,Corporate,15.168
2017-01-09,West,Technology,Accessories,Corporate,349.95
2017-01-09,West,Technology,Phones,Corporate,377.928
2017-01-10,West,Furniture,Furnishings,Consumer,24.85
2017-01-10,West,Furniture,Furnishings,Corporate,79.92
2017-01-10,West,Technology,Accessories,Corporate,69.98
2017-01-11,East,Furniture,Furnishings,Home Office,54.992
2017-01-11,East,Office Supplies,Paper,Home Office,78.864
2017-01-11,East,Technology,Phones,Home Office,15.588
2017-01-14,South,Furniture,Furnishings,Consumer,315.776
2017-01-14,South,Office Supplies,Paper,Consumer,89.568
2017-01-15,East,Furniture,Tables,Consumer,181.797
2017-01-15,East,Office Supplies,Art,Home Office,4.66
2017-01-15,East,Office Supplies,Binders,Consumer,49.536
2017-01-15,East,Office Supplies,Envelopes,Consumer,16.52
2017-01-15,East,Office Supplies,Envelopes,Home Office,52.34
2017-01-15,East,Office Supplies,Paper,Consumer,60.12
2017-01-15,East,Office Supplies,Paper,Home Office,81.98
2017-01-15,East,Technology,Accessories,Home Office,254.97
2017-01-16,West,Office Supplies,Binders,Consumer,11.648
2017-01-16,West,Technology,Accessories,Consumer,90.57
2017-01-17,East,Furniture,Furnishings,Home Office,322.59
2017-01-17,East,Technology,Accessories,Home Office,401.96000000000004
2017-01-17,South,Technology,Accessories,Corporate,316.0
2017-01-21,West,Furniture,Chairs,Consumer,1167.056
2017-01-22,East,Office Supplies,Binders,Consumer,26.336
2017-01-22,East,Office Supplies,Fasteners,Consumer,7.56
2017-01-22,East,Technology,Accessories,Home Office,55.176
2017-01-22,East,Technology,Phones,Home Office,110.376
2017-01-22,South,Furniture,Bookcases,Consumer,451.136
2017-01-22,South,Furniture,Furnishings,Consumer,14.272
2017-01-22,South,Office Supplies,Appliances,Consumer,64.864
2017-01-22,West,Furniture,Furnishings,Corporate,109.9
2017-01-22,West,Office Supplies,Labels,Consumer,65.05
2017-01-22,West,Office Supplies,Paper,Consumer,12.96
2017-01-23,East,Office Supplies,Art,Corporate,8.04
2017-01-23,East,Office Supplies,Storage,Corporate,1564.29
2017-01-23,East,Technology,Accessories,Corporate,99.98
2017-01-23,West,Furniture,Furnishings,Consumer,59.99
2017-01-24,South,Office Supplies,Binders,Corporate,31.36
2017-01-25,East,Furniture,Furnishings,Corporate,45.98
2017-01-25,East,Furniture,Tables,Corporate,313.722
2017-01-25,East,Office Supplies,Art,Corporate,9.21
2017-01-25,East,Office Supplies,Binders,Corporate,43.12
2017-01-25,East,Office Supplies,Paper,Corporate,18.0
2017-01-25,East,Office Supplies,Storage,Corporate,428.68
2017-01-28,West,Office Supplies,Art,Corporate,39.68
2017-01-30,Central,Furniture,Tables,Consumer,626.1
2017-01-30,Central,Office Supplies,Binders,Consumer,1.728
2017-01-30,Central,Office Supplies,Paper,Corporate,156.512
2017-01-30,Central,Technology,Phones,Consumer,1439.968
2017-01-30,West,Furniture,Bookcases,Consumer,48.58
2017-01-30,West,Furniture,Chairs,Consumer,435.168
2017-01-30,West,Office Supplies,Binders,Consumer,68.24
2017-01-30,West,Office Supplies,Labels,Consumer,26.01
2017-01-30,West,Office Supplies,Storage,Consumer,305.01
2017-01-31,Central,Office Supplies,Paper,Consumer,15.552
2017-01-31,East,Office Supplies,Envelopes,Corporate,23.36
2017-01-31,South,Office Supplies,Binders,Home Office,1270.99
2017-01-31,South,Office Supplies,Envelopes,Home Office,125.36
2017-01-31,West,Office Supplies,Paper,Home Office,56.7
2017-01-31,West,Technology,Phones,Home Office,109.592
2017-02-01,South,Office Supplies,Storage,Corporate,56.45
2017-02-01,West,Office Supplies,Paper,Corporate,105.52
2017-02-02,Central,Furniture,Furnishings,Corporate,73.784
2017-02-02,East,Office Supplies,Storage,Consumer,117.96
2017-02-02,South,Furniture,Furnishings,Consumer,18.69
2017-02-02,South,Office Supplies,Binders,Consumer,36.4
2017-02-02,South,Technology,Machines,Consumer,8749.95
2017-02-03,South,Furniture,Chairs,Consumer,866.4
2017-02-04,East,Technology,Phones,Consumer,90.48
2017-02-04,West,Furniture,Furnishings,Consumer,14.368
2017-02-04,West,Office Supplies,Storage,Corporate,93.02
2017-02-05,South,Furniture,Bookcases,Home Office,239.98
2017-02-05,South,Furniture,Furnishings,Home Office,18.84
2017-02-05,South,Office Supplies,Envelopes,Home Office,167.96
2017-02-05,South,Office Supplies,Fasteners,Home Office,9.45
2017-02-05,South,Office Supplies,Paper,Home Office,814.18
2017-02-05,South,Office Supplies,Storage,Home Office,235.42000000000002
2017-02-05,South,Technology,Phones,Home Office,589.68
2017-02-05,West,Furniture,Tables,Consumer,557.728
2017-02-05,West,Office Supplies,Labels,Consumer,14.73
2017-02-05,West,Office Supplies,Storage,Consumer,186.54
2017-02-05,West,Technology,Phones,Consumer,159.968
2017-02-06,South,Furniture,Furnishings,Corporate,132.224
2017-02-07,East,Office Supplies,Paper,Consumer,30.352
2017-02-07,South,Office Supplies,Labels,Consumer,7.83
2017-02-07,South,Technology,Accessories,Consumer,100.0
2017-02-07,West,Technology,Phones,Corporate,623.96
2017-02-08,Central,Furniture,Chairs,Corporate,241.5
2017-02-08,South,Technology,Phones,Home Office,1127.976
2017-02-09,West,Technology,Accessories,Corporate,121.83
2017-02-11,Central,Technology,Phones,Corporate,69.93
2017-02-12,South,Office Supplies,Binders,Consumer,15.92
2017-02-12,South,Office Supplies,Storage,Consumer,1350.12
2017-02-13,West,Office Supplies,Paper,Home Office,146.82
2017-02-14,East,Furniture,Furnishings,Consumer,10.56
2017-02-14,East,Furniture,Tables,Consumer,550.431
2017-02-14,East,Office Supplies,Art,Consumer,7.98
2017-02-14,East,Office Supplies,Paper,Consumer,4.77
2017-02-14,South,Office Supplies,Art,Consumer,264.18
2017-02-15,East,Office Supplies,Binders,Consumer,398.352
2017-02-15,East,Office Supplies,Fasteners,Consumer,8.72
2017-02-16,Central,Furniture,Chairs,Corporate,62.958
2017-02-16,Central,Office Supplies,Appliances,Corporate,92.064
2017-02-16,Central,Office Supplies,Fasteners,Corporate,6.976
2017-02-16,Central,Office Supplies,Paper,Corporate,5.184
2017-02-16,East,Furniture,Chairs,Consumer,554.606
2017-02-16,East,Technology,Accessories,Consumer,89.97
2017-02-16,South,Furniture,Furnishings,Consumer,318.08
2017-02-16,South,Office Supplies,Binders,Consumer,5.8
2017-02-19,East,Furniture,Furnishings,Consumer,44.46
2017-02-19,East,Office Supplies,Labels,Corporate,8.67
2017-02-19,East,Office Supplies,Storage,Consumer,242.94
2017-02-19,East,Office Supplies,Supplies,Corporate,25.71
2017-02-19,West,Office Supplies,Paper,Consumer,70.88
2017-02-20,South,Office Supplies,Paper,Consumer,16.496
2017-02-21,East,Furniture,Furnishings,Corporate,204.75
2017-02-21,East,Office Supplies,Storage,Corporate,296.37
2017-02-21,East,Technology,Phones,Corporate,39.98
2017-02-21,South,Office Supplies,Binders,Home Office,38.622
2017-02-21,South,Office Supplies,Storage,Home Office,432.456
2017-02-21,West,Office Supplies,Binders,Corporate,49.808
2017-02-21,West,Office Supplies,Storage,Corporate,449.15
2017-02-21,West,Technology,Accessories,Corporate,12.99
2017-02-22,Central,Office Supplies,Appliances,Home Office,490.32
2017-02-22,West,Office Supplies,Fasteners,Consumer,10.65
2017-02-22,West,Technology,Accessories,Consumer,36.24
2017-02-22,West,Technology,Phones,Consumer,445.96
2017-02-23,East,Office Supplies,Envelopes,Corporate,57.576
2017-02-25,East,Office Supplies,Envelopes,Consumer,46.72
2017-02-27,Central,Furniture,Furnishings,Consumer,16.192
2017-02-27,Central,Office Supplies,Binders,Consumer,56.82
2017-02-27,East,Office Supplies,Appliances,Consumer,170.88
2017-02-28,East,Office Supplies,Art,Consumer,111.104
2017-02-28,East,Office Supplies,Fasteners,Corporate,36.48
2017-03-01,East,Furniture,Tables,Consumer,836.592
2017-03-01,East,Office Supplies,Paper,Consumer,26.38
2017-03-01,East,Office Supplies,Storage,Consumer,362.92
2017-03-01,East,Technology,Machines,Consumer,4899.93
2017-03-01,West,Technology,Phones,Corporate,159.984
2017-03-03,Central,Furniture,Chairs,Corporate,563.43
2017-03-03,Central,Furniture,Tables,Consumer,637.896
2017-03-03,Central,Office Supplies,Envelopes,Consumer,36.6
2017-03-03,Central,Office Supplies,Fasteners,Consumer,2.304
2017-03-03,Central,Office Supplies,Paper,Corporate,42.784
2017-03-03,Central,Office Supplies,Supplies,Consumer,3930.072
2017-03-03,Central,Technology,Accessories,Consumer,41.72
2017-03-03,Central,Technology,Machines,Consumer,287.91
2017-03-03,Central,Technology,Phones,Consumer,566.826
2017-03-03,East,Office Supplies,Binders,Consumer,447.86
2017-03-03,East,Office Supplies,Paper,Consumer,166.44
2017-03-03,East,Technology,Phones,Consumer,479.95
2017-03-03,West,Furniture,Furnishings,Corporate,35.28
2017-03-03,West,Office Supplies,Supplies,Corporate,25.35
2017-03-04,Central,Office Supplies,Binders,Consumer,128.4
2017-03-04,East,Technology,Accessories,Corporate,159.98
2017-03-04,South,Office Supplies,Labels,Corporate,10.08
2017-03-04,West,Office Supplies,Art,Home Office,16.99
2017-03-05,Central,Office Supplies,Envelopes,Corporate,149.352
2017-03-05,Central,Office Supplies,Storage,Corporate,12.992
2017-03-06,Central,Furniture,Furnishings,Consumer,159.04
2017-03-06,Central,Furniture,Tables,Consumer,145.98
2017-03-06,Central,Office Supplies,Appliances,Consumer,2.334
2017-03-06,Central,Office Supplies,Binders,Consumer,1.728
2017-03-06,East,Office Supplies,Binders,Home Office,2.043
2017-03-06,East,Technology,Phones,Home Office,500.178
2017-03-07,Central,Technology,Phones,Corporate,21.072
2017-03-08,Central,Office Supplies,Appliances,Corporate,207.144
2017-03-08,Central,Office Supplies,Art,Corporate,13.9
2017-03-08,Central,Office Supplies,Binders,Home Office,8.856
2017-03-08,Central,Office Supplies,Envelopes,Home Office,146.352
2017-03-08,Central,Technology,Accessories,Home Office,27.96
2017-03-08,East,Furniture,Furnishings,Consumer,113.6
2017-03-08,East,Office Supplies,Binders,Consumer,69.456
2017-03-08,East,Office Supplies,Fasteners,Consumer,5.984
2017-03-08,East,Office Supplies,Paper,Consumer,12.96
2017-03-08,East,Technology,Phones,Consumer,108.576
2017-03-08,South,Furniture,Furnishings,Consumer,102.36
2017-03-08,South,Technology,Phones,Consumer,1363.96
2017-03-08,West,Office Supplies,Binders,Consumer,9.702
2017-03-09,East,Furniture,Chairs,Consumer,354.9
2017-03-09,East,Office Supplies,Binders,Consumer,51.8
2017-03-09,East,Office Supplies,Paper,Consumer,17.94
2017-03-09,East,Office Supplies,Storage,Consumer,11.21
2017-03-09,East,Technology,Accessories,Home Office,199.75
2017-03-10,East,Furniture,Bookcases,Consumer,176.784
2017-03-10,East,Technology,Accessories,Consumer,39.992
2017-03-10,West,Office Supplies,Paper,Home Office,14.9
2017-03-10,West,Office Supplies,Storage,Corporate,104.696
2017-03-10,West,Technology,Accessories,Home Office,26.85
2017-03-10,West,Technology,Machines,Home Office,3357.6
2017-03-10,West,Technology,Phones,Home Office,4158.912
2017-03-11,Central,Office Supplies,Binders,Corporate,17.46
2017-03-11,Central,Technology,Accessories,Corporate,45.98
2017-03-11,East,Furniture,Furnishings,Home Office,30.336
2017-03-11,East,Furniture,Tables,Consumer,244.006
2017-03-11,South,Furniture,Furnishings,Home Office,76.92
2017-03-11,South,Office Supplies,Storage,Home Office,481.32
2017-03-12,East,Office Supplies,Envelopes,Consumer,29.34
2017-03-12,South,Office Supplies,Paper,Corporate,12.96
2017-03-12,West,Furniture,Chairs,Corporate,770.352
2017-03-12,West,Office Supplies,Appliances,Corporate,154.9
2017-03-12,West,Office Supplies,Envelopes,Corporate,30.56
2017-03-12,West,Office Supplies,Paper,Consumer,19.98
2017-03-12,West,Office Supplies,Storage,Corporate,676.55
2017-03-13,Central,Furniture,Tables,Consumer,557.585
2017-03-13,Central,Office Supplies,Binders,Consumer,1.272
2017-03-13,Central,Office Supplies,Paper,Consumer,70.08
2017-03-13,East,Furniture,Chairs,Corporate,386.68
2017-03-13,East,Office Supplies,Binders,Corporate,75.057
2017-03-13,East,Office Supplies,Paper,Corporate,41.24
2017-03-13,East,Office Supplies,Storage,Corporate,678.64
2017-03-13,East,Technology,Accessories,Corporate,379.96
2017-03-13,East,Technology,Machines,Corporate,449.1
2017-03-13,East,Technology,Phones,Corporate,539.91
2017-03-13,South,Furniture,Furnishings,Home Office,127.88
2017-03-13,South,Office Supplies,Appliances,Home Office,160.32
2017-03-13,South,Office Supplies,Binders,Home Office,46.0
2017-03-13,West,Furniture,Furnishings,Corporate,28.28
2017-03-13,West,Office Supplies,Appliances,Home Office,157.92
2017-03-13,West,Office Supplies,Binders,Home Office,51.184
2017-03-13,West,Office Supplies,Supplies,Corporate,4912.59
2017-03-13,West,Technology,Phones,Home Office,203.184
2017-03-14,Central,Furniture,Bookcases,Consumer,241.332
2017-03-14,Central,Furniture,Furnishings,Corporate,16.74
2017-03-14,Central,Office Supplies,Art,Consumer,145.544
2017-03-14,Central,Office Supplies,Paper,Consumer,5.184
2017-03-14,East,Furniture,Furnishings,Consumer,21.88
2017-03-14,West,Furniture,Chairs,Corporate,196.784
2017-03-14,West,Office Supplies,Binders,Corporate,41.904
2017-03-15,East,Technology,Accessories,Home Office,83.976
2017-03-15,South,Office Supplies,Paper,Home Office,365.44
2017-03-15,West,Furniture,Chairs,Corporate,1352.032
2017-03-15,West,Office Supplies,Binders,Corporate,4.544
2017-03-17,East,Furniture,Furnishings,Consumer,971.5
2017-03-17,East,Office Supplies,Appliances,Consumer,901.95
2017-03-17,East,Office Supplies,Art,Consumer,39.68
2017-03-17,East,Office Supplies,Binders,Consumer,32.54
2017-03-17,East,Office Supplies,Envelopes,Consumer,199.9
2017-03-17,East,Technology,Phones,Consumer,129.98
2017-03-17,West,Technology,Phones,Consumer,84.784
2017-03-18,South,Furniture,Tables,Consumer,189.882
2017-03-18,South,Office Supplies,Appliances,Consumer,871.8
2017-03-19,East,Furniture,Furnishings,Consumer,35.3
2017-03-19,South,Office Supplies,Binders,Corporate,31.086
2017-03-19,West,Furniture,Bookcases,Consumer,72.294
2017-03-20,Central,Furniture,Tables,Home Office,697.16
2017-03-20,Central,Technology,Phones,Consumer,11.992
2017-03-20,South,Furniture,Furnishings,Corporate,86.45
2017-03-20,West,Office Supplies,Binders,Consumer,16.821
2017-03-20,West,Office Supplies,Paper,Consumer,31.104
2017-03-20,West,Technology,Phones,Consumer,84.784
2017-03-21,Central,Furniture,Chairs,Consumer,528.43
2017-03-21,Central,Furniture,Tables,Corporate,99.372
2017-03-21,Central,Office Supplies,Art,Consumer,13.392
2017-03-21,Central,Office Supplies,Art,Corporate,1.344
2017-03-21,Central,Office Supplies,Binders,Consumer,3.168
2017-03-22,West,Furniture,Chairs,Consumer,167.888
2017-03-22,West,Technology,Accessories,Corporate,58.58
2017-03-24,Central,Office Supplies,Paper,Corporate,22.48
2017-03-24,East,Furniture,Bookcases,Consumer,301.47
2017-03-24,East,Office Supplies,Art,Consumer,18.656
2017-03-24,West,Technology,Phones,Corporate,403.168
2017-03-25,Central,Technology,Accessories,Consumer,1287.45
2017-03-25,East,Office Supplies,Art,Corporate,59.52
2017-03-26,East,Office Supplies,Storage,Corporate,459.95
2017-03-26,South,Office Supplies,Storage,Consumer,67.64
2017-03-26,South,Technology,Accessories,Consumer,119.976
2017-03-26,West,Office Supplies,Binders,Consumer,17.04
2017-03-26,West,Office Supplies,Paper,Consumer,17.64
2017-03-27,South,Furniture,Furnishings,Corporate,60.16
2017-03-27,South,Office Supplies,Binders,Corporate,32.54
2017-03-28,South,Office Supplies,Storage,Corporate,31.4
2017-03-28,West,Office Supplies,Paper,Consumer,5.98
2017-03-28,West,Office Supplies,Storage,Consumer,87.92
2017-03-29,Central,Furniture,Chairs,Home Office,844.116
2017-03-29,Central,Office Supplies,Paper,Home Office,45.528
2017-03-29,Central,Technology,Phones,Home Office,812.736
2017-03-29,East,Furniture,Bookcases,Consumer,299.975
2017-03-29,East,Furniture,Furnishings,Consumer,414.0
2017-03-29,East,Office Supplies,Binders,Consumer,71.128
2017-03-29,East,Office Supplies,Paper,Consumer,13.48
2017-03-29,East,Technology,Phones,Consumer,158.376
2017-03-30,East,Office Supplies,Paper,Corporate,11.34
2017-03-31,East,Furniture,Chairs,Consumer,327.996
2017-03-31,East,Technology,Accessories,Consumer,31.984
2017-03-31,East,Technology,Phones,Consumer,280.782
2017-04-01,Central,Technology,Phones,Corporate,12.99
2017-04-01,East,Furniture,Chairs,Consumer,1317.492
2017-04-01,East,Office Supplies,Art,Consumer,451.76
2017-04-01,East,Office Supplies,Binders,Consumer,3.592
2017-04-01,East,Office Supplies,Binders,Corporate,14.352
2017-04-01,East,Office Supplies,Labels,Corporate,20.7
2017-04-01,East,Office Supplies,Storage,Consumer,161.94
2017-04-01,East,Office Supplies,Supplies,Consumer,63.84
2017-04-01,East,Office Supplies,Supplies,Corporate,10.95
2017-04-01,East,Technology,Phones,Consumer,35.12
2017-04-01,South,Furniture,Furnishings,Home Office,7.04
2017-04-01,West,Office Supplies,Appliances,Corporate,30.144
2017-04-01,West,Office Supplies,Fasteners,Corporate,31.56
2017-04-02,Central,Furniture,Chairs,Corporate,1454.9
2017-04-03,Central,Furniture,Furnishings,Consumer,71.12
2017-04-03,Central,Office Supplies,Paper,Home Office,10.272
2017-04-03,Central,Technology,Phones,Consumer,259.96
2017-04-03,East,Office Supplies,Binders,Consumer,99.846
2017-04-04,East,Furniture,Furnishings,Home Office,82.64
2017-04-04,East,Office Supplies,Binders,Consumer,588.784
2017-04-04,East,Office Supplies,Storage,Home Office,31.02
2017-04-04,East,Technology,Accessories,Home Office,89.97
2017-04-04,South,Office Supplies,Paper,Home Office,27.81
2017-04-04,South,Technology,Phones,Home Office,149.97
2017-04-05,Central,Office Supplies,Storage,Home Office,158.368
2017-04-05,East,Office Supplies,Supplies,Consumer,769.184
2017-04-05,East,Technology,Phones,Consumer,118.782
2017-04-06,East,Technology,Phones,Home Office,1294.75
2017-04-07,East,Furniture,Chairs,Corporate,658.746
2017-04-07,East,Office Supplies,Art,Consumer,3.64
2017-04-07,East,Office Supplies,Paper,Corporate,37.94
2017-04-07,West,Technology,Copiers,Corporate,1199.976
2017-04-08,Central,Furniture,Chairs,Consumer,95.984
2017-04-08,Central,Office Supplies,Binders,Consumer,1088.792
2017-04-08,Central,Technology,Accessories,Consumer,431.928
2017-04-08,East,Furniture,Bookcases,Consumer,388.704
2017-04-08,East,Office Supplies,Art,Consumer,17.04
2017-04-08,East,Office Supplies,Binders,Home Office,121.104
2017-04-08,East,Office Supplies,Envelopes,Consumer,8.26
2017-04-08,East,Office Supplies,Envelopes,Home Office,8.872
2017-04-08,East,Office Supplies,Paper,Consumer,34.4
2017-04-08,South,Furniture,Bookcases,Consumer,354.9
2017-04-08,South,Furniture,Furnishings,Home Office,159.92
2017-04-08,South,Office Supplies,Envelopes,Consumer,17.92
2017-04-08,South,Office Supplies,Fasteners,Home Office,30.0
2017-04-08,South,Office Supplies,Paper,Home Office,25.92
2017-04-08,West,Furniture,Furnishings,Consumer,24.7
2017-04-08,West,Office Supplies,Paper,Consumer,33.0
2017-04-08,West,Office Supplies,Storage,Consumer,64.96
2017-04-09,Central,Office Supplies,Binders,Home Office,5.28
2017-04-09,Central,Technology,Phones,Home Office,517.9
2017-04-09,West,Furniture,Bookcases,Consumer,556.665
2017-04-09,West,Office Supplies,Binders,Corporate,35.352
2017-04-10,Central,Office Supplies,Art,Corporate,13.568
2017-04-10,East,Office Supplies,Binders,Corporate,8.904
2017-04-10,West,Office Supplies,Appliances,Consumer,113.76
2017-04-10,West,Office Supplies,Binders,Consumer,48.032
2017-04-10,West,Office Supplies,Binders,Corporate,23.2
2017-04-10,West,Office Supplies,Paper,Corporate,12.96
2017-04-10,West,Office Supplies,Storage,Consumer,730.17
2017-04-12,South,Furniture,Tables,Consumer,343.92
2017-04-12,South,Office Supplies,Envelopes,Consumer,63.9
2017-04-12,South,Office Supplies,Paper,Consumer,40.99
2017-04-12,South,Office Supplies,Paper,Corporate,10.272
2017-04-12,South,Office Supplies,Storage,Corporate,181.536
2017-04-12,West,Furniture,Chairs,Consumer,832.64
2017-04-12,West,Office Supplies,Binders,Consumer,49.832
2017-04-12,West,Office Supplies,Paper,Consumer,19.44
2017-04-13,West,Office Supplies,Envelopes,Consumer,6.12
2017-04-14,East,Office Supplies,Binders,Consumer,25.06
2017-04-14,South,Office Supplies,Storage,Consumer,81.2
2017-04-14,West,Furniture,Chairs,Consumer,1317.336
2017-04-14,West,Office Supplies,Storage,Consumer,42.976
2017-04-15,Central,Office Supplies,Art,Corporate,33.488
2017-04-15,Central,Office Supplies,Fasteners,Corporate,8.04
2017-04-15,South,Office Supplies,Binders,Home Office,189.588
2017-04-15,South,Office Supplies,Storage,Home Office,4.768
2017-04-15,South,Technology,Accessories,Home Office,700.704
2017-04-15,West,Furniture,Chairs,Consumer,1121.568
2017-04-15,West,Office Supplies,Paper,Home Office,143.7
2017-04-16,East,Furniture,Furnishings,Corporate,9.96
2017-04-16,East,Office Supplies,Binders,Corporate,25.3
2017-04-16,East,Technology,Machines,Corporate,9099.93
2017-04-16,South,Office Supplies,Art,Consumer,12.84
2017-04-16,South,Office Supplies,Paper,Consumer,123.088
2017-04-16,South,Technology,Accessories,Consumer,35.168
2017-04-16,West,Office Supplies,Supplies,Consumer,28.8
2017-04-17,Central,Office Supplies,Fasteners,Home Office,29.05
2017-04-17,South,Furniture,Furnishings,Corporate,79.12
2017-04-17,South,Furniture,Furnishings,Home Office,18.624
2017-04-17,South,Technology,Phones,Home Office,36.792
2017-04-17,West,Furniture,Bookcases,Consumer,257.499
2017-04-18,Central,Furniture,Chairs,Corporate,344.372
2017-04-18,Central,Furniture,Furnishings,Corporate,127.88
2017-04-18,Central,Office Supplies,Paper,Home Office,9.664
2017-04-18,Central,Office Supplies,Storage,Corporate,1554.936
2017-04-18,Central,Office Supplies,Storage,Home Office,230.376
2017-04-18,East,Office Supplies,Art,Corporate,6.99
2017-04-18,East,Office Supplies,Supplies,Corporate,6.84
2017-04-18,South,Office Supplies,Appliances,Consumer,203.92
2017-04-18,South,Technology,Phones,Consumer,29.56
2017-04-19,East,Furniture,Tables,Home Office,205.176
2017-04-19,East,Office Supplies,Art,Consumer,75.24
2017-04-19,East,Office Supplies,Binders,Consumer,9.28
2017-04-19,East,Office Supplies,Paper,Home Office,419.4
2017-04-19,East,Office Supplies,Storage,Consumer,459.88
2017-04-19,East,Office Supplies,Supplies,Consumer,62.66
2017-04-19,East,Technology,Phones,Consumer,25.98
2017-04-19,West,Office Supplies,Art,Consumer,78.66
2017-04-19,West,Office Supplies,Binders,Consumer,15.176
2017-04-19,West,Office Supplies,Paper,Consumer,22.72
2017-04-19,West,Technology,Phones,Consumer,39.96
2017-04-21,Central,Office Supplies,Appliances,Corporate,48.792
2017-04-21,Central,Office Supplies,Binders,Corporate,44.848
2017-04-21,Central,Office Supplies,Storage,Corporate,102.336
2017-04-21,East,Office Supplies,Art,Consumer,15.48
2017-04-21,East,Office Supplies,Paper,Consumer,51.84
2017-04-21,West,Office Supplies,Binders,Consumer,8.32
2017-04-22,Central,Furniture,Furnishings,Home Office,86.62
2017-04-22,Central,Office Supplies,Storage,Home Office,23.952
2017-04-22,East,Office Supplies,Art,Consumer,35.010000000000005
2017-04-22,West,Furniture,Furnishings,Consumer,31.56
2017-04-22,West,Furniture,Furnishings,Home Office,23.56
2017-04-22,West,Furniture,Tables,Home Office,1272.63
2017-04-22,West,Office Supplies,Appliances,Home Office,78.272
2017-04-22,West,Office Supplies,Binders,Home Office,28.485
2017-04-22,West,Office Supplies,Supplies,Home Office,185.376
2017-04-23,East,Office Supplies,Paper,Consumer,186.64
2017-04-23,East,Office Supplies,Storage,Consumer,55.92
2017-04-23,South,Office Supplies,Paper,Corporate,36.24
2017-04-23,West,Office Supplies,Binders,Consumer,18.088
2017-04-23,West,Office Supplies,Binders,Corporate,251.52
2017-04-23,West,Office Supplies,Envelopes,Consumer,71.97
2017-04-23,West,Technology,Accessories,Corporate,99.99
2017-04-24,Central,Technology,Accessories,Home Office,258.696
2017-04-24,West,Furniture,Chairs,Home Office,1325.76
2017-04-24,West,Office Supplies,Binders,Consumer,3.984
2017-04-24,West,Office Supplies,Binders,Home Office,3.108
2017-04-24,West,Office Supplies,Paper,Home Office,15.552
2017-04-25,East,Office Supplies,Binders,Consumer,25.62
2017-04-25,East,Technology,Phones,Consumer,82.8
2017-04-26,East,Furniture,Chairs,Home Office,434.646
2017-04-28,Central,Furniture,Furnishings,Consumer,30.344
2017-04-28,Central,Office Supplies,Labels,Corporate,15.712
2017-04-28,Central,Technology,Phones,Corporate,369.576
2017-04-28,West,Furniture,Chairs,Corporate,41.568
2017-04-28,West,Office Supplies,Paper,Home Office,29.472
2017-04-30,Central,Furniture,Furnishings,Home Office,22.608
2017-04-30,East,Office Supplies,Binders,Consumer,7.712
2017-04-30,West,Furniture,Furnishings,Corporate,111.888
2017-05-01,South,Furniture,Tables,Consumer,370.62
2017-05-01,South,Office Supplies,Art,Consumer,11.16
2017-05-01,South,Office Supplies,Binders,Consumer,2.742
2017-05-01,South,Office Supplies,Labels,Consumer,3.984
2017-05-01,South,Office Supplies,Paper,Consumer,129.36
2017-05-02,Central,Furniture,Chairs,Consumer,366.744
2017-05-02,Central,Office Supplies,Art,Consumer,86.352
2017-05-02,Central,Office Supplies,Labels,Consumer,5.04
2017-05-02,Central,Office Supplies,Storage,Consumer,31.608
2017-05-02,East,Office Supplies,Binders,Consumer,45.576
2017-05-02,East,Office Supplies,Storage,Consumer,44.94
2017-05-02,South,Furniture,Chairs,Consumer,187.056
2017-05-03,Central,Office Supplies,Appliances,Consumer,26.406
2017-05-03,Central,Office Supplies,Art,Consumer,27.384
2017-05-03,Central,Office Supplies,Binders,Consumer,2.182
2017-05-03,East,Furniture,Furnishings,Consumer,51.968
2017-05-03,East,Office Supplies,Labels,Consumer,6.0
2017-05-03,East,Office Supplies,Storage,Consumer,195.64
2017-05-03,East,Technology,Accessories,Consumer,564.496
2017-05-03,East,Technology,Machines,Consumer,224.937
2017-05-05,South,Furniture,Furnishings,Consumer,16.72
2017-05-05,South,Office Supplies,Paper,Consumer,79.14
2017-05-05,South,Office Supplies,Paper,Corporate,14.352
2017-05-05,South,Office Supplies,Paper,Home Office,93.248
2017-05-05,South,Technology,Phones,Home Office,177.48
2017-05-05,West,Furniture,Tables,Consumer,369.86400000000003
2017-05-05,West,Furniture,Tables,Corporate,1685.88
2017-05-05,West,Office Supplies,Binders,Consumer,6.72
2017-05-05,West,Office Supplies,Binders,Corporate,5.728
2017-05-05,West,Office Supplies,Storage,Home Office,5.98
2017-05-05,West,Technology,Phones,Home Office,246.168
2017-05-06,Central,Office Supplies,Appliances,Home Office,54.48
2017-05-06,Central,Office Supplies,Binders,Consumer,3.208
2017-05-06,Central,Technology,Accessories,Consumer,26.176
2017-05-06,East,Furniture,Furnishings,Home Office,54.712
2017-05-06,East,Office Supplies,Fasteners,Home Office,7.216
2017-05-06,East,Office Supplies,Paper,Home Office,49.568
2017-05-06,West,Furniture,Furnishings,Consumer,41.6
2017-05-07,East,Furniture,Chairs,Consumer,442.764
2017-05-07,East,Furniture,Furnishings,Consumer,63.68
2017-05-07,East,Office Supplies,Binders,Consumer,85.232
2017-05-07,East,Office Supplies,Labels,Consumer,44.4
2017-05-07,East,Technology,Accessories,Consumer,199.95
2017-05-07,East,Technology,Machines,Consumer,3999.95
2017-05-08,East,Furniture,Furnishings,Corporate,211.96
2017-05-08,East,Office Supplies,Paper,Consumer,21.056
2017-05-08,East,Office Supplies,Storage,Consumer,1031.176
2017-05-08,East,Technology,Accessories,Consumer,58.112
2017-05-08,West,Office Supplies,Paper,Consumer,17.94
2017-05-09,Central,Office Supplies,Appliances,Corporate,48.784
2017-05-09,Central,Office Supplies,Binders,Corporate,31.711999999999996
2017-05-09,Central,Office Supplies,Paper,Corporate,76.64
2017-05-09,Central,Office Supplies,Storage,Corporate,856.656
2017-05-09,Central,Technology,Phones,Consumer,19.136
2017-05-09,East,Office Supplies,Art,Consumer,79.36
2017-05-09,East,Office Supplies,Art,Home Office,8.0
2017-05-09,East,Office Supplies,Envelopes,Consumer,9.344
2017-05-09,South,Office Supplies,Art,Consumer,27.86
2017-05-09,West,Office Supplies,Paper,Corporate,32.04
2017-05-09,West,Technology,Accessories,Consumer,93.98
2017-05-10,Central,Office Supplies,Envelopes,Consumer,7.072
2017-05-10,East,Technology,Phones,Home Office,743.988
2017-05-10,West,Office Supplies,Paper,Consumer,11.96
2017-05-11,West,Office Supplies,Paper,Consumer,5.98
2017-05-12,East,Furniture,Furnishings,Corporate,10.02
2017-05-12,East,Office Supplies,Storage,Corporate,82.368
2017-05-12,East,Technology,Phones,Corporate,631.96
2017-05-12,South,Office Supplies,Art,Corporate,10.96
2017-05-12,West,Office Supplies,Appliances,Consumer,8.67
2017-05-12,West,Office Supplies,Envelopes,Consumer,54.9
2017-05-12,West,Technology,Accessories,Consumer,120.0
2017-05-14,East,Furniture,Furnishings,Consumer,79.384
2017-05-14,South,Furniture,Furnishings,Corporate,30.192
2017-05-14,South,Office Supplies,Art,Corporate,4.768
2017-05-14,South,Office Supplies,Binders,Corporate,81.354
2017-05-14,South,Office Supplies,Paper,Corporate,31.104
2017-05-14,South,Technology,Phones,Corporate,43.6
2017-05-14,West,Technology,Accessories,Corporate,185.528
2017-05-15,East,Office Supplies,Binders,Consumer,13.776
2017-05-15,East,Office Supplies,Paper,Consumer,15.232
2017-05-15,South,Office Supplies,Art,Home Office,100.3
2017-05-15,South,Office Supplies,Binders,Consumer,7.764
2017-05-15,South,Office Supplies,Binders,Home Office,511.84
2017-05-16,East,Office Supplies,Storage,Consumer,552.56
2017-05-16,West,Furniture,Furnishings,Consumer,282.84
2017-05-16,West,Office Supplies,Labels,Consumer,27.72
2017-05-16,West,Office Supplies,Paper,Consumer,17.34
2017-05-17,Central,Furniture,Furnishings,Consumer,22.608
2017-05-17,Central,Office Supplies,Binders,Consumer,2.89
2017-05-17,Central,Office Supplies,Fasteners,Consumer,7.896
2017-05-17,Central,Office Supplies,Paper,Consumer,30.528
2017-05-17,East,Furniture,Furnishings,Consumer,173.24
2017-05-17,East,Office Supplies,Labels,Consumer,14.62
2017-05-17,East,Office Supplies,Supplies,Consumer,65.17
2017-05-17,South,Office Supplies,Binders,Corporate,29.97
2017-05-18,West,Office Supplies,Paper,Consumer,17.94
2017-05-18,West,Office Supplies,Storage,Consumer,104.28
2017-05-19,Central,Office Supplies,Art,Corporate,21.4
2017-05-19,East,Furniture,Furnishings,Consumer,75.68
2017-05-19,East,Office Supplies,Appliances,Consumer,242.9
2017-05-19,East,Office Supplies,Binders,Consumer,47.744
2017-05-19,East,Office Supplies,Storage,Consumer,454.9
2017-05-19,South,Furniture,Chairs,Consumer,641.96
2017-05-19,West,Office Supplies,Appliances,Corporate,87.84
2017-05-19,West,Office Supplies,Binders,Corporate,9.584
2017-05-20,South,Office Supplies,Binders,Consumer,2.694
2017-05-20,South,Technology,Phones,Consumer,1363.96
2017-05-20,West,Furniture,Furnishings,Home Office,1049.2
2017-05-20,West,Office Supplies,Binders,Home Office,56.059
2017-05-21,Central,Office Supplies,Binders,Corporate,5.7620000000000005
2017-05-21,Central,Office Supplies,Paper,Corporate,82.656
2017-05-21,East,Office Supplies,Paper,Corporate,111.96
2017-05-21,West,Technology,Accessories,Consumer,66.26
2017-05-21,West,Technology,Machines,Corporate,2396.4
2017-05-21,West,Technology,Phones,Consumer,55.176
2017-05-22,East,Furniture,Tables,Consumer,174.286
2017-05-22,East,Office Supplies,Appliances,Consumer,662.84
2017-05-22,East,Office Supplies,Envelopes,Consumer,26.88
2017-05-22,East,Technology,Accessories,Consumer,95.1
2017-05-22,East,Technology,Phones,Consumer,602.98
2017-05-22,South,Office Supplies,Labels,Consumer,14.73
2017-05-22,West,Technology,Phones,Corporate,222.384
2017-05-23,Central,Technology,Phones,Consumer,1979.928
2017-05-23,East,Office Supplies,Binders,Consumer,6.294
2017-05-23,East,Office Supplies,Paper,Consumer,10.368
2017-05-23,East,Technology,Copiers,Consumer,8399.976
2017-05-23,East,Technology,Phones,Consumer,122.382
2017-05-23,South,Office Supplies,Paper,Home Office,4.98
2017-05-23,West,Furniture,Furnishings,Consumer,37.05
2017-05-24,East,Office Supplies,Art,Home Office,16.656
2017-05-24,South,Office Supplies,Paper,Home Office,191.6
2017-05-24,South,Office Supplies,Supplies,Home Office,69.5
2017-05-25,South,Furniture,Furnishings,Home Office,24.96
2017-05-25,South,Office Supplies,Paper,Home Office,19.36
2017-05-25,South,Office Supplies,Storage,Home Office,1267.65
2017-05-26,Central,Furniture,Chairs,Consumer,388.43
2017-05-26,Central,Furniture,Furnishings,Consumer,26.94
2017-05-26,Central,Office Supplies,Paper,Consumer,24.72
2017-05-26,Central,Technology,Accessories,Consumer,63.992
2017-05-26,East,Furniture,Furnishings,Consumer,41.37
2017-05-26,East,Office Supplies,Appliances,Corporate,34.848
2017-05-26,East,Office Supplies,Art,Corporate,1.504
2017-05-26,East,Office Supplies,Binders,Consumer,9.64
2017-05-26,East,Office Supplies,Paper,Consumer,32.14
2017-05-26,South,Office Supplies,Storage,Corporate,184.704
2017-05-26,South,Technology,Accessories,Corporate,47.92
2017-05-26,West,Furniture,Chairs,Consumer,484.704
2017-05-26,West,Office Supplies,Fasteners,Consumer,5.94
2017-05-26,West,Office Supplies,Paper,Consumer,45.36
2017-05-26,West,Technology,Machines,Consumer,371.976
2017-05-26,West,Technology,Phones,Consumer,211.168
2017-05-27,Central,Furniture,Chairs,Corporate,3504.9
2017-05-27,Central,Furniture,Furnishings,Consumer,30.759999999999998
2017-05-27,Central,Office Supplies,Paper,Corporate,458.67
2017-05-27,Central,Office Supplies,Storage,Consumer,1297.368
2017-05-27,West,Office Supplies,Paper,Consumer,13.38
2017-05-28,Central,Technology,Phones,Home Office,286.4
2017-05-28,East,Office Supplies,Supplies,Corporate,54.9
2017-05-28,South,Furniture,Chairs,Corporate,390.272
2017-05-28,South,Office Supplies,Art,Consumer,185.88
2017-05-28,South,Office Supplies,Paper,Corporate,62.192
2017-05-28,West,Office Supplies,Appliances,Consumer,262.24
2017-05-28,West,Office Supplies,Binders,Consumer,22.72
2017-05-28,West,Office Supplies,Paper,Consumer,182.72
2017-05-28,West,Technology,Accessories,Consumer,131.6
2017-05-28,West,Technology,Machines,Consumer,558.4
2017-05-29,South,Furniture,Furnishings,Consumer,44.76
2017-05-29,South,Office Supplies,Art,Consumer,4.448
2017-05-29,South,Office Supplies,Binders,Consumer,34.027
2017-05-29,South,Technology,Phones,Consumer,979.95
2017-05-30,Central,Furniture,Furnishings,Home Office,47.4
2017-05-30,Central,Office Supplies,Appliances,Home Office,364.74
2017-05-30,Central,Office Supplies,Art,Home Office,20.259999999999998
2017-05-30,Central,Office Supplies,Paper,Home Office,674.46
2017-05-30,Central,Office Supplies,Storage,Home Office,49.76
2017-05-30,Central,Technology,Accessories,Consumer,223.96
2017-05-30,Central,Technology,Phones,Consumer,79.96
2017-05-30,Central,Technology,Phones,Home Office,125.99
2017-05-30,East,Office Supplies,Appliances,Consumer,123.92
2017-05-30,East,Technology,Copiers,Corporate,839.988
2017-05-30,South,Furniture,Tables,Corporate,2275.5
2017-05-30,South,Office Supplies,Binders,Consumer,3.282
2017-05-30,South,Office Supplies,Envelopes,Corporate,26.55
2017-05-30,South,Office Supplies,Labels,Corporate,62.1
2017-05-30,South,Technology,Accessories,Corporate,2091.68
2017-05-30,West,Furniture,Chairs,Corporate,801.568
2017-05-30,West,Furniture,Furnishings,Corporate,167.84
2017-05-30,West,Office Supplies,Binders,Corporate,39.948
2017-05-30,West,Office Supplies,Paper,Corporate,32.792
2017-05-30,West,Office Supplies,Paper,Home Office,38.88
2017-05-31,Central,Furniture,Chairs,Consumer,191.079
2017-05-31,Central,Furniture,Furnishings,Consumer,32.064
2017-05-31,Central,Office Supplies,Paper,Consumer,28.863999999999997
2017-05-31,East,Office Supplies,Binders,Consumer,7.152
2017-05-31,East,Technology,Phones,Consumer,179.7
2017-06-02,East,Office Supplies,Storage,Corporate,64.784
2017-06-02,West,Office Supplies,Binders,Corporate,62.88
2017-06-02,West,Office Supplies,Paper,Corporate,30.18
2017-06-04,Central,Furniture,Furnishings,Consumer,435.41200000000003
2017-06-04,Central,Furniture,Tables,Consumer,177.225
2017-06-04,Central,Office Supplies,Art,Consumer,7.408
2017-06-04,Central,Office Supplies,Paper,Consumer,25.92
2017-06-04,Central,Technology,Phones,Consumer,31.984
2017-06-04,East,Furniture,Bookcases,Consumer,136.784
2017-06-04,East,Furniture,Furnishings,Consumer,61.12
2017-06-04,East,Office Supplies,Paper,Consumer,14.94
2017-06-04,East,Technology,Machines,Consumer,1349.85
2017-06-04,South,Office Supplies,Paper,Consumer,75.88
2017-06-05,East,Office Supplies,Art,Consumer,11.16
2017-06-05,East,Office Supplies,Labels,Consumer,14.94
2017-06-05,East,Office Supplies,Labels,Home Office,7.56
2017-06-05,East,Office Supplies,Storage,Consumer,360.38
2017-06-05,East,Office Supplies,Storage,Home Office,124.608
2017-06-05,West,Office Supplies,Appliances,Consumer,58.24
2017-06-05,West,Office Supplies,Binders,Consumer,21.552
2017-06-05,West,Office Supplies,Supplies,Corporate,61.38
2017-06-06,Central,Technology,Phones,Consumer,328.224
2017-06-06,East,Office Supplies,Paper,Corporate,105.52
2017-06-06,East,Office Supplies,Storage,Consumer,714.3
2017-06-06,South,Office Supplies,Binders,Consumer,75.81
2017-06-06,South,Office Supplies,Paper,Consumer,72.9
2017-06-06,South,Technology,Accessories,Consumer,530.16
2017-06-06,West,Office Supplies,Labels,Home Office,22.05
2017-06-06,West,Office Supplies,Paper,Home Office,99.9
2017-06-06,West,Technology,Accessories,Home Office,26.96
2017-06-06,West,Technology,Phones,Home Office,3501.528
2017-06-07,East,Office Supplies,Fasteners,Home Office,9.648
2017-06-07,East,Office Supplies,Paper,Home Office,32.4
2017-06-07,West,Office Supplies,Binders,Home Office,4.784
2017-06-07,West,Office Supplies,Paper,Home Office,4.73
2017-06-09,Central,Furniture,Tables,Home Office,692.94
2017-06-09,South,Technology,Machines,Consumer,695.7
2017-06-09,West,Furniture,Chairs,Consumer,122.352
2017-06-09,West,Technology,Phones,Consumer,177.48
2017-06-10,East,Office Supplies,Labels,Consumer,23.616
2017-06-10,West,Furniture,Tables,Consumer,1335.68
2017-06-10,West,Office Supplies,Labels,Consumer,20.7
2017-06-10,West,Office Supplies,Paper,Consumer,32.4
2017-06-11,Central,Furniture,Furnishings,Corporate,12.544
2017-06-11,Central,Office Supplies,Binders,Corporate,9.616
2017-06-11,East,Technology,Accessories,Consumer,239.97
2017-06-11,West,Furniture,Tables,Consumer,902.712
2017-06-11,West,Office Supplies,Binders,Consumer,53.984
2017-06-11,West,Office Supplies,Labels,Consumer,14.62
2017-06-11,West,Technology,Accessories,Consumer,389.97
2017-06-12,Central,Furniture,Chairs,Home Office,379.372
2017-06-12,Central,Furniture,Furnishings,Home Office,6.984
2017-06-12,Central,Office Supplies,Appliances,Home Office,64.384
2017-06-12,Central,Office Supplies,Art,Home Office,11.264
2017-06-12,Central,Office Supplies,Binders,Home Office,1.524
2017-06-12,Central,Office Supplies,Paper,Consumer,23.12
2017-06-12,Central,Office Supplies,Paper,Home Office,329.04
2017-06-12,Central,Office Supplies,Storage,Home Office,67.536
2017-06-12,Central,Technology,Machines,Home Office,1007.979
2017-06-12,East,Furniture,Furnishings,Consumer,47.04
2017-06-12,East,Office Supplies,Appliances,Consumer,52.56
2017-06-12,East,Office Supplies,Binders,Consumer,30.84
2017-06-12,East,Office Supplies,Envelopes,Consumer,115.02
2017-06-12,East,Office Supplies,Paper,Consumer,92.94
2017-06-12,East,Office Supplies,Storage,Consumer,226.56
2017-06-12,East,Technology,Phones,Consumer,68.04
2017-06-12,South,Office Supplies,Appliances,Corporate,208.16
2017-06-12,South,Office Supplies,Binders,Corporate,16.74
2017-06-12,West,Office Supplies,Labels,Corporate,14.62
2017-06-12,West,Office Supplies,Paper,Corporate,198.84
2017-06-13,Central,Office Supplies,Labels,Consumer,18.9
2017-06-13,Central,Technology,Phones,Home Office,377.97
2017-06-13,East,Office Supplies,Binders,Consumer,33.568
2017-06-14,East,Furniture,Tables,Corporate,337.176
2017-06-14,South,Office Supplies,Binders,Consumer,39.936
2017-06-14,South,Technology,Accessories,Consumer,18.464
2017-06-14,West,Furniture,Bookcases,Home Office,599.165
2017-06-14,West,Furniture,Furnishings,Home Office,8.73
2017-06-14,West,Furniture,Tables,Corporate,2408.6580000000004
2017-06-14,West,Office Supplies,Art,Home Office,15.68
2017-06-14,West,Technology,Accessories,Home Office,29.29
2017-06-15,Central,Office Supplies,Paper,Consumer,173.488
2017-06-16,East,Office Supplies,Labels,Consumer,9.45
2017-06-16,South,Technology,Machines,Home Office,91.475
2017-06-16,West,Office Supplies,Paper,Consumer,46.35
2017-06-17,East,Furniture,Chairs,Consumer,319.41
2017-06-17,East,Furniture,Tables,Corporate,376.866
2017-06-17,East,Office Supplies,Art,Consumer,1.68
2017-06-17,East,Office Supplies,Art,Corporate,9.84
2017-06-17,East,Office Supplies,Binders,Consumer,48.48
2017-06-17,East,Office Supplies,Binders,Corporate,7.96
2017-06-17,East,Office Supplies,Paper,Consumer,46.96
2017-06-17,East,Office Supplies,Storage,Consumer,249.3
2017-06-17,East,Technology,Accessories,Consumer,30.0
2017-06-17,East,Technology,Phones,Corporate,566.97
2017-06-17,West,Furniture,Bookcases,Consumer,239.666
2017-06-17,West,Furniture,Chairs,Consumer,483.136
2017-06-17,West,Furniture,Furnishings,Consumer,266.352
2017-06-17,West,Office Supplies,Labels,Consumer,22.5
2017-06-17,West,Office Supplies,Paper,Consumer,331.8
2017-06-18,Central,Office Supplies,Paper,Consumer,76.864
2017-06-18,East,Office Supplies,Appliances,Corporate,453.6
2017-06-18,East,Office Supplies,Binders,Corporate,4.626
2017-06-18,East,Office Supplies,Paper,Corporate,6.848
2017-06-19,West,Office Supplies,Paper,Corporate,17.12
2017-06-20,Central,Furniture,Furnishings,Corporate,57.69
2017-06-20,Central,Office Supplies,Paper,Corporate,10.368
2017-06-20,Central,Technology,Accessories,Corporate,102.86800000000001
2017-06-20,East,Office Supplies,Appliances,Home Office,447.696
2017-06-20,East,Office Supplies,Binders,Home Office,29.718
2017-06-20,East,Office Supplies,Paper,Home Office,60.608
2017-06-20,East,Technology,Accessories,Consumer,45.0
2017-06-20,East,Technology,Phones,Consumer,21.8
2017-06-20,West,Furniture,Chairs,Consumer,161.568
2017-06-20,West,Office Supplies,Appliances,Consumer,21.78
2017-06-20,West,Office Supplies,Art,Corporate,5.16
2017-06-20,West,Office Supplies,Binders,Consumer,17.712
2017-06-20,West,Office Supplies,Paper,Consumer,46.76
2017-06-20,West,Office Supplies,Paper,Corporate,38.88
2017-06-20,West,Office Supplies,Storage,Consumer,161.94
2017-06-21,Central,Office Supplies,Binders,Corporate,0.836
2017-06-21,East,Furniture,Bookcases,Consumer,353.568
2017-06-21,East,Office Supplies,Binders,Consumer,222.704
2017-06-23,East,Office Supplies,Fasteners,Consumer,3.96
2017-06-23,East,Office Supplies,Labels,Consumer,166.4
2017-06-23,East,Office Supplies,Paper,Consumer,146.73
2017-06-23,East,Office Supplies,Storage,Consumer,324.9
2017-06-23,East,Office Supplies,Supplies,Consumer,835.17
2017-06-23,West,Office Supplies,Labels,Consumer,21.93
2017-06-23,West,Office Supplies,Paper,Consumer,19.98
2017-06-23,West,Office Supplies,Storage,Consumer,93.68
2017-06-23,West,Technology,Phones,Consumer,862.344
2017-06-24,Central,Office Supplies,Appliances,Corporate,8.712
2017-06-24,Central,Technology,Phones,Consumer,440.91
2017-06-24,West,Office Supplies,Appliances,Consumer,241.44
2017-06-24,West,Office Supplies,Paper,Consumer,104.85
2017-06-24,West,Technology,Machines,Consumer,4476.8
2017-06-24,West,Technology,Phones,Consumer,38.24
2017-06-25,Central,Furniture,Chairs,Consumer,85.246
2017-06-25,Central,Furniture,Furnishings,Consumer,32.712
2017-06-25,East,Furniture,Chairs,Corporate,422.058
2017-06-25,East,Office Supplies,Binders,Corporate,38.088
2017-06-25,East,Office Supplies,Storage,Corporate,254.352
2017-06-25,West,Office Supplies,Appliances,Consumer,60.81
2017-06-26,Central,Office Supplies,Art,Corporate,5.304
2017-06-26,Central,Office Supplies,Binders,Home Office,8.02
2017-06-26,Central,Office Supplies,Paper,Home Office,368.91
2017-06-26,Central,Office Supplies,Storage,Home Office,171.04
2017-06-26,Central,Technology,Accessories,Home Office,13.616
2017-06-26,East,Furniture,Furnishings,Corporate,37.74
2017-06-26,East,Office Supplies,Art,Corporate,14.7
2017-06-26,East,Office Supplies,Storage,Consumer,14.9
2017-06-26,East,Office Supplies,Storage,Corporate,704.25
2017-06-26,East,Technology,Accessories,Corporate,160.93
2017-06-26,South,Technology,Phones,Consumer,135.95
2017-06-26,West,Furniture,Furnishings,Consumer,22.14
2017-06-26,West,Office Supplies,Fasteners,Corporate,17.9
2017-06-26,West,Office Supplies,Paper,Corporate,12.48
2017-06-26,West,Office Supplies,Supplies,Corporate,231.72
2017-06-27,Central,Furniture,Chairs,Corporate,539.658
2017-06-27,Central,Office Supplies,Paper,Corporate,37.464
2017-06-27,West,Technology,Phones,Consumer,201.584
2017-06-28,Central,Technology,Phones,Consumer,359.976
2017-06-28,East,Furniture,Chairs,Consumer,121.96
2017-06-28,East,Office Supplies,Appliances,Consumer,283.98
2017-06-28,East,Office Supplies,Binders,Consumer,7.96
2017-06-28,East,Office Supplies,Paper,Consumer,61.96
2017-06-28,West,Office Supplies,Binders,Corporate,41.32
2017-06-29,South,Office Supplies,Storage,Consumer,191.88
2017-06-30,Central,Technology,Accessories,Home Office,50.12
2017-06-30,South,Furniture,Bookcases,Consumer,1266.86
2017-06-30,South,Office Supplies,Art,Consumer,35.97
2017-07-01,East,Office Supplies,Labels,Home Office,30.53
2017-07-01,East,Office Supplies,Paper,Home Office,75.06
2017-07-01,East,Technology,Accessories,Home Office,30.84
2017-07-01,South,Office Supplies,Binders,Consumer,72.54
2017-07-01,South,Office Supplies,Paper,Consumer,12.96
2017-07-01,West,Office Supplies,Binders,Home Office,2.496
2017-07-01,West,Technology,Copiers,Home Office,1499.95
2017-07-02,Central,Furniture,Chairs,Corporate,528.43
2017-07-02,Central,Office Supplies,Paper,Corporate,41.472
2017-07-02,South,Office Supplies,Art,Consumer,7.7
2017-07-02,West,Furniture,Chairs,Corporate,195.184
2017-07-03,East,Office Supplies,Appliances,Corporate,706.86
2017-07-03,East,Office Supplies,Paper,Corporate,123.92
2017-07-03,West,Office Supplies,Fasteners,Consumer,3.96
2017-07-03,West,Office Supplies,Paper,Consumer,12.96
2017-07-04,West,Furniture,Bookcases,Consumer,1279.165
2017-07-04,West,Furniture,Furnishings,Consumer,25.4
2017-07-04,West,Furniture,Furnishings,Home Office,25.4
2017-07-04,West,Office Supplies,Envelopes,Consumer,43.96
2017-07-04,West,Office Supplies,Storage,Consumer,27.92
2017-07-04,West,Technology,Phones,Home Office,249.456
2017-07-07,Central,Furniture,Chairs,Corporate,253.372
2017-07-07,Central,Furniture,Furnishings,Corporate,60.288
2017-07-07,Central,Office Supplies,Fasteners,Corporate,2.632
2017-07-07,Central,Office Supplies,Paper,Corporate,23.688
2017-07-07,East,Office Supplies,Binders,Home Office,15.135
2017-07-07,East,Office Supplies,Labels,Home Office,10.08
2017-07-07,East,Technology,Phones,Home Office,59.994
2017-07-07,South,Office Supplies,Supplies,Corporate,45.584
2017-07-07,West,Furniture,Chairs,Consumer,287.968
2017-07-07,West,Furniture,Furnishings,Consumer,215.65
2017-07-07,West,Office Supplies,Art,Consumer,45.98
2017-07-07,West,Office Supplies,Paper,Consumer,61.9
2017-07-07,West,Technology,Copiers,Consumer,2799.96
2017-07-08,Central,Office Supplies,Art,Corporate,47.616
2017-07-08,Central,Technology,Phones,Corporate,863.64
2017-07-08,East,Office Supplies,Paper,Corporate,12.96
2017-07-08,South,Office Supplies,Paper,Consumer,15.984
2017-07-08,South,Technology,Phones,Consumer,823.96
2017-07-08,West,Furniture,Chairs,Consumer,662.88
2017-07-08,West,Office Supplies,Binders,Consumer,48.0
2017-07-08,West,Office Supplies,Storage,Consumer,33.488
2017-07-08,West,Technology,Phones,Consumer,107.984
2017-07-09,East,Furniture,Chairs,Corporate,408.006
2017-07-09,East,Furniture,Furnishings,Corporate,165.28
2017-07-10,Central,Office Supplies,Art,Consumer,154.24
2017-07-10,Central,Office Supplies,Storage,Consumer,338.04
2017-07-10,East,Technology,Machines,Corporate,341.991
2017-07-10,West,Office Supplies,Binders,Home Office,44.856
2017-07-10,West,Office Supplies,Storage,Consumer,16.768
2017-07-12,West,Technology,Phones,Corporate,95.76
2017-07-14,Central,Office Supplies,Paper,Consumer,219.84
2017-07-14,Central,Technology,Phones,Consumer,419.944
2017-07-14,East,Furniture,Bookcases,Corporate,579.136
2017-07-14,East,Office Supplies,Art,Corporate,41.86
2017-07-14,East,Office Supplies,Binders,Corporate,31.848
2017-07-14,East,Office Supplies,Fasteners,Consumer,29.61
2017-07-14,East,Office Supplies,Fasteners,Corporate,14.07
2017-07-14,East,Office Supplies,Storage,Corporate,11.21
2017-07-14,East,Office Supplies,Supplies,Consumer,11.632
2017-07-14,South,Furniture,Furnishings,Consumer,51.75
2017-07-14,South,Office Supplies,Binders,Consumer,36.4
2017-07-14,South,Technology,Accessories,Consumer,29.0
2017-07-14,West,Furniture,Furnishings,Consumer,30.8
2017-07-14,West,Office Supplies,Appliances,Consumer,151.62
2017-07-14,West,Technology,Phones,Consumer,110.376
2017-07-14,West,Technology,Phones,Corporate,380.864
2017-07-15,West,Furniture,Chairs,Corporate,230.28
2017-07-15,West,Office Supplies,Paper,Corporate,105.52
2017-07-15,West,Office Supplies,Supplies,Home Office,44.4
2017-07-16,Central,Furniture,Furnishings,Corporate,9.552
2017-07-16,Central,Office Supplies,Paper,Corporate,20.016
2017-07-16,Central,Office Supplies,Storage,Corporate,37.224
2017-07-16,East,Office Supplies,Supplies,Consumer,5.84
2017-07-16,East,Technology,Phones,Consumer,638.358
2017-07-16,South,Office Supplies,Art,Corporate,22.32
2017-07-16,South,Office Supplies,Binders,Corporate,30.560000000000002
2017-07-16,South,Office Supplies,Envelopes,Corporate,10.2
2017-07-16,South,Office Supplies,Paper,Corporate,60.12
2017-07-16,South,Technology,Accessories,Corporate,75.98
2017-07-17,Central,Office Supplies,Paper,Consumer,81.41
2017-07-17,Central,Office Supplies,Storage,Consumer,508.11
2017-07-17,East,Office Supplies,Appliances,Consumer,45.96
2017-07-17,East,Office Supplies,Appliances,Corporate,162.64
2017-07-17,East,Office Supplies,Paper,Corporate,55.48
2017-07-17,East,Technology,Phones,Corporate,597.0
2017-07-17,West,Furniture,Furnishings,Consumer,37.17
2017-07-17,West,Office Supplies,Binders,Consumer,12.816
2017-07-17,West,Office Supplies,Labels,Consumer,87.71
2017-07-17,West,Office Supplies,Storage,Consumer,69.52
2017-07-17,West,Office Supplies,Storage,Corporate,77.88
2017-07-17,West,Technology,Accessories,Consumer,428.4
2017-07-17,West,Technology,Phones,Consumer,20.784
2017-07-18,Central,Technology,Accessories,Consumer,15.576
2017-07-18,East,Office Supplies,Art,Home Office,11.264
2017-07-18,East,Office Supplies,Paper,Home Office,18.496
2017-07-18,East,Office Supplies,Storage,Home Office,284.08
2017-07-18,South,Furniture,Chairs,Corporate,140.81
2017-07-18,West,Furniture,Chairs,Corporate,1398.3600000000001
2017-07-18,West,Office Supplies,Binders,Corporate,1.872
2017-07-18,West,Office Supplies,Storage,Corporate,931.608
2017-07-18,West,Office Supplies,Supplies,Corporate,33.8
2017-07-18,West,Technology,Phones,Consumer,55.992
2017-07-19,South,Furniture,Bookcases,Consumer,504.9
2017-07-19,South,Furniture,Furnishings,Consumer,185.58
2017-07-19,South,Office Supplies,Binders,Consumer,86.16
2017-07-19,South,Office Supplies,Paper,Consumer,245.94
2017-07-19,South,Office Supplies,Storage,Consumer,87.92
2017-07-19,West,Technology,Accessories,Home Office,389.97
2017-07-19,West,Technology,Phones,Home Office,35.984
2017-07-20,East,Technology,Phones,Consumer,89.95
2017-07-21,East,Office Supplies,Art,Corporate,18.656
2017-07-21,East,Office Supplies,Binders,Corporate,13.029
2017-07-21,East,Office Supplies,Storage,Corporate,166.176
2017-07-21,South,Furniture,Chairs,Consumer,363.92
2017-07-21,South,Office Supplies,Labels,Consumer,6.264
2017-07-21,West,Office Supplies,Envelopes,Corporate,419.9
2017-07-21,West,Office Supplies,Labels,Corporate,3.15
2017-07-22,Central,Office Supplies,Art,Consumer,29.2
2017-07-22,Central,Office Supplies,Paper,Consumer,32.4
2017-07-22,Central,Office Supplies,Storage,Consumer,965.85
2017-07-22,Central,Technology,Accessories,Consumer,109.95
2017-07-22,East,Furniture,Furnishings,Consumer,11.648
2017-07-22,East,Furniture,Furnishings,Corporate,27.42
2017-07-22,East,Office Supplies,Appliances,Corporate,37.68
2017-07-22,East,Office Supplies,Art,Consumer,4.16
2017-07-22,East,Office Supplies,Binders,Corporate,5.4
2017-07-22,East,Office Supplies,Paper,Corporate,51.84
2017-07-22,West,Office Supplies,Labels,Corporate,6.3
2017-07-22,West,Office Supplies,Supplies,Home Office,86.2
2017-07-23,Central,Office Supplies,Art,Consumer,180.368
2017-07-23,Central,Office Supplies,Binders,Consumer,4.752
2017-07-23,Central,Office Supplies,Binders,Home Office,11.416
2017-07-23,Central,Office Supplies,Paper,Consumer,5.184
2017-07-23,Central,Office Supplies,Supplies,Consumer,13.344
2017-07-23,Central,Technology,Phones,Consumer,115.136
2017-07-23,South,Office Supplies,Appliances,Corporate,23.696
2017-07-23,South,Office Supplies,Art,Corporate,35.216
2017-07-23,South,Technology,Machines,Corporate,265.475
2017-07-24,East,Furniture,Chairs,Corporate,253.764
2017-07-24,South,Office Supplies,Art,Consumer,73.2
2017-07-25,Central,Office Supplies,Envelopes,Home Office,20.936
2017-07-25,Central,Office Supplies,Labels,Corporate,15.712
2017-07-25,East,Office Supplies,Appliances,Corporate,243.88
2017-07-25,East,Technology,Copiers,Consumer,1439.976
2017-07-25,South,Furniture,Tables,Consumer,2430.08
2017-07-25,South,Office Supplies,Binders,Home Office,10.44
2017-07-25,South,Office Supplies,Paper,Consumer,65.5
2017-07-25,South,Office Supplies,Storage,Consumer,7.89
2017-07-25,West,Furniture,Chairs,Consumer,241.568
2017-07-25,West,Furniture,Furnishings,Consumer,325.06
2017-07-25,West,Office Supplies,Art,Home Office,37.17
2017-07-25,West,Office Supplies,Binders,Consumer,119.616
2017-07-25,West,Office Supplies,Fasteners,Consumer,21.48
2017-07-28,Central,Furniture,Furnishings,Home Office,327.42
2017-07-28,Central,Office Supplies,Fasteners,Home Office,20.44
2017-07-28,Central,Office Supplies,Paper,Home Office,109.92
2017-07-28,East,Furniture,Bookcases,Consumer,177.45
2017-07-28,East,Office Supplies,Appliances,Consumer,9.48
2017-07-28,East,Office Supplies,Binders,Consumer,1369.764
2017-07-28,West,Office Supplies,Labels,Consumer,18.9
2017-07-29,East,Office Supplies,Storage,Corporate,84.784
2017-07-29,South,Office Supplies,Binders,Consumer,29.61
2017-07-29,South,Office Supplies,Storage,Consumer,704.76
2017-07-30,Central,Office Supplies,Binders,Home Office,9.264
2017-07-30,Central,Office Supplies,Labels,Consumer,9.248
2017-07-30,Central,Office Supplies,Storage,Consumer,1036.624
2017-07-30,West,Office Supplies,Appliances,Corporate,715.64
2017-07-31,Central,Furniture,Furnishings,Consumer,272.94
2017-07-31,Central,Office Supplies,Appliances,Consumer,283.14
2017-07-31,Central,Technology,Phones,Consumer,754.95
2017-07-31,West,Furniture,Tables,Corporate,863.128
2017-08-01,Central,Office Supplies,Paper,Corporate,19.648
2017-08-01,East,Furniture,Furnishings,Consumer,19.312
2017-08-01,West,Office Supplies,Appliances,Corporate,45.96
2017-08-01,West,Technology,Phones,Corporate,1039.728
2017-08-02,West,Furniture,Tables,Corporate,136.464
2017-08-02,West,Office Supplies,Binders,Corporate,12.544
2017-08-02,West,Technology,Phones,Corporate,333.576
2017-08-03,Central,Office Supplies,Envelopes,Consumer,81.54
2017-08-03,Central,Technology,Accessories,Consumer,167.28
2017-08-04,Central,Office Supplies,Binders,Consumer,3.98
2017-08-04,South,Furniture,Furnishings,Home Office,109.8
2017-08-04,South,Office Supplies,Labels,Home Office,13.95
2017-08-04,South,Office Supplies,Supplies,Home Office,35.06
2017-08-04,West,Office Supplies,Binders,Corporate,32.736000000000004
2017-08-04,West,Technology,Phones,Corporate,302.384
2017-08-05,South,Office Supplies,Art,Corporate,197.05
2017-08-06,East,Office Supplies,Art,Consumer,38.34
2017-08-06,East,Office Supplies,Paper,Corporate,70.88
2017-08-06,West,Technology,Phones,Consumer,211.168
2017-08-07,West,Technology,Accessories,Corporate,179.97
2017-08-08,Central,Office Supplies,Fasteners,Consumer,11.168
2017-08-08,Central,Office Supplies,Paper,Consumer,64.512
2017-08-08,South,Office Supplies,Fasteners,Home Office,23.34
2017-08-08,West,Furniture,Tables,Home Office,513.024
2017-08-08,West,Office Supplies,Appliances,Home Office,487.92
2017-08-08,West,Office Supplies,Binders,Home Office,15.24
2017-08-09,South,Office Supplies,Appliances,Consumer,569.536
2017-08-09,South,Office Supplies,Binders,Home Office,16.218
2017-08-09,South,Office Supplies,Paper,Consumer,30.816
2017-08-09,South,Technology,Phones,Consumer,44.784
2017-08-11,Central,Office Supplies,Binders,Home Office,119.42
2017-08-11,Central,Office Supplies,Paper,Home Office,32.4
2017-08-12,Central,Office Supplies,Paper,Consumer,6.48
2017-08-12,Central,Technology,Accessories,Consumer,1399.944
2017-08-12,East,Furniture,Chairs,Home Office,145.764
2017-08-12,East,Furniture,Tables,Consumer,209.148
2017-08-12,East,Office Supplies,Art,Home Office,37.312
2017-08-12,East,Office Supplies,Storage,Consumer,1591.02
2017-08-12,South,Furniture,Tables,Corporate,562.2925
2017-08-13,Central,Furniture,Bookcases,Corporate,241.96
2017-08-13,Central,Office Supplies,Appliances,Consumer,58.924
2017-08-13,Central,Office Supplies,Binders,Corporate,8.52
2017-08-13,Central,Office Supplies,Supplies,Consumer,185.376
2017-08-13,South,Office Supplies,Appliances,Consumer,17.34
2017-08-13,South,Office Supplies,Binders,Consumer,33.552
2017-08-13,South,Office Supplies,Labels,Consumer,103.6
2017-08-13,South,Office Supplies,Paper,Consumer,10.272
2017-08-13,South,Technology,Accessories,Consumer,71.98
2017-08-14,East,Technology,Accessories,Corporate,279.96
2017-08-14,East,Technology,Phones,Corporate,507.084
2017-08-14,South,Office Supplies,Paper,Consumer,15.552
2017-08-14,West,Office Supplies,Paper,Consumer,15.54
2017-08-14,West,Technology,Machines,Consumer,105.552
2017-08-15,South,Furniture,Chairs,Consumer,225.296
2017-08-15,South,Technology,Phones,Consumer,705.544
2017-08-15,West,Furniture,Furnishings,Consumer,312.03
2017-08-15,West,Office Supplies,Appliances,Consumer,122.328
2017-08-15,West,Office Supplies,Binders,Consumer,18.882
2017-08-15,West,Office Supplies,Labels,Corporate,3.15
2017-08-15,West,Office Supplies,Paper,Consumer,37.52
2017-08-15,West,Office Supplies,Storage,Consumer,17.94
2017-08-15,West,Technology,Phones,Consumer,165.6
2017-08-15,West,Technology,Phones,Corporate,71.976
2017-08-16,West,Furniture,Tables,Corporate,161.28
2017-08-16,West,Office Supplies,Envelopes,Consumer,10.86
2017-08-16,West,Office Supplies,Paper,Consumer,32.4
2017-08-17,West,Office Supplies,Binders,Consumer,15.712
2017-08-18,Central,Furniture,Furnishings,Home Office,14.896
2017-08-18,Central,Office Supplies,Binders,Consumer,2.068
2017-08-18,Central,Office Supplies,Paper,Consumer,83.84
2017-08-18,East,Office Supplies,Appliances,Corporate,355.32
2017-08-18,East,Technology,Phones,Corporate,39.99
2017-08-19,East,Office Supplies,Binders,Consumer,448.792
2017-08-20,Central,Technology,Phones,Home Office,14.78
2017-08-21,East,Furniture,Tables,Home Office,815.292
2017-08-21,South,Office Supplies,Labels,Home Office,9.216
2017-08-21,South,Office Supplies,Supplies,Home Office,28.048
2017-08-21,West,Furniture,Tables,Corporate,2887.056
2017-08-21,West,Office Supplies,Binders,Corporate,46.111999999999995
2017-08-21,West,Office Supplies,Paper,Corporate,60.480000000000004
2017-08-21,West,Technology,Accessories,Corporate,254.97
2017-08-21,West,Technology,Phones,Corporate,123.94399999999999
2017-08-22,Central,Office Supplies,Binders,Consumer,4.312
2017-08-22,East,Office Supplies,Appliances,Consumer,113.552
2017-08-22,East,Office Supplies,Binders,Consumer,3.318
2017-08-22,East,Office Supplies,Envelopes,Consumer,134.288
2017-08-22,West,Furniture,Furnishings,Home Office,98.328
2017-08-22,West,Office Supplies,Art,Corporate,5.76
2017-08-22,West,Office Supplies,Binders,Consumer,26.352
2017-08-22,West,Office Supplies,Paper,Corporate,19.44
2017-08-23,Central,Furniture,Furnishings,Home Office,22.608
2017-08-23,Central,Office Supplies,Labels,Home Office,62.790000000000006
2017-08-23,Central,Office Supplies,Storage,Home Office,742.2660000000001
2017-08-23,Central,Technology,Accessories,Home Office,668.38
2017-08-23,East,Office Supplies,Appliances,Corporate,1040.8
2017-08-23,East,Office Supplies,Art,Corporate,50.64
2017-08-23,West,Furniture,Chairs,Consumer,532.704
2017-08-23,West,Office Supplies,Appliances,Consumer,43.1
2017-08-23,West,Office Supplies,Envelopes,Consumer,135.9
2017-08-23,West,Office Supplies,Paper,Consumer,34.68
2017-08-23,West,Office Supplies,Supplies,Consumer,15.88
2017-08-23,West,Technology,Machines,Consumer,837.6
2017-08-26,Central,Furniture,Chairs,Corporate,1024.716
2017-08-26,Central,Furniture,Tables,Consumer,447.84
2017-08-26,Central,Office Supplies,Art,Consumer,8.64
2017-08-26,Central,Office Supplies,Paper,Consumer,11.56
2017-08-26,Central,Technology,Accessories,Consumer,479.97
2017-08-26,Central,Technology,Accessories,Corporate,159.984
2017-08-26,Central,Technology,Accessories,Home Office,47.97
2017-08-26,Central,Technology,Phones,Consumer,209.97
2017-08-26,East,Office Supplies,Art,Corporate,5.472
2017-08-26,East,Office Supplies,Binders,Corporate,146.688
2017-08-26,East,Technology,Accessories,Corporate,297.93399999999997
2017-08-26,East,Technology,Phones,Corporate,33.0
2017-08-26,South,Furniture,Furnishings,Consumer,186.54
2017-08-26,South,Office Supplies,Paper,Corporate,31.008
2017-08-26,West,Furniture,Chairs,Corporate,1603.136
2017-08-26,West,Office Supplies,Art,Corporate,8.26
2017-08-26,West,Office Supplies,Fasteners,Consumer,10.23
2017-08-26,West,Office Supplies,Paper,Consumer,161.38
2017-08-27,Central,Office Supplies,Paper,Consumer,8.152
2017-08-27,Central,Office Supplies,Paper,Corporate,79.92
2017-08-27,Central,Office Supplies,Storage,Corporate,14.16
2017-08-27,Central,Office Supplies,Supplies,Consumer,106.688
2017-08-27,East,Furniture,Tables,Consumer,244.615
2017-08-27,East,Office Supplies,Binders,Consumer,29.0
2017-08-27,East,Office Supplies,Fasteners,Consumer,11.68
2017-08-27,East,Office Supplies,Paper,Consumer,204.51
2017-08-27,East,Technology,Phones,Consumer,59.97
2017-08-27,South,Office Supplies,Labels,Corporate,9.216
2017-08-28,Central,Furniture,Bookcases,Consumer,156.3728
2017-08-28,Central,Office Supplies,Binders,Consumer,23.164
2017-08-28,East,Office Supplies,Binders,Corporate,18.432
2017-08-28,West,Office Supplies,Paper,Consumer,15.48
2017-08-28,West,Technology,Phones,Consumer,108.576
2017-08-29,Central,Office Supplies,Binders,Home Office,1.788
2017-08-29,Central,Office Supplies,Paper,Home Office,64.624
2017-08-29,Central,Technology,Accessories,Home Office,95.976
2017-08-29,East,Furniture,Bookcases,Corporate,163.88
2017-08-29,East,Furniture,Tables,Corporate,241.92
2017-08-29,East,Office Supplies,Binders,Corporate,3.486
2017-08-29,East,Office Supplies,Fasteners,Corporate,10.584
2017-08-29,East,Office Supplies,Supplies,Home Office,27.93
2017-08-29,East,Technology,Phones,Home Office,22.0
2017-08-30,East,Furniture,Chairs,Consumer,786.744
2017-08-30,East,Office Supplies,Binders,Consumer,37.764
2017-08-30,East,Office Supplies,Labels,Consumer,100.24
2017-08-30,East,Office Supplies,Storage,Consumer,54.224
2017-08-30,East,Technology,Phones,Consumer,290.898
2017-08-30,West,Furniture,Furnishings,Consumer,47.04
2017-08-30,West,Technology,Phones,Consumer,339.96
2017-08-31,Central,Office Supplies,Storage,Consumer,23.968
2017-09-01,Central,Office Supplies,Appliances,Consumer,376.74
2017-09-01,Central,Office Supplies,Art,Consumer,11.96
2017-09-01,Central,Office Supplies,Binders,Consumer,80.02
2017-09-01,Central,Technology,Phones,Consumer,8.78
2017-09-01,East,Furniture,Furnishings,Consumer,191.82
2017-09-01,East,Office Supplies,Binders,Home Office,4358.215999999999
2017-09-01,East,Office Supplies,Fasteners,Corporate,16.688
2017-09-01,East,Office Supplies,Paper,Corporate,30.48
2017-09-01,East,Office Supplies,Paper,Home Office,73.67999999999999
2017-09-01,East,Office Supplies,Supplies,Consumer,10.95
2017-09-01,East,Technology,Accessories,Consumer,541.38
2017-09-01,East,Technology,Accessories,Home Office,6.79
2017-09-01,East,Technology,Phones,Corporate,23.988
2017-09-01,West,Office Supplies,Envelopes,Corporate,21.88
2017-09-01,West,Office Supplies,Envelopes,Home Office,12.78
2017-09-02,Central,Furniture,Furnishings,Home Office,84.272
2017-09-02,Central,Office Supplies,Binders,Consumer,8.26
2017-09-02,Central,Office Supplies,Binders,Home Office,8.608
2017-09-02,Central,Office Supplies,Fasteners,Consumer,1.81
2017-09-02,Central,Office Supplies,Labels,Consumer,29.24
2017-09-02,Central,Office Supplies,Storage,Consumer,35.168
2017-09-02,Central,Technology,Accessories,Home Office,159.56
2017-09-02,Central,Technology,Machines,Consumer,1362.9
2017-09-02,East,Furniture,Furnishings,Consumer,39.98
2017-09-02,East,Office Supplies,Art,Consumer,75.48
2017-09-02,South,Furniture,Tables,Consumer,472.518
2017-09-02,South,Office Supplies,Appliances,Consumer,309.456
2017-09-02,South,Office Supplies,Art,Consumer,19.456
2017-09-02,South,Office Supplies,Binders,Consumer,40.131
2017-09-02,South,Technology,Accessories,Consumer,1012.68
2017-09-02,West,Furniture,Chairs,Consumer,215.976
2017-09-02,West,Furniture,Furnishings,Consumer,94.68
2017-09-02,West,Furniture,Tables,Consumer,568.728
2017-09-02,West,Office Supplies,Art,Consumer,18.69
2017-09-02,West,Office Supplies,Binders,Consumer,7.312
2017-09-02,West,Office Supplies,Envelopes,Consumer,65.94
2017-09-02,West,Office Supplies,Storage,Consumer,23.67
2017-09-02,West,Office Supplies,Storage,Home Office,46.53
2017-09-02,West,Technology,Copiers,Consumer,999.98
2017-09-02,West,Technology,Phones,Consumer,1091.168
2017-09-03,Central,Furniture,Bookcases,Consumer,198.744
2017-09-03,Central,Furniture,Furnishings,Home Office,83.952
2017-09-03,Central,Office Supplies,Binders,Consumer,8.808
2017-09-03,Central,Office Supplies,Storage,Consumer,54.5
2017-09-03,East,Furniture,Bookcases,Consumer,344.94
2017-09-03,East,Furniture,Furnishings,Consumer,14.76
2017-09-03,East,Office Supplies,Binders,Consumer,12.76
2017-09-03,East,Office Supplies,Binders,Home Office,1141.47
2017-09-03,East,Office Supplies,Labels,Consumer,58.48
2017-09-03,East,Office Supplies,Paper,Corporate,79.12
2017-09-03,East,Technology,Phones,Home Office,280.782
2017-09-03,South,Office Supplies,Binders,Corporate,87.28
2017-09-04,Central,Office Supplies,Art,Consumer,66.288
2017-09-04,Central,Office Supplies,Envelopes,Consumer,16.56
2017-09-04,Central,Office Supplies,Storage,Corporate,535.41
2017-09-04,Central,Technology,Accessories,Consumer,279.95
2017-09-04,East,Furniture,Furnishings,Consumer,63.94
2017-09-04,East,Office Supplies,Binders,Consumer,60.6
2017-09-04,East,Office Supplies,Supplies,Consumer,22.72
2017-09-04,South,Furniture,Furnishings,Consumer,42.6
2017-09-04,South,Office Supplies,Appliances,Consumer,87.168
2017-09-04,South,Office Supplies,Art,Consumer,37.024
2017-09-04,South,Office Supplies,Binders,Consumer,113.94
2017-09-04,South,Office Supplies,Paper,Consumer,251.692
2017-09-04,South,Office Supplies,Storage,Consumer,129.92
2017-09-05,Central,Furniture,Chairs,Consumer,242.94
2017-09-05,Central,Furniture,Chairs,Corporate,347.802
2017-09-05,Central,Furniture,Furnishings,Consumer,12.22
2017-09-05,Central,Furniture,Furnishings,Corporate,21.204
2017-09-05,Central,Office Supplies,Appliances,Home Office,62.79
2017-09-05,Central,Office Supplies,Art,Home Office,107.94
2017-09-05,Central,Office Supplies,Fasteners,Corporate,15.808
2017-09-05,Central,Office Supplies,Fasteners,Home Office,28.44
2017-09-05,Central,Office Supplies,Labels,Consumer,22.05
2017-09-05,Central,Office Supplies,Paper,Consumer,91.36
2017-09-05,Central,Office Supplies,Paper,Corporate,36.288000000000004
2017-09-05,Central,Office Supplies,Paper,Home Office,9.248
2017-09-05,Central,Office Supplies,Storage,Consumer,359.346
2017-09-05,Central,Technology,Phones,Consumer,278.4
2017-09-05,East,Furniture,Chairs,Consumer,1043.763
2017-09-05,East,Furniture,Furnishings,Consumer,58.248
2017-09-05,East,Furniture,Furnishings,Corporate,82.8
2017-09-05,East,Office Supplies,Art,Consumer,7.872
2017-09-05,East,Office Supplies,Binders,Consumer,27.363
2017-09-05,East,Office Supplies,Paper,Consumer,192.16
2017-09-05,East,Technology,Phones,Corporate,43.6
2017-09-05,South,Furniture,Tables,Consumer,1652.94
2017-09-05,South,Office Supplies,Binders,Consumer,86.058
2017-09-05,South,Office Supplies,Envelopes,Consumer,23.472
2017-09-05,South,Office Supplies,Labels,Consumer,25.06
2017-09-05,South,Office Supplies,Paper,Consumer,10.272
2017-09-05,South,Technology,Phones,Consumer,108.784
2017-09-05,West,Office Supplies,Binders,Consumer,11.68
2017-09-05,West,Office Supplies,Fasteners,Consumer,4.36
2017-09-05,West,Office Supplies,Paper,Consumer,96.08
2017-09-05,West,Technology,Accessories,Corporate,116.0
2017-09-06,Central,Office Supplies,Appliances,Corporate,77.88
2017-09-06,Central,Office Supplies,Paper,Corporate,41.92
2017-09-06,Central,Office Supplies,Storage,Consumer,10.784
2017-09-06,Central,Technology,Phones,Corporate,329.584
2017-09-06,East,Furniture,Bookcases,Consumer,722.352
2017-09-06,East,Technology,Accessories,Consumer,31.86
2017-09-06,South,Office Supplies,Binders,Consumer,3.204
2017-09-06,South,Office Supplies,Envelopes,Consumer,95.952
2017-09-08,Central,Furniture,Bookcases,Consumer,2396.2656
2017-09-08,Central,Furniture,Furnishings,Consumer,14.136
2017-09-08,Central,Furniture,Tables,Consumer,601.47
2017-09-08,Central,Office Supplies,Art,Corporate,70.368
2017-09-08,Central,Office Supplies,Storage,Consumer,167.088
2017-09-08,Central,Technology,Accessories,Consumer,57.584
2017-09-08,Central,Technology,Phones,Corporate,59.96
2017-09-08,East,Furniture,Bookcases,Home Office,173.94
2017-09-08,East,Office Supplies,Appliances,Home Office,207.48
2017-09-08,East,Office Supplies,Labels,Home Office,14.76
2017-09-08,South,Office Supplies,Paper,Consumer,64.704
2017-09-08,South,Technology,Accessories,Consumer,35.168
2017-09-08,West,Furniture,Furnishings,Consumer,43.13
2017-09-08,West,Furniture,Tables,Consumer,146.04
2017-09-08,West,Office Supplies,Art,Consumer,14.88
2017-09-08,West,Office Supplies,Binders,Home Office,100.16
2017-09-08,West,Office Supplies,Paper,Consumer,65.11
2017-09-08,West,Office Supplies,Storage,Consumer,261.74
2017-09-09,Central,Furniture,Furnishings,Home Office,15.008
2017-09-09,East,Office Supplies,Binders,Consumer,14.624
2017-09-09,West,Office Supplies,Binders,Consumer,55.36
2017-09-10,Central,Furniture,Tables,Consumer,300.93
2017-09-10,Central,Technology,Phones,Consumer,719.96
2017-09-10,East,Office Supplies,Paper,Home Office,6.69
2017-09-10,East,Office Supplies,Storage,Home Office,59.48
2017-09-10,South,Office Supplies,Art,Home Office,67.56
2017-09-10,South,Technology,Phones,Corporate,519.68
2017-09-10,West,Office Supplies,Binders,Consumer,330.664
2017-09-10,West,Office Supplies,Labels,Consumer,7.38
2017-09-10,West,Office Supplies,Paper,Consumer,81.98
2017-09-11,Central,Office Supplies,Binders,Consumer,1.908
2017-09-11,Central,Office Supplies,Labels,Consumer,6.0
2017-09-11,Central,Technology,Phones,Consumer,224.75
2017-09-11,East,Office Supplies,Binders,Home Office,22.428
2017-09-11,East,Office Supplies,Paper,Corporate,8.448
2017-09-11,East,Office Supplies,Storage,Home Office,37.52
2017-09-11,East,Technology,Phones,Corporate,728.946
2017-09-11,South,Office Supplies,Envelopes,Consumer,11.09
2017-09-11,South,Technology,Copiers,Consumer,1599.92
2017-09-11,West,Office Supplies,Art,Corporate,2.912
2017-09-11,West,Office Supplies,Binders,Consumer,39.872
2017-09-11,West,Office Supplies,Paper,Consumer,7.61
2017-09-11,West,Office Supplies,Paper,Corporate,30.304000000000002
2017-09-11,West,Office Supplies,Storage,Consumer,332.94
2017-09-11,West,Technology,Accessories,Consumer,3347.37
2017-09-12,Central,Office Supplies,Paper,Corporate,68.52
2017-09-12,East,Furniture,Furnishings,Corporate,40.48
2017-09-12,South,Furniture,Chairs,Corporate,1059.12
2017-09-12,South,Office Supplies,Fasteners,Corporate,11.34
2017-09-12,South,Office Supplies,Storage,Corporate,67.9
2017-09-12,South,Technology,Accessories,Corporate,20.7
2017-09-12,West,Furniture,Chairs,Corporate,466.768
2017-09-12,West,Furniture,Chairs,Home Office,83.136
2017-09-12,West,Furniture,Furnishings,Corporate,30.368
2017-09-12,West,Office Supplies,Binders,Consumer,20.704
2017-09-12,West,Office Supplies,Fasteners,Consumer,10.47
2017-09-12,West,Office Supplies,Labels,Consumer,11.07
2017-09-12,West,Office Supplies,Labels,Corporate,6.264
2017-09-12,West,Technology,Phones,Home Office,146.952
2017-09-13,Central,Furniture,Furnishings,Consumer,1336.44
2017-09-13,Central,Office Supplies,Appliances,Consumer,378.0
2017-09-13,Central,Office Supplies,Labels,Consumer,14.4
2017-09-13,Central,Office Supplies,Paper,Consumer,35.25
2017-09-13,Central,Office Supplies,Storage,Consumer,413.82
2017-09-13,Central,Office Supplies,Supplies,Consumer,16.9
2017-09-13,Central,Technology,Phones,Consumer,179.92
2017-09-14,East,Office Supplies,Binders,Consumer,673.568
2017-09-14,East,Technology,Phones,Consumer,437.85
2017-09-14,South,Office Supplies,Paper,Home Office,25.92
2017-09-15,East,Office Supplies,Binders,Corporate,841.568
2017-09-15,East,Office Supplies,Paper,Consumer,5.344
2017-09-15,West,Furniture,Tables,Corporate,1128.39
2017-09-15,West,Office Supplies,Art,Consumer,35.4
2017-09-15,West,Office Supplies,Binders,Consumer,48.664
2017-09-15,West,Office Supplies,Binders,Corporate,20.416
2017-09-15,West,Office Supplies,Paper,Consumer,21.4
2017-09-16,South,Furniture,Chairs,Home Office,121.78
2017-09-16,West,Furniture,Bookcases,Corporate,273.666
2017-09-16,West,Office Supplies,Appliances,Corporate,17.48
2017-09-16,West,Office Supplies,Paper,Home Office,12.96
2017-09-17,Central,Office Supplies,Art,Corporate,33.4
2017-09-17,East,Furniture,Furnishings,Consumer,206.64
2017-09-17,East,Furniture,Furnishings,Corporate,109.48
2017-09-17,East,Office Supplies,Binders,Consumer,232.4
2017-09-17,East,Office Supplies,Storage,Consumer,295.4
2017-09-17,East,Technology,Phones,Corporate,437.85
2017-09-17,South,Technology,Machines,Consumer,396.0
2017-09-17,West,Furniture,Chairs,Home Office,113.888
2017-09-17,West,Office Supplies,Art,Corporate,20.1
2017-09-17,West,Office Supplies,Labels,Home Office,12.32
2017-09-17,West,Office Supplies,Paper,Corporate,6.48
2017-09-17,West,Technology,Phones,Corporate,73.584
2017-09-17,West,Technology,Phones,Home Office,105.584
2017-09-18,East,Furniture,Chairs,Consumer,731.154
2017-09-18,East,Furniture,Furnishings,Consumer,66.072
2017-09-18,East,Office Supplies,Art,Consumer,2.672
2017-09-18,East,Office Supplies,Binders,Consumer,4.616
2017-09-18,South,Furniture,Chairs,Consumer,350.98
2017-09-18,South,Furniture,Tables,Corporate,383.438
2017-09-18,South,Office Supplies,Labels,Consumer,3.0
2017-09-18,South,Office Supplies,Paper,Consumer,13.08
2017-09-18,South,Office Supplies,Storage,Consumer,900.08
2017-09-18,West,Furniture,Chairs,Corporate,1687.096
2017-09-18,West,Office Supplies,Paper,Corporate,368.91
2017-09-18,West,Technology,Phones,Consumer,239.984
2017-09-19,Central,Furniture,Chairs,Home Office,701.372
2017-09-19,Central,Office Supplies,Binders,Home Office,2.308
2017-09-19,East,Furniture,Chairs,Home Office,872.32
2017-09-19,East,Furniture,Furnishings,Home Office,25.632
2017-09-19,East,Office Supplies,Binders,Home Office,74.97
2017-09-19,East,Office Supplies,Paper,Home Office,17.04
2017-09-19,East,Office Supplies,Storage,Consumer,69.52
2017-09-19,East,Office Supplies,Storage,Home Office,1606.23
2017-09-19,East,Office Supplies,Supplies,Home Office,27.93
2017-09-19,South,Office Supplies,Supplies,Consumer,5.04
2017-09-19,South,Technology,Accessories,Consumer,249.95
2017-09-19,West,Office Supplies,Binders,Corporate,8.928
2017-09-19,West,Office Supplies,Binders,Home Office,11.952
2017-09-19,West,Office Supplies,Paper,Consumer,159.88
2017-09-19,West,Office Supplies,Supplies,Home Office,6.24
2017-09-20,Central,Office Supplies,Binders,Consumer,83.7
2017-09-20,East,Office Supplies,Appliances,Consumer,393.25
2017-09-20,South,Furniture,Chairs,Corporate,98.392
2017-09-20,South,Furniture,Furnishings,Corporate,17.088
2017-09-20,West,Furniture,Bookcases,Home Office,163.88
2017-09-20,West,Office Supplies,Art,Corporate,11.76
2017-09-20,West,Office Supplies,Binders,Corporate,320.62399999999997
2017-09-20,West,Office Supplies,Paper,Corporate,143.31
2017-09-22,Central,Furniture,Furnishings,Corporate,18.96
2017-09-22,Central,Office Supplies,Paper,Consumer,35.88
2017-09-22,East,Office Supplies,Art,Consumer,7.872
2017-09-22,East,Office Supplies,Labels,Home Office,16.52
2017-09-22,East,Office Supplies,Storage,Home Office,128.34
2017-09-22,South,Furniture,Furnishings,Home Office,13.28
2017-09-22,South,Office Supplies,Art,Corporate,40.776
2017-09-22,South,Office Supplies,Binders,Consumer,7.506
2017-09-22,South,Office Supplies,Labels,Consumer,16.56
2017-09-22,South,Technology,Phones,Corporate,63.936
2017-09-22,West,Furniture,Furnishings,Corporate,68.432
2017-09-23,East,Furniture,Furnishings,Corporate,532.704
2017-09-23,East,Furniture,Furnishings,Home Office,28.0
2017-09-23,East,Office Supplies,Art,Corporate,4.912
2017-09-23,East,Office Supplies,Binders,Home Office,22.729
2017-09-23,East,Office Supplies,Paper,Home Office,11.952
2017-09-23,South,Furniture,Chairs,Consumer,368.97
2017-09-23,South,Office Supplies,Storage,Consumer,118.25
2017-09-23,West,Furniture,Chairs,Corporate,184.752
2017-09-23,West,Office Supplies,Binders,Corporate,13.216
2017-09-23,West,Office Supplies,Envelopes,Corporate,4.08
2017-09-23,West,Office Supplies,Labels,Corporate,18.9
2017-09-23,West,Office Supplies,Supplies,Corporate,13.68
2017-09-24,Central,Furniture,Furnishings,Consumer,127.95
2017-09-24,Central,Office Supplies,Binders,Consumer,6.38
2017-09-24,Central,Office Supplies,Binders,Corporate,442.372
2017-09-24,Central,Office Supplies,Paper,Consumer,6.48
2017-09-24,East,Furniture,Chairs,Consumer,155.372
2017-09-24,West,Furniture,Chairs,Corporate,563.24
2017-09-24,West,Furniture,Furnishings,Corporate,63.2
2017-09-24,West,Furniture,Furnishings,Home Office,21.44
2017-09-24,West,Office Supplies,Envelopes,Corporate,304.9
2017-09-24,West,Office Supplies,Paper,Corporate,41.7
2017-09-24,West,Office Supplies,Storage,Corporate,41.96
2017-09-24,West,Office Supplies,Storage,Home Office,511.056
2017-09-25,Central,Furniture,Chairs,Corporate,201.96
2017-09-25,Central,Furniture,Furnishings,Corporate,68.64
2017-09-25,Central,Office Supplies,Art,Corporate,3.04
2017-09-25,Central,Office Supplies,Labels,Corporate,15.936
2017-09-25,Central,Technology,Accessories,Corporate,499.95
2017-09-25,East,Office Supplies,Appliances,Consumer,286.256
2017-09-25,East,Office Supplies,Storage,Consumer,355.76
2017-09-25,West,Furniture,Bookcases,Corporate,477.666
2017-09-25,West,Furniture,Tables,Consumer,393.165
2017-09-25,West,Office Supplies,Art,Consumer,16.56
2017-09-25,West,Office Supplies,Binders,Corporate,5.022
2017-09-25,West,Office Supplies,Paper,Corporate,60.048
2017-09-26,Central,Furniture,Chairs,Consumer,747.558
2017-09-26,Central,Furniture,Chairs,Corporate,454.965
2017-09-26,Central,Office Supplies,Appliances,Corporate,93.032
2017-09-26,Central,Office Supplies,Binders,Consumer,15.624
2017-09-26,Central,Office Supplies,Binders,Corporate,6.816
2017-09-26,Central,Office Supplies,Envelopes,Consumer,8.928
2017-09-26,Central,Office Supplies,Paper,Corporate,9.99
2017-09-26,South,Technology,Accessories,Home Office,431.976
2017-09-26,West,Furniture,Bookcases,Corporate,424.9575
2017-09-26,West,Office Supplies,Appliances,Home Office,236.88
2017-09-26,West,Office Supplies,Art,Consumer,35.4
2017-09-26,West,Office Supplies,Labels,Consumer,7.83
2017-09-26,West,Office Supplies,Paper,Consumer,29.9
2017-09-26,West,Office Supplies,Paper,Corporate,12.96
2017-09-26,West,Office Supplies,Paper,Home Office,29.9
2017-09-26,West,Office Supplies,Storage,Consumer,51.45
2017-09-26,West,Technology,Accessories,Home Office,100.0
2017-09-27,Central,Furniture,Bookcases,Corporate,956.6648
2017-09-27,East,Office Supplies,Binders,Corporate,2.907
2017-09-27,South,Office Supplies,Art,Consumer,13.89
2017-09-27,South,Office Supplies,Paper,Consumer,17.94
2017-09-27,West,Technology,Phones,Consumer,1001.584
2017-09-28,Central,Office Supplies,Paper,Corporate,99.136
2017-09-29,Central,Office Supplies,Art,Home Office,40.88
2017-09-29,East,Office Supplies,Labels,Corporate,15.936
2017-09-29,South,Office Supplies,Art,Consumer,25.92
2017-09-29,South,Office Supplies,Binders,Consumer,62.94
2017-09-29,South,Technology,Accessories,Consumer,209.97
2017-09-29,West,Office Supplies,Art,Corporate,10.496
2017-09-29,West,Office Supplies,Binders,Consumer,27.24
2017-09-29,West,Office Supplies,Paper,Consumer,18.97
2017-09-29,West,Technology,Phones,Corporate,859.2
2017-09-30,Central,Office Supplies,Binders,Consumer,1.964
2017-09-30,East,Furniture,Bookcases,Consumer,523.92
2017-10-01,Central,Furniture,Furnishings,Consumer,41.85
2017-10-01,Central,Office Supplies,Paper,Consumer,28.352
2017-10-01,Central,Technology,Accessories,Consumer,79.512
2017-10-01,Central,Technology,Phones,Consumer,69.9
2017-10-01,East,Furniture,Tables,Consumer,330.588
2017-10-01,South,Office Supplies,Art,Consumer,30.976
2017-10-01,South,Office Supplies,Binders,Consumer,5.388
2017-10-01,West,Furniture,Chairs,Consumer,194.848
2017-10-02,Central,Office Supplies,Art,Corporate,33.96
2017-10-02,Central,Office Supplies,Binders,Corporate,770.35
2017-10-02,Central,Office Supplies,Storage,Corporate,32.48
2017-10-02,Central,Technology,Copiers,Corporate,17499.95
2017-10-02,East,Office Supplies,Appliances,Corporate,61.44
2017-10-02,West,Office Supplies,Binders,Consumer,54.792
2017-10-03,Central,Furniture,Furnishings,Corporate,38.08
2017-10-03,Central,Office Supplies,Envelopes,Consumer,15.648
2017-10-03,East,Furniture,Chairs,Consumer,599.292
2017-10-03,West,Furniture,Chairs,Home Office,915.136
2017-10-03,West,Office Supplies,Labels,Home Office,6.16
2017-10-03,West,Office Supplies,Paper,Home Office,106.38
2017-10-04,Central,Office Supplies,Envelopes,Consumer,59.752
2017-10-04,East,Furniture,Tables,Consumer,239.372
2017-10-04,East,Office Supplies,Binders,Home Office,30.4
2017-10-04,East,Office Supplies,Storage,Home Office,119.1
2017-10-04,East,Technology,Copiers,Home Office,5399.91
2017-10-04,South,Furniture,Furnishings,Corporate,11.568
2017-10-04,South,Technology,Phones,Corporate,52.68
2017-10-06,Central,Office Supplies,Binders,Consumer,28.85
2017-10-06,West,Office Supplies,Binders,Home Office,29.880000000000003
2017-10-06,West,Technology,Accessories,Home Office,67.96
2017-10-06,West,Technology,Machines,Home Office,703.71
2017-10-07,East,Office Supplies,Labels,Home Office,4.928
2017-10-07,West,Office Supplies,Binders,Consumer,27.264
2017-10-07,West,Office Supplies,Fasteners,Consumer,93.36
2017-10-07,West,Office Supplies,Paper,Consumer,10.56
2017-10-07,West,Technology,Machines,Corporate,837.6
2017-10-08,Central,Furniture,Furnishings,Corporate,51.712
2017-10-08,Central,Office Supplies,Labels,Home Office,60.144
2017-10-08,South,Office Supplies,Storage,Consumer,387.72
2017-10-08,West,Office Supplies,Paper,Consumer,61.96
2017-10-09,East,Furniture,Furnishings,Corporate,332.832
2017-10-09,East,Office Supplies,Paper,Corporate,19.136
2017-10-09,East,Technology,Phones,Corporate,23.976
2017-10-09,West,Furniture,Furnishings,Home Office,169.568
2017-10-09,West,Office Supplies,Art,Home Office,1.408
2017-10-10,South,Office Supplies,Binders,Corporate,4.095
2017-10-10,South,Office Supplies,Supplies,Corporate,20.608
2017-10-10,West,Furniture,Bookcases,Corporate,90.882
2017-10-10,West,Furniture,Chairs,Corporate,120.784
2017-10-10,West,Technology,Phones,Corporate,15.992
2017-10-11,Central,Office Supplies,Art,Consumer,33.064
2017-10-13,Central,Furniture,Furnishings,Consumer,139.92
2017-10-13,Central,Office Supplies,Art,Consumer,15.872
2017-10-13,Central,Office Supplies,Binders,Consumer,6.286
2017-10-13,Central,Office Supplies,Paper,Consumer,8.288
2017-10-13,Central,Technology,Accessories,Consumer,191.976
2017-10-13,East,Furniture,Furnishings,Corporate,82.26
2017-10-13,East,Office Supplies,Art,Corporate,34.7
2017-10-13,East,Office Supplies,Labels,Corporate,24.9
2017-10-13,East,Office Supplies,Paper,Corporate,37.94
2017-10-13,East,Office Supplies,Storage,Corporate,99.87
2017-10-13,West,Furniture,Furnishings,Consumer,43.12
2017-10-13,West,Furniture,Furnishings,Corporate,24.96
2017-10-13,West,Furniture,Tables,Corporate,727.45
2017-10-13,West,Office Supplies,Art,Consumer,11.52
2017-10-13,West,Office Supplies,Binders,Consumer,76.176
2017-10-13,West,Office Supplies,Fasteners,Consumer,4.02
2017-10-13,West,Office Supplies,Paper,Consumer,55.48
2017-10-13,West,Office Supplies,Supplies,Consumer,65.88
2017-10-14,Central,Technology,Accessories,Consumer,1649.75
2017-10-14,East,Office Supplies,Paper,Corporate,111.96
2017-10-14,East,Technology,Phones,Corporate,1091.93
2017-10-14,South,Furniture,Chairs,Consumer,102.592
2017-10-14,South,Office Supplies,Envelopes,Consumer,35.008
2017-10-14,South,Office Supplies,Paper,Consumer,132.176
2017-10-14,South,Office Supplies,Supplies,Consumer,12.768
2017-10-14,South,Technology,Accessories,Consumer,22.704
2017-10-14,West,Technology,Accessories,Corporate,177.0
2017-10-15,Central,Office Supplies,Appliances,Home Office,868.59
2017-10-15,Central,Office Supplies,Binders,Home Office,121.6
2017-10-15,Central,Office Supplies,Labels,Home Office,49.620000000000005
2017-10-15,Central,Office Supplies,Paper,Home Office,12.96
2017-10-15,Central,Technology,Phones,Home Office,5.5
2017-10-15,South,Office Supplies,Appliances,Corporate,43.26
2017-10-15,South,Office Supplies,Binders,Corporate,232.96
2017-10-15,South,Office Supplies,Envelopes,Corporate,66.54
2017-10-15,West,Office Supplies,Binders,Home Office,41.72
2017-10-15,West,Office Supplies,Paper,Home Office,177.39999999999998
2017-10-16,East,Furniture,Tables,Corporate,142.182
2017-10-17,Central,Office Supplies,Appliances,Home Office,1927.59
2017-10-17,Central,Technology,Phones,Home Office,449.97
2017-10-17,East,Furniture,Bookcases,Consumer,120.98
2017-10-17,East,Office Supplies,Binders,Consumer,315.98
2017-10-17,West,Furniture,Bookcases,Home Office,120.666
2017-10-17,West,Office Supplies,Binders,Home Office,18.16
2017-10-18,West,Furniture,Chairs,Consumer,307.92
2017-10-20,Central,Furniture,Chairs,Consumer,56.686
2017-10-20,Central,Office Supplies,Fasteners,Consumer,25.248
2017-10-20,Central,Office Supplies,Paper,Consumer,51.016
2017-10-20,Central,Office Supplies,Storage,Consumer,20.86
2017-10-20,Central,Technology,Phones,Consumer,317.68
2017-10-20,East,Office Supplies,Art,Consumer,7.152
2017-10-20,South,Furniture,Furnishings,Home Office,61.1
2017-10-20,West,Furniture,Chairs,Corporate,387.136
2017-10-20,West,Office Supplies,Binders,Corporate,19.296
2017-10-21,Central,Technology,Accessories,Consumer,106.08
2017-10-21,East,Furniture,Bookcases,Corporate,1043.92
2017-10-21,East,Furniture,Tables,Corporate,661.176
2017-10-21,East,Office Supplies,Binders,Corporate,31.119999999999997
2017-10-21,East,Office Supplies,Storage,Corporate,104.79
2017-10-21,East,Office Supplies,Supplies,Corporate,7.36
2017-10-21,East,Technology,Accessories,Consumer,98.16
2017-10-21,East,Technology,Phones,Consumer,235.152
2017-10-21,South,Office Supplies,Storage,Consumer,111.672
2017-10-21,West,Furniture,Chairs,Consumer,242.136
2017-10-21,West,Furniture,Furnishings,Consumer,19.96
2017-10-21,West,Office Supplies,Art,Consumer,12.39
2017-10-21,West,Office Supplies,Art,Home Office,113.22
2017-10-21,West,Office Supplies,Binders,Home Office,4535.976
2017-10-21,West,Office Supplies,Paper,Consumer,22.92
2017-10-21,West,Office Supplies,Paper,Home Office,35.88
2017-10-21,West,Office Supplies,Storage,Consumer,495.36
2017-10-22,Central,Furniture,Furnishings,Home Office,31.4
2017-10-22,South,Furniture,Furnishings,Consumer,39.92
2017-10-22,West,Furniture,Furnishings,Consumer,101.94
2017-10-22,West,Office Supplies,Art,Consumer,8.34
2017-10-22,West,Office Supplies,Paper,Consumer,6.68
2017-10-23,Central,Furniture,Furnishings,Corporate,16.156
2017-10-23,Central,Office Supplies,Paper,Corporate,54.816
2017-10-23,East,Office Supplies,Paper,Home Office,379.4
2017-10-23,West,Office Supplies,Fasteners,Home Office,17.05
2017-10-24,Central,Office Supplies,Paper,Corporate,15.552
2017-10-24,South,Technology,Phones,Home Office,239.976
2017-10-24,West,Technology,Accessories,Consumer,199.99
2017-10-24,West,Technology,Accessories,Corporate,459.98
2017-10-24,West,Technology,Accessories,Home Office,450.0
2017-10-25,South,Technology,Phones,Corporate,783.96
2017-10-27,East,Furniture,Chairs,Consumer,427.644
2017-10-27,East,Furniture,Furnishings,Consumer,40.2
2017-10-27,East,Office Supplies,Binders,Consumer,9.728
2017-10-27,East,Office Supplies,Fasteners,Consumer,40.67
2017-10-27,East,Office Supplies,Storage,Consumer,33.48
2017-10-27,South,Furniture,Chairs,Consumer,290.98
2017-10-27,West,Office Supplies,Appliances,Corporate,43.92
2017-10-27,West,Office Supplies,Binders,Corporate,25.032
2017-10-27,West,Office Supplies,Binders,Home Office,67.136
2017-10-28,East,Furniture,Furnishings,Corporate,834.4
2017-10-28,East,Office Supplies,Art,Consumer,12.42
2017-10-28,East,Office Supplies,Binders,Corporate,14.28
2017-10-28,East,Office Supplies,Paper,Corporate,89.31
2017-10-28,East,Office Supplies,Storage,Corporate,1082.48
2017-10-28,South,Furniture,Furnishings,Consumer,276.968
2017-10-28,South,Office Supplies,Binders,Consumer,75.615
2017-10-28,South,Office Supplies,Binders,Corporate,17.616
2017-10-28,West,Office Supplies,Binders,Corporate,49.536
2017-10-28,West,Office Supplies,Paper,Corporate,50.96
2017-10-28,West,Office Supplies,Storage,Consumer,93.06
2017-10-28,West,Technology,Phones,Consumer,302.376
2017-10-29,Central,Furniture,Furnishings,Consumer,67.0
2017-10-29,East,Office Supplies,Appliances,Corporate,11.67
2017-10-29,East,Office Supplies,Storage,Corporate,40.74
2017-10-29,West,Office Supplies,Binders,Consumer,11.744
2017-10-30,Central,Office Supplies,Art,Consumer,11.68
2017-10-30,East,Office Supplies,Art,Corporate,114.95
2017-10-30,East,Office Supplies,Binders,Corporate,28.752
2017-10-30,West,Office Supplies,Fasteners,Consumer,3.62
2017-10-31,Central,Furniture,Chairs,Corporate,368.97
2017-10-31,Central,Office Supplies,Art,Corporate,12.39
2017-10-31,Central,Office Supplies,Storage,Corporate,332.94
2017-10-31,Central,Office Supplies,Supplies,Corporate,21.96
2017-10-31,East,Furniture,Chairs,Consumer,492.835
2017-10-31,South,Office Supplies,Paper,Consumer,32.064
2017-10-31,West,Furniture,Chairs,Corporate,1403.92
2017-10-31,West,Office Supplies,Storage,Corporate,1085.42
2017-11-01,Central,Office Supplies,Storage,Corporate,111.672
2017-11-01,Central,Technology,Accessories,Consumer,68.112
2017-11-01,South,Office Supplies,Envelopes,Home Office,251.79
2017-11-01,South,Technology,Phones,Home Office,21.8
2017-11-03,Central,Office Supplies,Art,Consumer,75.96
2017-11-03,Central,Office Supplies,Binders,Consumer,27.24
2017-11-03,Central,Office Supplies,Paper,Corporate,9.248
2017-11-03,East,Furniture,Chairs,Home Office,470.155
2017-11-03,East,Technology,Accessories,Home Office,72.0
2017-11-03,South,Furniture,Furnishings,Consumer,24.1
2017-11-03,South,Furniture,Tables,Consumer,842.94
2017-11-03,South,Office Supplies,Art,Consumer,16.73
2017-11-03,South,Office Supplies,Fasteners,Consumer,20.0
2017-11-03,West,Furniture,Chairs,Consumer,217.584
2017-11-03,West,Office Supplies,Appliances,Consumer,1144.8
2017-11-03,West,Office Supplies,Art,Consumer,8.82
2017-11-03,West,Office Supplies,Binders,Consumer,57.038000000000004
2017-11-03,West,Office Supplies,Fasteners,Consumer,15.26
2017-11-03,West,Office Supplies,Labels,Consumer,87.71
2017-11-03,West,Office Supplies,Paper,Consumer,450.27
2017-11-03,West,Technology,Accessories,Consumer,82.95
2017-11-03,West,Technology,Machines,Consumer,179.991
2017-11-04,Central,Furniture,Furnishings,Consumer,77.488
2017-11-04,South,Furniture,Furnishings,Corporate,50.496
2017-11-04,South,Furniture,Tables,Corporate,876.3
2017-11-04,South,Office Supplies,Fasteners,Consumer,10.74
2017-11-04,South,Office Supplies,Storage,Corporate,45.248
2017-11-04,South,Office Supplies,Supplies,Corporate,185.376
2017-11-04,West,Furniture,Chairs,Corporate,755.136
2017-11-04,West,Furniture,Furnishings,Consumer,38.29
2017-11-04,West,Furniture,Furnishings,Corporate,209.88
2017-11-04,West,Office Supplies,Art,Consumer,192.8
2017-11-04,West,Office Supplies,Binders,Home Office,11.888
2017-11-04,West,Office Supplies,Labels,Corporate,629.184
2017-11-04,West,Office Supplies,Paper,Corporate,63.128
2017-11-04,West,Office Supplies,Paper,Home Office,38.88
2017-11-04,West,Office Supplies,Supplies,Corporate,17.584
2017-11-04,West,Technology,Machines,Consumer,686.4
2017-11-05,Central,Furniture,Bookcases,Consumer,956.6648
2017-11-05,Central,Furniture,Tables,Consumer,863.128
2017-11-05,Central,Office Supplies,Art,Home Office,39.68
2017-11-05,Central,Office Supplies,Binders,Consumer,16.152
2017-11-05,Central,Office Supplies,Binders,Home Office,104.9
2017-11-05,Central,Office Supplies,Labels,Consumer,11.84
2017-11-05,Central,Office Supplies,Labels,Home Office,51.75
2017-11-05,Central,Technology,Accessories,Consumer,171.96
2017-11-05,East,Technology,Phones,Corporate,23.988
2017-11-05,South,Furniture,Furnishings,Consumer,1030.76
2017-11-05,South,Technology,Accessories,Consumer,89.97
2017-11-05,West,Furniture,Chairs,Consumer,113.888
2017-11-05,West,Office Supplies,Binders,Consumer,53.248
2017-11-05,West,Office Supplies,Binders,Home Office,29.12
2017-11-05,West,Office Supplies,Envelopes,Consumer,158.13
2017-11-05,West,Technology,Accessories,Consumer,551.72
2017-11-06,South,Furniture,Chairs,Corporate,207.984
2017-11-06,South,Furniture,Furnishings,Corporate,35.568
2017-11-06,South,Office Supplies,Paper,Corporate,124.88
2017-11-06,West,Furniture,Chairs,Home Office,81.424
2017-11-06,West,Furniture,Furnishings,Home Office,238.56
2017-11-06,West,Office Supplies,Storage,Consumer,84.84
2017-11-07,Central,Furniture,Furnishings,Consumer,44.46
2017-11-07,Central,Office Supplies,Storage,Consumer,314.088
2017-11-07,East,Office Supplies,Binders,Consumer,276.784
2017-11-07,East,Office Supplies,Fasteners,Consumer,14.96
2017-11-07,East,Office Supplies,Paper,Consumer,12.96
2017-11-07,East,Office Supplies,Storage,Consumer,116.82
2017-11-07,East,Technology,Accessories,Corporate,119.976
2017-11-07,East,Technology,Phones,Consumer,623.9300000000001
2017-11-07,West,Furniture,Chairs,Home Office,1603.136
2017-11-07,West,Furniture,Furnishings,Corporate,14.82
2017-11-07,West,Office Supplies,Binders,Consumer,85.26400000000001
2017-11-07,West,Office Supplies,Binders,Corporate,64.416
2017-11-07,West,Office Supplies,Labels,Corporate,14.62
2017-11-07,West,Office Supplies,Paper,Home Office,12.9
2017-11-07,West,Office Supplies,Supplies,Corporate,11.36
2017-11-07,West,Technology,Accessories,Corporate,479.97
2017-11-08,South,Furniture,Bookcases,Consumer,261.96
2017-11-08,South,Furniture,Chairs,Consumer,731.94
2017-11-09,West,Technology,Accessories,Consumer,479.97
2017-11-10,Central,Furniture,Bookcases,Consumer,341.96
2017-11-10,Central,Furniture,Furnishings,Corporate,37.3
2017-11-10,Central,Office Supplies,Binders,Corporate,81.96
2017-11-10,Central,Technology,Accessories,Consumer,279.944
2017-11-10,Central,Technology,Phones,Consumer,221.98
2017-11-10,East,Furniture,Furnishings,Home Office,148.288
2017-11-10,East,Office Supplies,Appliances,Home Office,334.88
2017-11-10,East,Office Supplies,Binders,Consumer,3.64
2017-11-10,East,Office Supplies,Binders,Corporate,70.216
2017-11-10,East,Office Supplies,Binders,Home Office,69.888
2017-11-10,East,Office Supplies,Labels,Home Office,9.216
2017-11-10,East,Office Supplies,Paper,Consumer,31.104
2017-11-10,East,Office Supplies,Paper,Home Office,116.44
2017-11-10,East,Office Supplies,Storage,Consumer,38.976
2017-11-10,East,Office Supplies,Supplies,Consumer,14.72
2017-11-10,East,Technology,Accessories,Home Office,178.92
2017-11-10,East,Technology,Phones,Consumer,881.93
2017-11-10,East,Technology,Phones,Home Office,41.958
2017-11-10,South,Office Supplies,Art,Consumer,41.86
2017-11-10,West,Furniture,Furnishings,Consumer,467.46
2017-11-10,West,Furniture,Furnishings,Home Office,9.98
2017-11-10,West,Office Supplies,Appliances,Consumer,129.92
2017-11-10,West,Office Supplies,Art,Consumer,14.7
2017-11-10,West,Office Supplies,Binders,Consumer,5.184
2017-11-10,West,Office Supplies,Binders,Corporate,70.008
2017-11-10,West,Office Supplies,Binders,Home Office,13.216
2017-11-10,West,Office Supplies,Paper,Consumer,129.10999999999999
2017-11-10,West,Office Supplies,Paper,Home Office,32.4
2017-11-10,West,Office Supplies,Storage,Consumer,750.5
2017-11-10,West,Office Supplies,Storage,Corporate,155.82
2017-11-11,Central,Furniture,Chairs,Corporate,47.992
2017-11-11,Central,Furniture,Tables,Corporate,2678.94
2017-11-11,Central,Office Supplies,Art,Consumer,14.112
2017-11-11,Central,Technology,Accessories,Corporate,95.968
2017-11-11,Central,Technology,Phones,Consumer,257.98
2017-11-11,East,Furniture,Chairs,Corporate,245.646
2017-11-11,East,Office Supplies,Art,Corporate,92.94
2017-11-11,East,Office Supplies,Binders,Corporate,90.24000000000001
2017-11-11,East,Office Supplies,Storage,Consumer,83.36
2017-11-11,East,Office Supplies,Storage,Corporate,28.14
2017-11-11,East,Technology,Accessories,Consumer,59.97
2017-11-11,East,Technology,Accessories,Corporate,36.0
2017-11-11,South,Office Supplies,Appliances,Home Office,671.544
2017-11-11,South,Office Supplies,Binders,Home Office,9.888
2017-11-11,West,Furniture,Chairs,Consumer,451.152
2017-11-11,West,Furniture,Furnishings,Consumer,48.92
2017-11-11,West,Office Supplies,Binders,Consumer,31.504
2017-11-12,Central,Furniture,Furnishings,Corporate,22.752
2017-11-12,Central,Office Supplies,Appliances,Corporate,37.68
2017-11-12,Central,Office Supplies,Art,Corporate,20.58
2017-11-12,Central,Office Supplies,Binders,Corporate,17.38
2017-11-12,Central,Office Supplies,Envelopes,Corporate,287.52
2017-11-12,Central,Office Supplies,Paper,Corporate,19.98
2017-11-12,East,Furniture,Chairs,Consumer,3461.248
2017-11-12,East,Office Supplies,Appliances,Consumer,110.096
2017-11-12,East,Office Supplies,Fasteners,Consumer,16.752
2017-11-12,West,Furniture,Tables,Home Office,674.352
2017-11-12,West,Office Supplies,Binders,Consumer,10.638
2017-11-12,West,Technology,Accessories,Consumer,31.984
2017-11-12,West,Technology,Phones,Home Office,203.976
2017-11-13,Central,Furniture,Furnishings,Corporate,30.36
2017-11-13,Central,Office Supplies,Binders,Home Office,3.136
2017-11-13,East,Office Supplies,Art,Corporate,140.75
2017-11-13,East,Office Supplies,Labels,Home Office,14.94
2017-11-13,East,Office Supplies,Paper,Home Office,217.056
2017-11-13,East,Office Supplies,Storage,Corporate,139.06
2017-11-13,East,Technology,Phones,Home Office,2279.96
2017-11-13,South,Office Supplies,Supplies,Consumer,52.136
2017-11-13,West,Furniture,Furnishings,Home Office,23.72
2017-11-13,West,Office Supplies,Art,Home Office,44.02
2017-11-14,Central,Office Supplies,Binders,Consumer,2.296
2017-11-14,East,Furniture,Chairs,Consumer,788.064
2017-11-14,East,Furniture,Furnishings,Consumer,68.49600000000001
2017-11-14,East,Office Supplies,Art,Consumer,23.65
2017-11-14,East,Office Supplies,Paper,Consumer,16.45
2017-11-14,East,Office Supplies,Storage,Consumer,40.44
2017-11-14,East,Technology,Copiers,Consumer,1199.976
2017-11-14,East,Technology,Phones,Consumer,103.95
2017-11-14,South,Office Supplies,Binders,Consumer,8.26
2017-11-14,South,Office Supplies,Paper,Consumer,5.28
2017-11-14,South,Technology,Accessories,Consumer,499.98
2017-11-14,West,Office Supplies,Art,Consumer,9.84
2017-11-14,West,Office Supplies,Labels,Consumer,7.38
2017-11-15,South,Furniture,Tables,Corporate,630.024
2017-11-15,West,Office Supplies,Binders,Consumer,1054.928
2017-11-15,West,Technology,Accessories,Corporate,99.39
2017-11-15,West,Technology,Phones,Corporate,361.376
2017-11-16,West,Office Supplies,Binders,Consumer,8.32
2017-11-16,West,Office Supplies,Envelopes,Consumer,28.4
2017-11-17,Central,Office Supplies,Paper,Consumer,15.232
2017-11-17,Central,Technology,Phones,Consumer,67.176
2017-11-17,West,Office Supplies,Binders,Consumer,10.776
2017-11-17,West,Office Supplies,Supplies,Home Office,49.5
2017-11-18,Central,Furniture,Chairs,Consumer,301.96
2017-11-18,Central,Furniture,Chairs,Home Office,255.108
2017-11-18,Central,Office Supplies,Art,Home Office,6.368
2017-11-18,Central,Office Supplies,Labels,Home Office,48.848
2017-11-18,Central,Office Supplies,Paper,Home Office,19.648
2017-11-18,Central,Office Supplies,Storage,Home Office,1117.92
2017-11-18,East,Office Supplies,Appliances,Corporate,103.968
2017-11-18,South,Technology,Accessories,Corporate,1319.96
2017-11-18,West,Office Supplies,Appliances,Home Office,67.84
2017-11-18,West,Office Supplies,Binders,Consumer,61.12
2017-11-18,West,Technology,Accessories,Consumer,595.0
2017-11-18,West,Technology,Phones,Home Office,61.192
2017-11-19,Central,Furniture,Furnishings,Consumer,2.328
2017-11-19,Central,Office Supplies,Appliances,Corporate,54.96
2017-11-19,Central,Office Supplies,Binders,Consumer,11.972
2017-11-19,Central,Office Supplies,Envelopes,Consumer,40.968
2017-11-19,Central,Office Supplies,Fasteners,Consumer,58.368
2017-11-19,Central,Office Supplies,Paper,Consumer,10.368
2017-11-19,Central,Office Supplies,Storage,Consumer,100.704
2017-11-19,Central,Technology,Phones,Consumer,71.96
2017-11-19,East,Office Supplies,Appliances,Consumer,8.74
2017-11-19,East,Office Supplies,Art,Home Office,17.28
2017-11-19,East,Office Supplies,Binders,Consumer,14.352
2017-11-19,East,Office Supplies,Binders,Home Office,17.712
2017-11-19,East,Office Supplies,Paper,Consumer,44.75
2017-11-19,East,Office Supplies,Storage,Consumer,133.56
2017-11-19,South,Office Supplies,Art,Consumer,18.48
2017-11-19,West,Furniture,Furnishings,Corporate,31.96
2017-11-20,Central,Furniture,Chairs,Corporate,318.43
2017-11-20,Central,Furniture,Furnishings,Corporate,7.068
2017-11-20,Central,Office Supplies,Binders,Corporate,4.91
2017-11-20,Central,Office Supplies,Labels,Consumer,14.62
2017-11-20,Central,Office Supplies,Paper,Corporate,323.63
2017-11-20,Central,Technology,Phones,Consumer,1096.1219999999998
2017-11-20,Central,Technology,Phones,Corporate,122.92
2017-11-20,East,Furniture,Bookcases,Home Office,86.97
2017-11-20,East,Office Supplies,Binders,Consumer,145.455
2017-11-20,East,Office Supplies,Fasteners,Home Office,19.096
2017-11-20,East,Office Supplies,Labels,Home Office,18.496
2017-11-20,East,Office Supplies,Paper,Consumer,15.696
2017-11-20,East,Technology,Accessories,Home Office,255.984
2017-11-20,South,Furniture,Bookcases,Corporate,289.568
2017-11-20,South,Office Supplies,Storage,Corporate,39.72
2017-11-20,South,Technology,Phones,Corporate,244.768
2017-11-20,West,Office Supplies,Appliances,Corporate,39.0
2017-11-20,West,Technology,Accessories,Corporate,27.88
2017-11-21,Central,Office Supplies,Paper,Consumer,38.432
2017-11-21,Central,Office Supplies,Paper,Corporate,40.46
2017-11-21,Central,Office Supplies,Storage,Consumer,21.568
2017-11-21,Central,Technology,Accessories,Consumer,81.576
2017-11-21,Central,Technology,Phones,Corporate,404.94
2017-11-21,East,Furniture,Bookcases,Home Office,113.568
2017-11-21,East,Furniture,Chairs,Consumer,127.554
2017-11-21,East,Furniture,Furnishings,Consumer,77.952
2017-11-21,East,Office Supplies,Paper,Consumer,12.96
2017-11-21,East,Technology,Machines,Consumer,30.345
2017-11-21,West,Furniture,Chairs,Consumer,195.136
2017-11-21,West,Office Supplies,Paper,Corporate,32.4
2017-11-22,Central,Office Supplies,Art,Consumer,23.616
2017-11-22,Central,Office Supplies,Binders,Consumer,60.144
2017-11-22,Central,Office Supplies,Labels,Consumer,2.088
2017-11-22,Central,Technology,Accessories,Consumer,24.032
2017-11-22,East,Furniture,Furnishings,Corporate,39.88
2017-11-22,East,Office Supplies,Art,Corporate,20.82
2017-11-22,East,Office Supplies,Binders,Corporate,12.192
2017-11-22,East,Office Supplies,Binders,Home Office,134.272
2017-11-23,East,Furniture,Furnishings,Corporate,84.81599999999999
2017-11-23,East,Office Supplies,Fasteners,Corporate,15.8
2017-11-24,Central,Office Supplies,Art,Consumer,14.04
2017-11-24,Central,Office Supplies,Fasteners,Consumer,4.344
2017-11-24,Central,Office Supplies,Paper,Consumer,74.352
2017-11-24,Central,Office Supplies,Storage,Consumer,41.92
2017-11-24,Central,Technology,Accessories,Consumer,392.56800000000004
2017-11-24,Central,Technology,Phones,Consumer,657.552
2017-11-24,East,Furniture,Furnishings,Corporate,207.76
2017-11-24,East,Office Supplies,Binders,Consumer,17.216
2017-11-24,East,Office Supplies,Envelopes,Home Office,40.752
2017-11-24,East,Office Supplies,Fasteners,Home Office,4.416
2017-11-24,East,Office Supplies,Paper,Consumer,18.04
2017-11-24,East,Technology,Accessories,Consumer,88.4
2017-11-24,East,Technology,Accessories,Home Office,139.96
2017-11-24,South,Furniture,Bookcases,Home Office,339.92
2017-11-24,South,Office Supplies,Appliances,Home Office,42.384
2017-11-24,South,Office Supplies,Paper,Home Office,10.528
2017-11-24,West,Furniture,Chairs,Corporate,1684.752
2017-11-24,West,Furniture,Furnishings,Home Office,92.2
2017-11-24,West,Office Supplies,Binders,Consumer,1219.96
2017-11-24,West,Office Supplies,Paper,Consumer,24.784
2017-11-24,West,Office Supplies,Supplies,Home Office,25.35
2017-11-24,West,Technology,Accessories,Corporate,1219.82
2017-11-24,West,Technology,Phones,Home Office,33.52
2017-11-25,Central,Furniture,Tables,Corporate,1568.61
2017-11-25,Central,Office Supplies,Binders,Corporate,17.3
2017-11-25,Central,Technology,Accessories,Corporate,160.0
2017-11-25,East,Office Supplies,Binders,Consumer,456.588
2017-11-25,East,Office Supplies,Storage,Corporate,563.4
2017-11-25,East,Technology,Accessories,Consumer,59.976
2017-11-25,East,Technology,Machines,Consumer,4499.985
2017-11-25,East,Technology,Machines,Corporate,319.92
2017-11-25,South,Office Supplies,Paper,Home Office,5.08
2017-11-25,South,Office Supplies,Storage,Consumer,73.36
2017-11-25,South,Technology,Phones,Consumer,59.98
2017-11-25,West,Furniture,Chairs,Consumer,194.352
2017-11-26,Central,Office Supplies,Art,Consumer,17.856
2017-11-26,East,Furniture,Tables,Corporate,313.176
2017-11-26,East,Office Supplies,Binders,Consumer,78.759
2017-11-26,East,Office Supplies,Paper,Home Office,13.36
2017-11-26,East,Technology,Accessories,Home Office,59.97
2017-11-26,East,Technology,Phones,Consumer,494.982
2017-11-26,South,Office Supplies,Binders,Corporate,125.43
2017-11-26,South,Office Supplies,Binders,Home Office,3.744
2017-11-26,South,Office Supplies,Paper,Corporate,70.98
2017-11-26,South,Technology,Machines,Corporate,3040.0
2017-11-26,West,Furniture,Bookcases,Consumer,3406.664
2017-11-26,West,Furniture,Furnishings,Consumer,595.38
2017-11-26,West,Office Supplies,Appliances,Consumer,64.96
2017-11-26,West,Office Supplies,Art,Consumer,37.17
2017-11-26,West,Office Supplies,Binders,Corporate,7.312
2017-11-27,Central,Office Supplies,Appliances,Corporate,167.292
2017-11-27,Central,Office Supplies,Binders,Corporate,152.0
2017-11-27,Central,Office Supplies,Storage,Corporate,97.984
2017-11-27,Central,Technology,Accessories,Corporate,97.35
2017-11-27,East,Furniture,Furnishings,Corporate,31.56
2017-11-27,South,Furniture,Tables,Consumer,331.023
2017-11-27,South,Technology,Phones,Consumer,116.76
2017-11-27,West,Office Supplies,Storage,Consumer,39.808
2017-11-27,West,Technology,Phones,Consumer,271.992
2017-11-28,East,Furniture,Chairs,Corporate,347.802
2017-11-28,East,Office Supplies,Binders,Consumer,7.16
2017-11-28,East,Office Supplies,Binders,Corporate,6.888
2017-11-28,East,Office Supplies,Fasteners,Corporate,12.672
2017-11-28,East,Office Supplies,Storage,Corporate,32.544
2017-11-28,East,Technology,Phones,Corporate,340.182
2017-11-28,South,Furniture,Chairs,Corporate,182.67
2017-11-28,South,Office Supplies,Binders,Corporate,7.434
2017-11-28,South,Office Supplies,Storage,Corporate,2389.3199999999997
2017-11-28,South,Technology,Accessories,Corporate,101.7
2017-11-29,Central,Furniture,Furnishings,Home Office,242.176
2017-11-29,Central,Technology,Accessories,Corporate,58.416
2017-11-30,Central,Furniture,Chairs,Consumer,389.97
2017-11-30,Central,Office Supplies,Paper,Consumer,47.12
2017-11-30,Central,Office Supplies,Storage,Consumer,496.86
2017-11-30,South,Technology,Phones,Consumer,36.192
2017-12-01,Central,Furniture,Chairs,Consumer,333.676
2017-12-01,Central,Furniture,Furnishings,Consumer,17.31
2017-12-01,Central,Office Supplies,Appliances,Consumer,11.648
2017-12-01,Central,Office Supplies,Paper,Consumer,23.92
2017-12-01,East,Furniture,Chairs,Consumer,924.42
2017-12-01,East,Furniture,Furnishings,Consumer,111.15
2017-12-01,East,Furniture,Tables,Consumer,366.009
2017-12-01,East,Office Supplies,Appliances,Consumer,901.95
2017-12-01,East,Office Supplies,Binders,Consumer,88.08
2017-12-01,East,Technology,Phones,Consumer,317.90999999999997
2017-12-01,South,Office Supplies,Appliances,Corporate,2104.55
2017-12-01,South,Office Supplies,Art,Consumer,4.704
2017-12-01,South,Office Supplies,Supplies,Corporate,40.7
2017-12-01,South,Technology,Phones,Consumer,863.928
2017-12-01,West,Furniture,Furnishings,Consumer,16.74
2017-12-01,West,Furniture,Furnishings,Home Office,31.96
2017-12-01,West,Office Supplies,Art,Corporate,23.04
2017-12-01,West,Office Supplies,Envelopes,Home Office,22.92
2017-12-01,West,Office Supplies,Paper,Home Office,47.9
2017-12-01,West,Office Supplies,Storage,Home Office,1112.94
2017-12-02,Central,Furniture,Bookcases,Corporate,781.864
2017-12-02,Central,Office Supplies,Binders,Corporate,115.84
2017-12-02,Central,Office Supplies,Paper,Corporate,30.816
2017-12-02,East,Furniture,Furnishings,Home Office,72.42
2017-12-02,East,Office Supplies,Binders,Consumer,450.408
2017-12-02,East,Office Supplies,Paper,Consumer,54.96
2017-12-02,East,Office Supplies,Storage,Home Office,2079.4
2017-12-02,East,Technology,Phones,Home Office,629.95
2017-12-02,West,Furniture,Furnishings,Corporate,14.52
2017-12-02,West,Office Supplies,Appliances,Corporate,59.7
2017-12-02,West,Office Supplies,Binders,Corporate,128.888
2017-12-02,West,Office Supplies,Paper,Consumer,66.38
2017-12-02,West,Office Supplies,Storage,Consumer,33.87
2017-12-02,West,Technology,Accessories,Corporate,165.6
2017-12-03,Central,Furniture,Chairs,Consumer,29.98
2017-12-03,Central,Furniture,Tables,Consumer,581.96
2017-12-03,East,Furniture,Chairs,Consumer,542.646
2017-12-03,East,Furniture,Tables,Consumer,400.032
2017-12-03,East,Office Supplies,Appliances,Consumer,394.816
2017-12-03,East,Office Supplies,Binders,Consumer,18.192
2017-12-03,East,Office Supplies,Labels,Consumer,6.3
2017-12-03,East,Office Supplies,Paper,Consumer,182.72
2017-12-03,East,Office Supplies,Storage,Consumer,33.63
2017-12-03,West,Furniture,Bookcases,Consumer,205.666
2017-12-03,West,Furniture,Furnishings,Consumer,111.9
2017-12-03,West,Furniture,Tables,Consumer,268.704
2017-12-03,West,Office Supplies,Art,Consumer,21.92
2017-12-03,West,Office Supplies,Storage,Consumer,821.4
2017-12-03,West,Technology,Accessories,Consumer,1649.95
2017-12-04,East,Furniture,Furnishings,Consumer,113.79
2017-12-04,East,Office Supplies,Binders,Consumer,17.256
2017-12-04,East,Office Supplies,Paper,Consumer,40.56
2017-12-04,East,Office Supplies,Storage,Consumer,376.8
2017-12-04,East,Office Supplies,Storage,Corporate,212.88
2017-12-04,East,Technology,Accessories,Consumer,78.15
2017-12-04,West,Office Supplies,Paper,Consumer,104.85
2017-12-05,Central,Furniture,Chairs,Corporate,1951.84
2017-12-05,Central,Office Supplies,Art,Home Office,3.536
2017-12-05,Central,Office Supplies,Binders,Corporate,171.55
2017-12-05,Central,Office Supplies,Labels,Corporate,11.952
2017-12-05,Central,Technology,Phones,Corporate,534.42
2017-12-05,East,Furniture,Bookcases,Corporate,81.94
2017-12-05,East,Office Supplies,Art,Home Office,33.92
2017-12-05,East,Office Supplies,Storage,Consumer,465.18
2017-12-05,South,Furniture,Furnishings,Consumer,191.82
2017-12-05,South,Office Supplies,Storage,Consumer,584.82
2017-12-05,South,Technology,Phones,Consumer,699.98
2017-12-05,West,Office Supplies,Binders,Consumer,407.976
2017-12-06,East,Office Supplies,Binders,Corporate,1191.096
2017-12-06,East,Technology,Copiers,Corporate,479.984
2017-12-06,West,Office Supplies,Binders,Consumer,107.01599999999999
2017-12-06,West,Office Supplies,Envelopes,Consumer,35.89
2017-12-06,West,Office Supplies,Paper,Consumer,437.78
2017-12-06,West,Office Supplies,Paper,Corporate,19.44
2017-12-06,West,Technology,Phones,Consumer,588.768
2017-12-08,Central,Furniture,Bookcases,Consumer,405.86
2017-12-08,Central,Furniture,Chairs,Consumer,680.01
2017-12-08,Central,Furniture,Furnishings,Corporate,190.92
2017-12-08,Central,Technology,Phones,Corporate,1212.4940000000001
2017-12-08,East,Office Supplies,Binders,Home Office,12.957
2017-12-08,East,Office Supplies,Paper,Home Office,10.584
2017-12-08,South,Technology,Accessories,Consumer,84.672
2017-12-08,South,Technology,Phones,Consumer,249.584
2017-12-08,West,Furniture,Tables,Corporate,1421.664
2017-12-08,West,Office Supplies,Art,Corporate,8.56
2017-12-08,West,Office Supplies,Paper,Corporate,45.36
2017-12-08,West,Office Supplies,Storage,Consumer,386.43
2017-12-09,Central,Office Supplies,Appliances,Consumer,61.929
2017-12-09,Central,Office Supplies,Appliances,Corporate,64.696
2017-12-09,Central,Office Supplies,Art,Corporate,28.788
2017-12-09,Central,Office Supplies,Paper,Corporate,9.392
2017-12-09,Central,Office Supplies,Supplies,Corporate,20.568
2017-12-09,Central,Technology,Accessories,Consumer,59.98
2017-12-09,Central,Technology,Accessories,Corporate,19.04
2017-12-09,Central,Technology,Phones,Consumer,10.9
2017-12-09,East,Office Supplies,Labels,Consumer,125.81
2017-12-09,South,Furniture,Tables,Consumer,1056.86
2017-12-09,South,Furniture,Tables,Corporate,79.974
2017-12-09,South,Office Supplies,Binders,Corporate,2.946
2017-12-09,South,Technology,Phones,Consumer,40.68
2017-12-09,West,Office Supplies,Binders,Corporate,273.92
2017-12-10,Central,Furniture,Chairs,Consumer,1424.9
2017-12-10,East,Office Supplies,Binders,Consumer,679.96
2017-12-10,East,Office Supplies,Envelopes,Consumer,361.92
2017-12-10,East,Office Supplies,Paper,Consumer,18.54
2017-12-10,East,Office Supplies,Paper,Corporate,62.82
2017-12-10,East,Office Supplies,Storage,Consumer,80.58
2017-12-10,West,Furniture,Chairs,Consumer,321.568
2017-12-10,West,Office Supplies,Appliances,Consumer,100.44
2017-12-10,West,Office Supplies,Binders,Consumer,153.552
2017-12-10,West,Office Supplies,Paper,Consumer,123.92
2017-12-10,West,Office Supplies,Paper,Home Office,80.28
2017-12-10,West,Technology,Accessories,Consumer,44.75
2017-12-11,East,Furniture,Chairs,Corporate,458.43
2017-12-11,East,Furniture,Tables,Corporate,328.59
2017-12-11,East,Office Supplies,Appliances,Corporate,460.672
2017-12-11,East,Office Supplies,Fasteners,Corporate,15.26
2017-12-11,East,Office Supplies,Storage,Corporate,64.96
2017-12-11,East,Office Supplies,Supplies,Corporate,13.52
2017-12-11,East,Technology,Phones,Corporate,1029.95
2017-12-11,South,Office Supplies,Art,Consumer,6.672
2017-12-11,South,Office Supplies,Storage,Consumer,85.224
2017-12-11,West,Furniture,Chairs,Consumer,363.92
2017-12-11,West,Furniture,Chairs,Home Office,403.92
2017-12-11,West,Furniture,Furnishings,Corporate,14.8
2017-12-11,West,Furniture,Tables,Consumer,892.136
2017-12-11,West,Office Supplies,Appliances,Consumer,83.42
2017-12-11,West,Office Supplies,Art,Consumer,23.32
2017-12-11,West,Office Supplies,Binders,Consumer,373.968
2017-12-11,West,Office Supplies,Paper,Consumer,30.98
2017-12-11,West,Office Supplies,Storage,Consumer,293.604
2017-12-11,West,Technology,Accessories,Consumer,239.76
2017-12-11,West,Technology,Accessories,Corporate,316.0
2017-12-11,West,Technology,Phones,Consumer,300.768
2017-12-11,West,Technology,Phones,Corporate,302.376
2017-12-12,Central,Furniture,Furnishings,Home Office,33.48
2017-12-12,Central,Office Supplies,Art,Home Office,13.9
2017-12-12,Central,Office Supplies,Storage,Home Office,26.86
2017-12-12,Central,Technology,Phones,Home Office,657.93
2017-12-12,East,Office Supplies,Binders,Corporate,18.693
2017-12-12,East,Technology,Accessories,Corporate,383.952
2017-12-12,South,Office Supplies,Paper,Consumer,49.12
2017-12-12,South,Technology,Accessories,Consumer,249.95
2017-12-12,West,Furniture,Furnishings,Consumer,383.64
2017-12-12,West,Office Supplies,Appliances,Consumer,56.52
2017-12-13,Central,Technology,Accessories,Corporate,63.88
2017-12-13,West,Furniture,Tables,Corporate,1114.272
2017-12-13,West,Office Supplies,Art,Consumer,9.84
2017-12-13,West,Office Supplies,Binders,Corporate,6.096
2017-12-14,East,Furniture,Furnishings,Consumer,396.92
2017-12-14,East,Office Supplies,Binders,Consumer,23.12
2017-12-14,East,Office Supplies,Fasteners,Consumer,21.48
2017-12-14,East,Office Supplies,Labels,Consumer,5.76
2017-12-14,East,Office Supplies,Paper,Consumer,14.62
2017-12-14,East,Office Supplies,Storage,Consumer,17.15
2017-12-14,South,Furniture,Furnishings,Consumer,133.38
2017-12-14,West,Furniture,Chairs,Corporate,81.424
2017-12-14,West,Office Supplies,Storage,Corporate,134.8
2017-12-15,Central,Furniture,Tables,Corporate,1652.94
2017-12-15,Central,Office Supplies,Storage,Corporate,296.37
2017-12-15,East,Office Supplies,Binders,Consumer,2.214
2017-12-15,South,Office Supplies,Paper,Home Office,19.44
2017-12-15,West,Furniture,Furnishings,Consumer,14.76
2017-12-15,West,Furniture,Tables,Home Office,564.195
2017-12-15,West,Office Supplies,Appliances,Home Office,87.168
2017-12-16,Central,Office Supplies,Binders,Consumer,4.788
2017-12-16,East,Office Supplies,Fasteners,Corporate,3.68
2017-12-16,South,Office Supplies,Appliances,Consumer,34.944
2017-12-16,West,Furniture,Chairs,Consumer,563.92
2017-12-16,West,Technology,Accessories,Home Office,21.21
2017-12-17,Central,Office Supplies,Binders,Consumer,9892.74
2017-12-17,Central,Office Supplies,Paper,Corporate,51.84
2017-12-17,Central,Technology,Accessories,Corporate,165.6
2017-12-17,West,Furniture,Tables,Consumer,2003.52
2017-12-17,West,Office Supplies,Binders,Corporate,24.904
2017-12-17,West,Office Supplies,Storage,Home Office,46.53
2017-12-18,Central,Furniture,Chairs,Home Office,563.94
2017-12-18,Central,Furniture,Furnishings,Corporate,18.84
2017-12-18,East,Office Supplies,Binders,Corporate,1793.98
2017-12-18,East,Office Supplies,Storage,Home Office,900.08
2017-12-18,South,Office Supplies,Appliances,Corporate,194.528
2017-12-18,South,Office Supplies,Binders,Corporate,254.058
2017-12-18,South,Office Supplies,Supplies,Corporate,961.48
2017-12-18,West,Furniture,Furnishings,Consumer,39.92
2017-12-18,West,Furniture,Furnishings,Corporate,183.84
2017-12-18,West,Furniture,Tables,Home Office,377.45
2017-12-18,West,Office Supplies,Art,Home Office,18.688
2017-12-18,West,Office Supplies,Binders,Home Office,45.24
2017-12-18,West,Office Supplies,Labels,Home Office,15.936
2017-12-18,West,Office Supplies,Paper,Corporate,38.88
2017-12-18,West,Office Supplies,Paper,Home Office,11.648
2017-12-18,West,Office Supplies,Supplies,Corporate,579.3
2017-12-18,West,Technology,Accessories,Consumer,845.11
2017-12-18,West,Technology,Accessories,Home Office,112.776
2017-12-18,West,Technology,Phones,Corporate,66.976
2017-12-18,West,Technology,Phones,Home Office,28.68
2017-12-19,Central,Office Supplies,Binders,Corporate,1.8
2017-12-19,East,Furniture,Furnishings,Consumer,303.92
2017-12-19,East,Office Supplies,Art,Corporate,3.52
2017-12-19,East,Office Supplies,Binders,Corporate,34.248
2017-12-19,West,Furniture,Tables,Corporate,455.97
2017-12-19,West,Office Supplies,Binders,Corporate,15.654
2017-12-20,Central,Office Supplies,Paper,Consumer,33.9
2017-12-20,South,Furniture,Furnishings,Home Office,18.92
2017-12-20,South,Office Supplies,Binders,Home Office,15.42
2017-12-20,South,Technology,Accessories,Consumer,66.3
2017-12-22,East,Office Supplies,Binders,Consumer,25.584
2017-12-22,West,Furniture,Furnishings,Consumer,919.3040000000001
2017-12-22,West,Office Supplies,Binders,Consumer,31.32
2017-12-22,West,Office Supplies,Binders,Home Office,55.36
2017-12-22,West,Technology,Machines,Home Office,11.56
2017-12-23,Central,Furniture,Bookcases,Corporate,141.372
2017-12-23,Central,Furniture,Furnishings,Corporate,2.328
2017-12-23,Central,Office Supplies,Fasteners,Corporate,24.85
2017-12-23,Central,Office Supplies,Labels,Corporate,45.36
2017-12-23,Central,Technology,Phones,Corporate,873.336
2017-12-23,East,Office Supplies,Binders,Consumer,5.553
2017-12-23,East,Office Supplies,Paper,Home Office,7.968
2017-12-23,East,Technology,Copiers,Corporate,1999.96
2017-12-23,East,Technology,Phones,Home Office,1499.97
2017-12-23,South,Furniture,Furnishings,Consumer,859.14
2017-12-23,West,Office Supplies,Art,Corporate,13.02
2017-12-23,West,Office Supplies,Envelopes,Corporate,61.96
2017-12-23,West,Office Supplies,Paper,Corporate,85.84
2017-12-23,West,Office Supplies,Storage,Corporate,1345.2
2017-12-24,East,Furniture,Furnishings,Consumer,799.56
2017-12-24,East,Technology,Phones,Corporate,197.97
2017-12-24,South,Office Supplies,Binders,Home Office,27.882
2017-12-24,South,Office Supplies,Storage,Home Office,540.048
2017-12-24,South,Technology,Accessories,Home Office,255.68
2017-12-24,West,Furniture,Furnishings,Consumer,43.96
2017-12-24,West,Office Supplies,Envelopes,Consumer,39.76
2017-12-24,West,Office Supplies,Paper,Corporate,33.4
2017-12-25,East,Furniture,Chairs,Consumer,2563.056
2017-12-25,East,Furniture,Chairs,Corporate,866.646
2017-12-25,East,Furniture,Furnishings,Corporate,21.12
2017-12-25,East,Furniture,Tables,Corporate,313.176
2017-12-25,East,Office Supplies,Binders,Consumer,33.568
2017-12-25,South,Furniture,Furnishings,Consumer,343.85
2017-12-25,South,Office Supplies,Art,Consumer,19.89
2017-12-25,South,Office Supplies,Paper,Consumer,106.32
2017-12-25,South,Technology,Accessories,Consumer,399.98
2017-12-25,West,Furniture,Chairs,Consumer,698.352
2017-12-25,West,Furniture,Chairs,Corporate,47.968
2017-12-25,West,Furniture,Tables,Consumer,1747.25
2017-12-25,West,Furniture,Tables,Corporate,35.445
2017-12-25,West,Office Supplies,Paper,Corporate,45.36
2017-12-25,West,Technology,Accessories,Corporate,400.15999999999997
2017-12-25,West,Technology,Machines,Corporate,269.97
2017-12-25,West,Technology,Phones,Corporate,2575.944
2017-12-26,East,Furniture,Chairs,Corporate,212.94
2017-12-26,East,Office Supplies,Appliances,Corporate,26.49
2017-12-26,East,Office Supplies,Binders,Corporate,4.992
2017-12-26,East,Technology,Accessories,Consumer,89.97
2017-12-26,West,Furniture,Chairs,Corporate,146.352
2017-12-26,West,Furniture,Tables,Corporate,902.712
2017-12-26,West,Office Supplies,Appliances,Corporate,26.619999999999997
2017-12-26,West,Office Supplies,Art,Consumer,11.328
2017-12-26,West,Office Supplies,Art,Corporate,53.97
2017-12-26,West,Office Supplies,Paper,Consumer,33.9
2017-12-26,West,Office Supplies,Supplies,Corporate,17.76
2017-12-26,West,Technology,Phones,Corporate,302.384
2017-12-27,Central,Furniture,Chairs,Corporate,845.488
2017-12-27,Central,Office Supplies,Paper,Consumer,34.048
2017-12-27,East,Office Supplies,Fasteners,Home Office,17.184
2017-12-27,East,Technology,Accessories,Consumer,40.0
2017-12-27,South,Office Supplies,Labels,Consumer,2.61
2017-12-27,West,Office Supplies,Labels,Home Office,20.16
2017-12-29,Central,Furniture,Chairs,Consumer,754.45
2017-12-29,Central,Furniture,Furnishings,Consumer,70.56
2017-12-29,Central,Office Supplies,Appliances,Consumer,81.96
2017-12-29,Central,Office Supplies,Paper,Consumer,186.048
2017-12-29,South,Office Supplies,Binders,Corporate,40.896
2017-12-29,South,Office Supplies,Paper,Home Office,62.752
2017-12-29,West,Office Supplies,Binders,Consumer,11.232
2017-12-29,West,Office Supplies,Envelopes,Consumer,27.792
2017-12-29,West,Office Supplies,Storage,Consumer,14.03
2017-12-29,West,Office Supplies,Supplies,Consumer,27.96
2017-12-30,Central,Office Supplies,Binders,Corporate,6.924
2017-12-30,East,Furniture,Chairs,Consumer,170.786
2017-12-30,East,Office Supplies,Art,Corporate,16.52
2017-12-30,East,Office Supplies,Labels,Consumer,5.904
2017-12-30,East,Office Supplies,Supplies,Consumer,13.712
2017-12-30,South,Office Supplies,Paper,Consumer,72.224
2017-12-30,West,Office Supplies,Binders,Home Office,6.384
2017-12-30,West,Office Supplies,Storage,Home Office,481.32
2017-12-31,East,Office Supplies,Storage,Consumer,156.512
2017-12-31,South,Office Supplies,Art,Consumer,47.616
2017-12-31,South,Office Supplies,Paper,Consumer,23.48
2017-12-31,West,Office Supplies,Art,Corporate,3.64
2017-12-31,West,Office Supplies,Binders,Consumer,38.376
2017-12-31,West,Office Supplies,Binders,Corporate,159.768
2017-12-31,West,Technology,Phones,Consumer,302.376
2018-01-01,Central,Furniture,Chairs,Consumer,310.744
2018-01-01,Central,Furniture,Furnishings,Consumer,141.42
2018-01-01,Central,Office Supplies,Appliances,Consumer,15.224
2018-01-01,Central,Office Supplies,Art,Consumer,12.736
2018-01-01,Central,Office Supplies,Binders,Consumer,20.218
2018-01-01,Central,Office Supplies,Binders,Home Office,3.6
2018-01-01,Central,Office Supplies,Storage,Consumer,454.56
2018-01-01,East,Furniture,Furnishings,Consumer,48.896
2018-01-01,West,Furniture,Furnishings,Consumer,474.43
2018-01-02,Central,Furniture,Tables,Consumer,913.43
2018-01-02,Central,Office Supplies,Appliances,Consumer,5.432
2018-01-02,Central,Office Supplies,Art,Consumer,31.744
2018-01-02,Central,Office Supplies,Storage,Consumer,372.144
2018-01-02,South,Office Supplies,Binders,Corporate,44.513999999999996
2018-01-02,South,Technology,Machines,Corporate,695.7
2018-01-02,West,Technology,Accessories,Corporate,16.59
2018-01-03,West,Office Supplies,Art,Consumer,9.12
2018-01-03,West,Office Supplies,Binders,Consumer,2022.272
2018-01-03,West,Office Supplies,Paper,Consumer,38.88
2018-01-06,South,Office Supplies,Binders,Home Office,33.74
2018-01-07,Central,Technology,Machines,Corporate,3059.982
2018-01-07,South,Office Supplies,Binders,Consumer,2.808
2018-01-07,West,Office Supplies,Fasteners,Consumer,7.89
2018-01-07,West,Office Supplies,Storage,Consumer,214.8
2018-01-07,West,Office Supplies,Supplies,Consumer,110.11
2018-01-08,West,Furniture,Tables,Corporate,892.98
2018-01-09,East,Office Supplies,Binders,Consumer,274.491
2018-01-12,Central,Office Supplies,Binders,Corporate,760.98
2018-01-12,East,Furniture,Furnishings,Home Office,37.68
2018-01-12,East,Office Supplies,Paper,Home Office,40.08
2018-01-12,West,Office Supplies,Envelopes,Corporate,9.78
2018-01-13,Central,Furniture,Bookcases,Corporate,212.94
2018-01-13,Central,Office Supplies,Art,Corporate,209.94
2018-01-13,Central,Office Supplies,Paper,Corporate,32.4
2018-01-13,Central,Office Supplies,Supplies,Corporate,4164.05
2018-01-14,South,Office Supplies,Binders,Consumer,8.478
2018-01-14,South,Office Supplies,Envelopes,Consumer,40.08
2018-01-14,South,Office Supplies,Paper,Consumer,36.288
2018-01-14,South,Technology,Phones,Consumer,119.904
2018-01-14,West,Office Supplies,Paper,Consumer,154.9
2018-01-14,West,Office Supplies,Storage,Corporate,168.624
2018-01-14,West,Technology,Accessories,Corporate,169.064
2018-01-15,Central,Office Supplies,Binders,Consumer,37.06
2018-01-15,Central,Technology,Accessories,Consumer,110.576
2018-01-15,East,Office Supplies,Appliances,Consumer,1958.544
2018-01-15,East,Office Supplies,Paper,Consumer,12.7
2018-01-15,West,Office Supplies,Art,Home Office,21.4
2018-01-16,Central,Furniture,Chairs,Consumer,302.67
2018-01-16,Central,Office Supplies,Binders,Consumer,5443.96
2018-01-16,Central,Office Supplies,Paper,Consumer,56.07
2018-01-16,West,Furniture,Furnishings,Corporate,27.92
2018-01-16,West,Furniture,Tables,Corporate,399.672
2018-01-19,Central,Office Supplies,Labels,Consumer,6.0
2018-01-19,East,Furniture,Chairs,Consumer,887.271
2018-01-19,East,Furniture,Furnishings,Consumer,31.968
2018-01-19,East,Office Supplies,Appliances,Consumer,542.94
2018-01-19,East,Office Supplies,Envelopes,Consumer,2.04
2018-01-19,East,Office Supplies,Paper,Consumer,113.896
2018-01-19,East,Technology,Phones,Consumer,429.6
2018-01-20,Central,Office Supplies,Labels,Consumer,11.52
2018-01-20,East,Furniture,Chairs,Corporate,207.846
2018-01-20,East,Office Supplies,Art,Consumer,3.52
2018-01-20,West,Office Supplies,Art,Consumer,24.2
2018-01-20,West,Technology,Phones,Consumer,520.752
2018-01-21,Central,Office Supplies,Binders,Home Office,103.92
2018-01-21,Central,Office Supplies,Envelopes,Consumer,268.576
2018-01-21,Central,Technology,Accessories,Home Office,619.95
2018-01-21,Central,Technology,Machines,Home Office,350.973
2018-01-21,Central,Technology,Phones,Home Office,164.99
2018-01-21,South,Office Supplies,Binders,Home Office,35.784
2018-01-21,South,Office Supplies,Storage,Home Office,348.208
2018-01-21,West,Furniture,Bookcases,Home Office,84.98
2018-01-21,West,Office Supplies,Binders,Home Office,146.352
2018-01-21,West,Office Supplies,Storage,Home Office,242.94
2018-01-21,West,Technology,Accessories,Home Office,179.97
2018-01-22,Central,Office Supplies,Art,Corporate,7.872
2018-01-22,Central,Office Supplies,Fasteners,Corporate,15.12
2018-01-22,West,Office Supplies,Paper,Home Office,11.96
2018-01-22,West,Office Supplies,Storage,Home Office,1177.47
2018-01-22,West,Technology,Copiers,Home Office,2999.95
2018-01-23,Central,Furniture,Tables,Corporate,210.98
2018-01-23,West,Office Supplies,Binders,Corporate,19.68
2018-01-23,West,Office Supplies,Binders,Home Office,4.938
2018-01-23,West,Office Supplies,Paper,Corporate,32.400000000000006
2018-01-23,West,Technology,Accessories,Home Office,95.984
2018-01-23,West,Technology,Phones,Corporate,86.352
2018-01-24,South,Office Supplies,Fasteners,Consumer,5.67
2018-01-24,West,Office Supplies,Appliances,Corporate,25.86
2018-01-24,West,Office Supplies,Binders,Corporate,276.784
2018-01-24,West,Technology,Phones,Corporate,110.352
2018-01-26,Central,Office Supplies,Storage,Consumer,18.16
2018-01-26,South,Furniture,Furnishings,Consumer,62.72
2018-01-26,South,Office Supplies,Art,Corporate,15.47
2018-01-26,South,Office Supplies,Binders,Corporate,7.16
2018-01-26,South,Technology,Phones,Consumer,2939.93
2018-01-26,West,Office Supplies,Fasteners,Consumer,11.84
2018-01-27,East,Office Supplies,Art,Consumer,14.016
2018-01-27,East,Technology,Accessories,Consumer,71.976
2018-01-27,East,Technology,Phones,Consumer,245.922
2018-01-28,Central,Office Supplies,Paper,Consumer,279.9
2018-01-28,East,Technology,Accessories,Home Office,449.91
2018-01-28,West,Furniture,Furnishings,Home Office,37.74
2018-01-28,West,Technology,Accessories,Home Office,239.97
2018-01-29,Central,Office Supplies,Binders,Consumer,12.128
2018-01-29,East,Office Supplies,Art,Consumer,4.768
2018-01-29,East,Office Supplies,Labels,Consumer,5.22
2018-01-29,West,Office Supplies,Art,Consumer,8.34
2018-01-29,West,Office Supplies,Binders,Consumer,119.616
2018-01-29,West,Office Supplies,Supplies,Consumer,8.57
2018-01-30,Central,Furniture,Furnishings,Corporate,34.58
2018-01-30,Central,Furniture,Tables,Consumer,69.375
2018-01-30,Central,Office Supplies,Art,Consumer,9.344
2018-01-30,Central,Office Supplies,Art,Corporate,40.3
2018-01-30,Central,Office Supplies,Binders,Corporate,58.34
2018-01-30,Central,Office Supplies,Supplies,Consumer,31.68
2018-01-30,Central,Technology,Phones,Consumer,2003.168
2018-01-30,Central,Technology,Phones,Corporate,207.0
2018-01-30,South,Furniture,Chairs,Consumer,419.136
2018-01-30,West,Furniture,Chairs,Home Office,120.784
2018-01-30,West,Office Supplies,Art,Home Office,21.560000000000002
2018-01-30,West,Office Supplies,Storage,Consumer,129.3
2018-01-30,West,Technology,Phones,Home Office,604.768
2018-02-02,East,Office Supplies,Fasteners,Corporate,21.456
2018-02-02,East,Office Supplies,Paper,Corporate,78.304
2018-02-02,East,Technology,Phones,Corporate,59.97
2018-02-02,West,Furniture,Furnishings,Consumer,86.26
2018-02-02,West,Furniture,Furnishings,Corporate,210.58
2018-02-02,West,Office Supplies,Appliances,Consumer,46.8
2018-02-02,West,Office Supplies,Binders,Corporate,30.96
2018-02-02,West,Office Supplies,Storage,Consumer,139.04
2018-02-02,West,Technology,Machines,Corporate,239.984
2018-02-03,Central,Furniture,Furnishings,Home Office,22.2
2018-02-03,Central,Office Supplies,Paper,Home Office,490.168
2018-02-03,East,Office Supplies,Binders,Consumer,5.229
2018-02-03,East,Office Supplies,Storage,Consumer,285.552
2018-02-03,South,Office Supplies,Binders,Consumer,3.882
2018-02-03,South,Office Supplies,Paper,Consumer,115.296
2018-02-04,East,Office Supplies,Appliances,Consumer,32.67
2018-02-05,Central,Office Supplies,Art,Consumer,7.12
2018-02-05,Central,Office Supplies,Binders,Consumer,243.992
2018-02-05,West,Office Supplies,Appliances,Corporate,1640.7
2018-02-05,West,Technology,Phones,Corporate,371.2
2018-02-06,East,Furniture,Bookcases,Consumer,240.784
2018-02-06,East,Office Supplies,Binders,Corporate,46.24
2018-02-06,East,Technology,Phones,Corporate,227.46
2018-02-06,South,Furniture,Bookcases,Consumer,359.97
2018-02-06,West,Office Supplies,Paper,Home Office,29.9
2018-02-09,Central,Furniture,Furnishings,Consumer,3.984
2018-02-09,Central,Office Supplies,Appliances,Consumer,12.992
2018-02-09,Central,Office Supplies,Binders,Consumer,252.784
2018-02-09,Central,Technology,Accessories,Consumer,127.984
2018-02-09,West,Furniture,Furnishings,Corporate,21.12
2018-02-09,West,Office Supplies,Storage,Consumer,354.9
2018-02-10,East,Office Supplies,Paper,Consumer,23.12
2018-02-10,West,Furniture,Bookcases,Home Office,203.983
2018-02-11,East,Furniture,Furnishings,Consumer,147.568
2018-02-11,East,Office Supplies,Labels,Corporate,20.7
2018-02-11,West,Furniture,Chairs,Corporate,963.136
2018-02-11,West,Office Supplies,Binders,Corporate,21.336
2018-02-11,West,Technology,Phones,Corporate,88.776
2018-02-13,Central,Office Supplies,Appliances,Consumer,90.64
2018-02-13,East,Office Supplies,Art,Consumer,10.71
2018-02-13,East,Office Supplies,Paper,Corporate,17.94
2018-02-13,East,Office Supplies,Supplies,Consumer,25.02
2018-02-13,West,Furniture,Furnishings,Consumer,107.53
2018-02-13,West,Office Supplies,Art,Consumer,6.63
2018-02-13,West,Technology,Accessories,Consumer,799.96
2018-02-16,Central,Furniture,Chairs,Consumer,600.558
2018-02-16,Central,Furniture,Furnishings,Consumer,7.692
2018-02-16,Central,Office Supplies,Art,Consumer,28.032
2018-02-16,Central,Office Supplies,Fasteners,Consumer,18.368
2018-02-16,Central,Office Supplies,Storage,Consumer,50.352
2018-02-16,East,Office Supplies,Paper,Consumer,37.94
2018-02-16,East,Office Supplies,Storage,Corporate,579.51
2018-02-16,East,Technology,Phones,Corporate,14.99
2018-02-17,Central,Furniture,Bookcases,Home Office,89.0664
2018-02-17,Central,Furniture,Tables,Home Office,480.96
2018-02-17,Central,Office Supplies,Art,Home Office,175.44
2018-02-17,Central,Technology,Phones,Home Office,563.128
2018-02-17,East,Furniture,Chairs,Home Office,899.43
2018-02-17,East,Furniture,Furnishings,Home Office,30.144
2018-02-17,East,Furniture,Tables,Home Office,455.97
2018-02-17,East,Office Supplies,Binders,Home Office,5.715
2018-02-17,East,Office Supplies,Paper,Home Office,11.76
2018-02-17,East,Office Supplies,Storage,Home Office,166.45
2018-02-17,East,Technology,Phones,Home Office,57.594
2018-02-17,South,Technology,Phones,Consumer,29.16
2018-02-18,West,Office Supplies,Labels,Corporate,9.82
2018-02-18,West,Technology,Accessories,Corporate,109.53
2018-02-18,West,Technology,Phones,Corporate,167.976
2018-02-19,South,Office Supplies,Appliances,Corporate,1245.86
2018-02-19,West,Furniture,Furnishings,Home Office,44.67
2018-02-19,West,Office Supplies,Art,Home Office,12.84
2018-02-19,West,Office Supplies,Fasteners,Consumer,11.22
2018-02-20,Central,Office Supplies,Appliances,Home Office,13.11
2018-02-20,Central,Office Supplies,Art,Home Office,6.56
2018-02-20,West,Furniture,Furnishings,Corporate,22.23
2018-02-20,West,Furniture,Furnishings,Home Office,68.704
2018-02-20,West,Furniture,Tables,Home Office,386.91
2018-02-20,West,Office Supplies,Envelopes,Home Office,10.64
2018-02-20,West,Office Supplies,Fasteners,Corporate,9.432
2018-02-20,West,Office Supplies,Storage,Home Office,51.168
2018-02-20,West,Technology,Accessories,Home Office,31.992
2018-02-20,West,Technology,Phones,Corporate,215.968
2018-02-20,West,Technology,Phones,Home Office,333.576
2018-02-21,Central,Technology,Accessories,Consumer,47.904
2018-02-23,West,Office Supplies,Fasteners,Corporate,8.4
2018-02-23,West,Office Supplies,Paper,Consumer,37.44
2018-02-23,West,Technology,Phones,Corporate,71.96
2018-02-24,East,Office Supplies,Binders,Consumer,4.956
2018-02-24,East,Office Supplies,Paper,Corporate,123.92
2018-02-24,East,Technology,Accessories,Corporate,1319.8
2018-02-25,Central,Office Supplies,Binders,Consumer,1.788
2018-02-25,South,Furniture,Bookcases,Consumer,231.92
2018-02-25,South,Furniture,Chairs,Consumer,196.784
2018-02-26,West,Furniture,Chairs,Home Office,892.224
2018-02-26,West,Office Supplies,Appliances,Consumer,356.79
2018-02-26,West,Office Supplies,Appliances,Home Office,81.92
2018-02-26,West,Office Supplies,Paper,Home Office,247.04
2018-02-26,West,Technology,Phones,Home Office,889.536
2018-02-28,East,Office Supplies,Binders,Consumer,9.84
2018-02-28,East,Office Supplies,Paper,Consumer,7.78
2018-03-02,Central,Office Supplies,Binders,Corporate,12.777999999999999
2018-03-02,Central,Office Supplies,Supplies,Corporate,6.976
2018-03-02,East,Furniture,Bookcases,Corporate,441.96
2018-03-02,East,Office Supplies,Art,Corporate,59.52
2018-03-02,East,Office Supplies,Binders,Consumer,18.528
2018-03-02,East,Office Supplies,Envelopes,Corporate,57.96
2018-03-02,East,Office Supplies,Paper,Corporate,68.04
2018-03-02,West,Office Supplies,Binders,Corporate,107.648
2018-03-02,West,Technology,Accessories,Corporate,479.94
2018-03-02,West,Technology,Phones,Corporate,196.776
2018-03-03,Central,Furniture,Chairs,Consumer,180.98
2018-03-03,Central,Office Supplies,Paper,Consumer,26.88
2018-03-03,Central,Technology,Accessories,Consumer,99.98
2018-03-03,South,Office Supplies,Appliances,Consumer,72.8
2018-03-03,West,Furniture,Chairs,Consumer,170.352
2018-03-03,West,Furniture,Tables,Corporate,399.672
2018-03-03,West,Technology,Accessories,Consumer,1049.44
2018-03-04,Central,Furniture,Furnishings,Home Office,103.5
2018-03-04,Central,Office Supplies,Labels,Home Office,2.464
2018-03-04,Central,Office Supplies,Paper,Consumer,89.568
2018-03-04,Central,Office Supplies,Storage,Home Office,8.72
2018-03-04,West,Office Supplies,Art,Corporate,9.32
2018-03-04,West,Office Supplies,Envelopes,Corporate,15.25
2018-03-05,Central,Office Supplies,Binders,Consumer,146.65
2018-03-05,Central,Office Supplies,Fasteners,Consumer,7.9
2018-03-05,Central,Office Supplies,Labels,Consumer,25.06
2018-03-05,Central,Office Supplies,Storage,Consumer,221.16
2018-03-05,South,Office Supplies,Appliances,Corporate,262.24
2018-03-05,South,Office Supplies,Binders,Corporate,234.36
2018-03-05,South,Office Supplies,Envelopes,Corporate,42.68
2018-03-05,South,Technology,Accessories,Corporate,299.97
2018-03-06,Central,Office Supplies,Art,Consumer,63.488
2018-03-06,Central,Office Supplies,Labels,Consumer,4.928
2018-03-06,East,Furniture,Furnishings,Consumer,71.97
2018-03-06,East,Office Supplies,Paper,Consumer,26.38
2018-03-06,West,Office Supplies,Art,Home Office,23.88
2018-03-06,West,Office Supplies,Binders,Home Office,14.976
2018-03-06,West,Office Supplies,Labels,Home Office,11.52
2018-03-06,West,Office Supplies,Paper,Home Office,286.93
2018-03-06,West,Office Supplies,Storage,Corporate,67.78
2018-03-06,West,Technology,Phones,Home Office,206.384
2018-03-07,East,Office Supplies,Binders,Consumer,25.92
2018-03-07,East,Office Supplies,Labels,Consumer,91.59
2018-03-07,East,Technology,Accessories,Home Office,49.08
2018-03-08,South,Office Supplies,Appliances,Corporate,647.84
2018-03-08,South,Office Supplies,Labels,Corporate,20.7
2018-03-08,West,Office Supplies,Art,Consumer,3.36
2018-03-08,West,Office Supplies,Binders,Consumer,171.2
2018-03-09,West,Office Supplies,Binders,Consumer,30.84
2018-03-09,West,Technology,Accessories,Corporate,199.98
2018-03-09,West,Technology,Copiers,Consumer,479.984
2018-03-10,Central,Furniture,Tables,Consumer,933.408
2018-03-10,East,Furniture,Furnishings,Home Office,50.568
2018-03-10,East,Office Supplies,Art,Home Office,5.248
2018-03-10,East,Technology,Phones,Consumer,53.982
2018-03-10,East,Technology,Phones,Home Office,35.91
2018-03-10,South,Office Supplies,Appliances,Corporate,48.784
2018-03-10,South,Office Supplies,Binders,Corporate,13.092
2018-03-10,West,Technology,Accessories,Corporate,111.96
2018-03-11,Central,Office Supplies,Binders,Consumer,895.92
2018-03-11,East,Furniture,Furnishings,Home Office,26.72
2018-03-11,East,Furniture,Tables,Home Office,154.764
2018-03-11,East,Office Supplies,Binders,Home Office,12.294
2018-03-11,East,Office Supplies,Storage,Home Office,43.28
2018-03-11,East,Technology,Accessories,Home Office,63.88
2018-03-11,East,Technology,Phones,Home Office,776.85
2018-03-12,East,Technology,Phones,Corporate,69.93
2018-03-12,South,Office Supplies,Binders,Consumer,40.41
2018-03-12,West,Office Supplies,Storage,Corporate,242.94
2018-03-13,Central,Furniture,Chairs,Home Office,89.768
2018-03-13,Central,Office Supplies,Art,Home Office,49.216
2018-03-13,Central,Office Supplies,Paper,Home Office,15.552
2018-03-13,Central,Technology,Copiers,Home Office,959.984
2018-03-13,Central,Technology,Machines,Home Office,209.986
2018-03-13,Central,Technology,Phones,Corporate,7.992
2018-03-13,Central,Technology,Phones,Home Office,34.36
2018-03-13,East,Office Supplies,Appliances,Consumer,465.16
2018-03-13,East,Office Supplies,Binders,Consumer,205.18
2018-03-13,East,Office Supplies,Paper,Consumer,27.12
2018-03-13,East,Technology,Phones,Consumer,299.9
2018-03-13,West,Office Supplies,Paper,Home Office,648.1500000000001
2018-03-13,West,Office Supplies,Storage,Home Office,90.8
2018-03-13,West,Office Supplies,Supplies,Consumer,1332.496
2018-03-13,West,Technology,Accessories,Home Office,214.95
2018-03-13,West,Technology,Phones,Home Office,140.736
2018-03-14,Central,Technology,Phones,Corporate,49.616
2018-03-16,East,Furniture,Furnishings,Consumer,51.264
2018-03-16,East,Office Supplies,Binders,Consumer,5.193
2018-03-16,East,Office Supplies,Storage,Consumer,54.224
2018-03-16,East,Technology,Accessories,Consumer,159.984
2018-03-16,East,Technology,Phones,Consumer,44.376
2018-03-16,East,Technology,Phones,Home Office,445.44
2018-03-16,West,Office Supplies,Appliances,Corporate,140.67
2018-03-16,West,Office Supplies,Binders,Corporate,90.144
2018-03-16,West,Office Supplies,Paper,Home Office,6.48
2018-03-16,West,Office Supplies,Storage,Corporate,310.12
2018-03-16,West,Office Supplies,Storage,Home Office,46.51
2018-03-16,West,Technology,Phones,Home Office,659.976
2018-03-17,Central,Office Supplies,Binders,Home Office,13.776
2018-03-17,Central,Office Supplies,Paper,Home Office,10.272
2018-03-17,East,Office Supplies,Art,Consumer,59.1
2018-03-17,East,Office Supplies,Binders,Consumer,9.144
2018-03-17,East,Office Supplies,Labels,Consumer,26.06
2018-03-17,East,Office Supplies,Storage,Consumer,153.97
2018-03-17,East,Technology,Accessories,Consumer,128.66
2018-03-17,East,Technology,Phones,Consumer,119.7
2018-03-17,South,Office Supplies,Labels,Home Office,4.608
2018-03-17,West,Office Supplies,Binders,Consumer,17.456
2018-03-18,Central,Furniture,Furnishings,Consumer,82.524
2018-03-18,Central,Office Supplies,Appliances,Consumer,2.688
2018-03-18,Central,Office Supplies,Art,Consumer,23.832
2018-03-18,Central,Office Supplies,Binders,Consumer,182.994
2018-03-18,Central,Technology,Accessories,Consumer,27.816
2018-03-18,Central,Technology,Phones,Consumer,537.544
2018-03-18,West,Office Supplies,Appliances,Corporate,90.86
2018-03-18,West,Office Supplies,Art,Consumer,46.2
2018-03-18,West,Office Supplies,Art,Corporate,13.9
2018-03-18,West,Office Supplies,Envelopes,Corporate,19.4
2018-03-19,East,Office Supplies,Labels,Home Office,28.91
2018-03-19,West,Furniture,Furnishings,Consumer,30.93
2018-03-19,West,Furniture,Tables,Consumer,697.16
2018-03-19,West,Office Supplies,Appliances,Corporate,381.36
2018-03-19,West,Office Supplies,Binders,Consumer,61.944
2018-03-19,West,Technology,Accessories,Consumer,299.5
2018-03-19,West,Technology,Phones,Consumer,657.504
2018-03-20,Central,Furniture,Furnishings,Consumer,2.91
2018-03-20,Central,Office Supplies,Paper,Consumer,330.76800000000003
2018-03-20,East,Office Supplies,Paper,Consumer,61.96
2018-03-20,East,Technology,Accessories,Consumer,238.0
2018-03-20,West,Technology,Accessories,Corporate,265.93
2018-03-21,Central,Furniture,Chairs,Consumer,1805.88
2018-03-21,Central,Office Supplies,Paper,Consumer,283.17999999999995
2018-03-21,East,Office Supplies,Envelopes,Consumer,8.856
2018-03-21,South,Office Supplies,Appliances,Corporate,64.384
2018-03-21,West,Furniture,Furnishings,Home Office,22.14
2018-03-21,West,Office Supplies,Binders,Consumer,19.44
2018-03-21,West,Office Supplies,Binders,Home Office,30.576
2018-03-21,West,Office Supplies,Fasteners,Home Office,13.02
2018-03-21,West,Office Supplies,Storage,Consumer,725.84
2018-03-21,West,Office Supplies,Storage,Home Office,359.32
2018-03-23,Central,Office Supplies,Storage,Consumer,143.728
2018-03-23,East,Office Supplies,Paper,Consumer,25.68
2018-03-23,East,Office Supplies,Supplies,Corporate,347.58
2018-03-23,West,Furniture,Furnishings,Home Office,211.84
2018-03-23,West,Office Supplies,Binders,Home Office,34.76
2018-03-23,West,Office Supplies,Paper,Consumer,20.04
2018-03-23,West,Office Supplies,Storage,Consumer,32.48
2018-03-23,West,Technology,Copiers,Consumer,13999.96
2018-03-24,Central,Office Supplies,Storage,Corporate,12.768
2018-03-24,East,Furniture,Chairs,Consumer,271.764
2018-03-24,East,Furniture,Chairs,Corporate,207.846
2018-03-24,East,Office Supplies,Envelopes,Corporate,47.01
2018-03-24,East,Office Supplies,Paper,Corporate,221.92
2018-03-24,East,Technology,Accessories,Corporate,26.0
2018-03-24,East,Technology,Phones,Corporate,469.99
2018-03-25,Central,Furniture,Chairs,Corporate,1986.52
2018-03-25,Central,Office Supplies,Paper,Consumer,6.848
2018-03-25,Central,Technology,Phones,Consumer,470.376
2018-03-25,East,Office Supplies,Art,Consumer,11.05
2018-03-25,West,Office Supplies,Appliances,Consumer,176.04
2018-03-25,West,Office Supplies,Art,Consumer,16.02
2018-03-25,West,Office Supplies,Art,Corporate,23.1
2018-03-25,West,Office Supplies,Binders,Consumer,185.92
2018-03-25,West,Technology,Copiers,Consumer,479.984
2018-03-25,West,Technology,Phones,Consumer,211.168
2018-03-26,Central,Furniture,Furnishings,Corporate,60.84
2018-03-26,Central,Office Supplies,Appliances,Corporate,87.168
2018-03-26,Central,Office Supplies,Paper,Corporate,74.352
2018-03-26,Central,Office Supplies,Storage,Corporate,32.232
2018-03-26,Central,Technology,Accessories,Corporate,143.96
2018-03-26,Central,Technology,Copiers,Corporate,2399.96
2018-03-26,East,Furniture,Bookcases,Consumer,257.568
2018-03-26,East,Technology,Phones,Consumer,119.96
2018-03-26,South,Office Supplies,Fasteners,Home Office,3.76
2018-03-26,South,Technology,Accessories,Home Office,53.25
2018-03-26,West,Office Supplies,Art,Home Office,19.83
2018-03-27,Central,Furniture,Bookcases,Consumer,1023.332
2018-03-27,Central,Furniture,Chairs,Consumer,811.804
2018-03-27,Central,Technology,Accessories,Consumer,39.992
2018-03-27,East,Furniture,Furnishings,Consumer,15.008
2018-03-27,South,Furniture,Tables,Consumer,292.1
2018-03-27,South,Office Supplies,Binders,Consumer,17.76
2018-03-27,South,Office Supplies,Labels,Consumer,8.26
2018-03-27,South,Office Supplies,Paper,Consumer,17.64
2018-03-27,South,Office Supplies,Storage,Consumer,332.94
2018-03-27,South,Technology,Phones,Consumer,206.1
2018-03-27,West,Office Supplies,Paper,Home Office,168.58
2018-03-28,South,Office Supplies,Binders,Corporate,68.742
2018-03-28,West,Furniture,Furnishings,Corporate,48.04
2018-03-28,West,Office Supplies,Paper,Corporate,59.72
2018-03-28,West,Office Supplies,Storage,Corporate,795.48
2018-03-28,West,Technology,Machines,Corporate,532.72
2018-03-29,Central,Office Supplies,Storage,Consumer,81.4
2018-03-30,Central,Office Supplies,Envelopes,Consumer,325.86
2018-03-30,East,Office Supplies,Binders,Consumer,5.715
2018-03-30,South,Office Supplies,Storage,Home Office,59.76
2018-03-30,West,Furniture,Furnishings,Consumer,94.2
2018-03-30,West,Office Supplies,Art,Consumer,6.08
2018-03-30,West,Technology,Phones,Consumer,164.792
2018-03-31,Central,Furniture,Bookcases,Corporate,205.3328
2018-03-31,Central,Office Supplies,Appliances,Corporate,33.62
2018-03-31,Central,Office Supplies,Binders,Consumer,13.468
2018-03-31,East,Furniture,Furnishings,Consumer,29.78
2018-03-31,East,Office Supplies,Paper,Consumer,75.04
2018-03-31,East,Technology,Phones,Consumer,762.5300000000001
2018-03-31,South,Furniture,Furnishings,Home Office,61.0
2018-03-31,South,Office Supplies,Binders,Corporate,98.66
2018-03-31,South,Technology,Copiers,Corporate,2999.95
2018-03-31,South,Technology,Phones,Home Office,671.93
2018-03-31,West,Office Supplies,Supplies,Corporate,29.7
2018-04-01,Central,Office Supplies,Envelopes,Consumer,28.4
2018-04-01,Central,Office Supplies,Storage,Consumer,94.2
2018-04-01,East,Office Supplies,Paper,Consumer,42.93
2018-04-01,South,Furniture,Chairs,Corporate,218.352
2018-04-01,South,Furniture,Furnishings,Corporate,127.95
2018-04-01,South,Office Supplies,Appliances,Corporate,20.808
2018-04-01,South,Office Supplies,Labels,Corporate,6.264
2018-04-01,South,Technology,Phones,Corporate,23.976
2018-04-01,West,Furniture,Bookcases,Corporate,482.664
2018-04-01,West,Office Supplies,Binders,Consumer,121.68
2018-04-01,West,Office Supplies,Labels,Consumer,5.78
2018-04-01,West,Technology,Machines,Corporate,4799.984
2018-04-02,East,Office Supplies,Art,Home Office,11.12
2018-04-02,South,Furniture,Tables,Home Office,411.8
2018-04-02,South,Office Supplies,Labels,Consumer,14.94
2018-04-02,South,Technology,Accessories,Home Office,360.0
2018-04-02,West,Furniture,Furnishings,Consumer,25.11
2018-04-03,Central,Office Supplies,Art,Consumer,7.056
2018-04-03,East,Furniture,Furnishings,Consumer,25.472
2018-04-04,Central,Technology,Phones,Consumer,383.84
2018-04-04,East,Office Supplies,Art,Home Office,7.04
2018-04-04,East,Office Supplies,Envelopes,Home Office,16.98
2018-04-04,East,Office Supplies,Supplies,Home Office,240.37
2018-04-04,East,Technology,Phones,Home Office,160.24
2018-04-06,Central,Office Supplies,Paper,Home Office,106.32
2018-04-06,South,Office Supplies,Binders,Corporate,8.1
2018-04-07,South,Furniture,Furnishings,Home Office,258.072
2018-04-07,South,Furniture,Tables,Home Office,854.4745
2018-04-07,South,Office Supplies,Art,Home Office,16.256
2018-04-07,South,Office Supplies,Binders,Home Office,5.328
2018-04-07,South,Technology,Accessories,Home Office,617.976
2018-04-07,South,Technology,Phones,Home Office,219.184
2018-04-08,Central,Furniture,Furnishings,Corporate,580.8599999999999
2018-04-08,East,Office Supplies,Appliances,Home Office,41.95
2018-04-08,East,Office Supplies,Storage,Home Office,2591.56
2018-04-08,South,Furniture,Furnishings,Corporate,56.28
2018-04-08,South,Office Supplies,Binders,Corporate,2690.97
2018-04-08,West,Office Supplies,Paper,Home Office,440.31
2018-04-09,Central,Office Supplies,Binders,Consumer,478.24
2018-04-09,East,Office Supplies,Art,Home Office,35.97
2018-04-09,East,Office Supplies,Binders,Corporate,37.896
2018-04-09,East,Office Supplies,Labels,Home Office,18.46
2018-04-09,East,Office Supplies,Paper,Corporate,65.584
2018-04-09,East,Office Supplies,Paper,Home Office,204.56
2018-04-09,East,Office Supplies,Storage,Home Office,501.81
2018-04-09,South,Office Supplies,Binders,Consumer,17.43
2018-04-09,South,Office Supplies,Labels,Consumer,15.12
2018-04-09,South,Office Supplies,Paper,Consumer,251.64
2018-04-10,Central,Office Supplies,Paper,Consumer,10.368
2018-04-10,Central,Technology,Accessories,Consumer,95.736
2018-04-10,East,Furniture,Furnishings,Consumer,36.672
2018-04-10,East,Office Supplies,Appliances,Consumer,195.104
2018-04-10,East,Office Supplies,Fasteners,Home Office,7.16
2018-04-10,East,Office Supplies,Paper,Home Office,7.61
2018-04-10,East,Office Supplies,Storage,Home Office,286.15
2018-04-10,East,Technology,Accessories,Home Office,99.99
2018-04-10,South,Furniture,Furnishings,Corporate,12.32
2018-04-10,South,Office Supplies,Binders,Corporate,4.419
2018-04-11,Central,Office Supplies,Binders,Home Office,11.364
2018-04-11,East,Office Supplies,Storage,Consumer,16.768
2018-04-11,East,Technology,Accessories,Consumer,27.12
2018-04-11,South,Office Supplies,Art,Consumer,22.744
2018-04-11,West,Office Supplies,Art,Consumer,41.86
2018-04-11,West,Technology,Accessories,Consumer,199.95
2018-04-12,East,Office Supplies,Binders,Consumer,29.7
2018-04-12,East,Office Supplies,Paper,Consumer,39.96
2018-04-13,East,Office Supplies,Fasteners,Corporate,7.92
2018-04-13,West,Furniture,Chairs,Corporate,436.704
2018-04-13,West,Office Supplies,Binders,Corporate,895.92
2018-04-13,West,Office Supplies,Paper,Corporate,5.28
2018-04-14,Central,Office Supplies,Binders,Home Office,8.76
2018-04-14,East,Furniture,Bookcases,Consumer,242.352
2018-04-14,East,Furniture,Furnishings,Corporate,74.45
2018-04-14,East,Office Supplies,Art,Consumer,104.448
2018-04-14,East,Office Supplies,Binders,Consumer,10.776
2018-04-14,East,Office Supplies,Paper,Consumer,13.872
2018-04-14,South,Furniture,Bookcases,Corporate,198.272
2018-04-15,Central,Office Supplies,Paper,Home Office,20.736
2018-04-15,South,Office Supplies,Art,Consumer,4.89
2018-04-15,South,Office Supplies,Binders,Corporate,15.57
2018-04-15,South,Office Supplies,Paper,Consumer,15.552
2018-04-15,West,Furniture,Furnishings,Corporate,196.45
2018-04-15,West,Office Supplies,Paper,Corporate,79.14
2018-04-16,Central,Office Supplies,Art,Home Office,16.52
2018-04-16,Central,Office Supplies,Binders,Consumer,28.942
2018-04-16,Central,Office Supplies,Storage,Consumer,32.544
2018-04-16,East,Office Supplies,Binders,Consumer,13.71
2018-04-16,South,Office Supplies,Supplies,Corporate,477.24
2018-04-16,South,Technology,Accessories,Corporate,25.98
2018-04-16,West,Furniture,Bookcases,Consumer,102.833
2018-04-16,West,Office Supplies,Appliances,Home Office,40.74
2018-04-16,West,Office Supplies,Storage,Consumer,205.92
2018-04-17,Central,Office Supplies,Storage,Corporate,195.136
2018-04-17,East,Furniture,Furnishings,Consumer,60.312
2018-04-17,West,Furniture,Chairs,Consumer,218.352
2018-04-17,West,Office Supplies,Binders,Home Office,42.588
2018-04-17,West,Office Supplies,Fasteners,Consumer,10.9
2018-04-17,West,Office Supplies,Labels,Consumer,30.419999999999998
2018-04-17,West,Office Supplies,Paper,Consumer,28.14
2018-04-17,West,Office Supplies,Paper,Home Office,20.736
2018-04-17,West,Technology,Accessories,Consumer,274.89
2018-04-17,West,Technology,Machines,Home Office,2549.985
2018-04-20,Central,Furniture,Chairs,Consumer,317.058
2018-04-20,Central,Furniture,Furnishings,Consumer,14.56
2018-04-20,Central,Furniture,Furnishings,Home Office,44.4
2018-04-20,Central,Office Supplies,Art,Consumer,15.76
2018-04-20,Central,Office Supplies,Binders,Consumer,183.42000000000002
2018-04-20,East,Furniture,Furnishings,Corporate,94.376
2018-04-20,East,Office Supplies,Storage,Corporate,384.04
2018-04-21,Central,Office Supplies,Appliances,Consumer,97.264
2018-04-21,Central,Office Supplies,Binders,Consumer,5.628
2018-04-21,Central,Office Supplies,Paper,Corporate,20.736
2018-04-21,Central,Technology,Accessories,Corporate,47.976
2018-04-21,East,Furniture,Chairs,Consumer,908.82
2018-04-21,West,Furniture,Furnishings,Consumer,162.6
2018-04-21,West,Technology,Accessories,Consumer,11.54
2018-04-22,East,Furniture,Furnishings,Home Office,254.352
2018-04-22,South,Office Supplies,Storage,Consumer,675.06
2018-04-22,West,Furniture,Furnishings,Consumer,18.28
2018-04-23,Central,Technology,Accessories,Consumer,155.34
2018-04-23,East,Office Supplies,Appliances,Consumer,121.94
2018-04-23,East,Office Supplies,Binders,Corporate,11.76
2018-04-23,East,Office Supplies,Paper,Corporate,5.344
2018-04-23,East,Office Supplies,Supplies,Consumer,177.60999999999999
2018-04-23,South,Furniture,Bookcases,Home Office,387.136
2018-04-23,South,Furniture,Furnishings,Home Office,77.952
2018-04-23,South,Office Supplies,Labels,Home Office,3.0
2018-04-23,South,Technology,Accessories,Home Office,45.408
2018-04-23,West,Furniture,Furnishings,Consumer,102.164
2018-04-23,West,Office Supplies,Binders,Consumer,92.88
2018-04-23,West,Office Supplies,Envelopes,Consumer,18.688
2018-04-24,Central,Office Supplies,Binders,Consumer,10.43
2018-04-24,Central,Office Supplies,Storage,Consumer,72.784
2018-04-24,East,Office Supplies,Appliances,Corporate,99.28
2018-04-24,East,Office Supplies,Binders,Corporate,8.706
2018-04-24,East,Technology,Accessories,Corporate,69.98
2018-04-24,South,Office Supplies,Storage,Corporate,113.568
2018-04-24,West,Office Supplies,Fasteners,Home Office,1.81
2018-04-24,West,Technology,Phones,Consumer,552.0
2018-04-25,South,Office Supplies,Art,Home Office,109.968
2018-04-25,West,Furniture,Bookcases,Consumer,344.981
2018-04-25,West,Office Supplies,Art,Consumer,8.896
2018-04-25,West,Office Supplies,Binders,Consumer,87.24799999999999
2018-04-25,West,Office Supplies,Paper,Consumer,19.05
2018-04-25,West,Technology,Accessories,Consumer,107.97
2018-04-26,Central,Furniture,Furnishings,Consumer,1.988
2018-04-26,West,Office Supplies,Labels,Home Office,39.28
2018-04-26,West,Office Supplies,Paper,Home Office,20.34
2018-04-27,Central,Furniture,Bookcases,Corporate,220.2656
2018-04-27,Central,Office Supplies,Labels,Corporate,33.12
2018-04-27,West,Furniture,Furnishings,Consumer,139.58
2018-04-27,West,Office Supplies,Art,Consumer,183.61
2018-04-28,East,Office Supplies,Art,Corporate,6.848
2018-04-28,East,Office Supplies,Storage,Corporate,8.384
2018-04-28,South,Office Supplies,Appliances,Consumer,28.08
2018-04-28,South,Technology,Phones,Consumer,751.984
2018-04-29,East,Furniture,Tables,Corporate,1048.35
2018-04-29,East,Office Supplies,Labels,Consumer,4.91
2018-04-30,Central,Office Supplies,Binders,Home Office,43.372
2018-04-30,East,Office Supplies,Binders,Corporate,13.896
2018-04-30,East,Office Supplies,Envelopes,Corporate,62.96
2018-04-30,East,Office Supplies,Labels,Consumer,5.76
2018-04-30,East,Office Supplies,Paper,Consumer,10.368
2018-04-30,East,Technology,Phones,Corporate,677.58
2018-04-30,South,Furniture,Furnishings,Corporate,23.68
2018-04-30,South,Furniture,Furnishings,Home Office,220.704
2018-04-30,South,Office Supplies,Art,Home Office,15.528
2018-04-30,South,Office Supplies,Binders,Home Office,4.842
2018-04-30,South,Office Supplies,Labels,Home Office,16.56
2018-04-30,South,Technology,Accessories,Corporate,2.376
2018-04-30,West,Furniture,Furnishings,Corporate,64.96
2018-04-30,West,Office Supplies,Art,Corporate,9.78
2018-04-30,West,Office Supplies,Binders,Home Office,23.24
2018-04-30,West,Office Supplies,Envelopes,Corporate,30.56
2018-04-30,West,Office Supplies,Paper,Home Office,163.96
2018-05-01,South,Furniture,Bookcases,Consumer,314.352
2018-05-01,South,Furniture,Chairs,Consumer,2803.92
2018-05-01,South,Furniture,Tables,Consumer,933.262
2018-05-01,South,Office Supplies,Labels,Consumer,4.608
2018-05-01,South,Office Supplies,Supplies,Consumer,3.328
2018-05-01,South,Technology,Accessories,Home Office,48.9
2018-05-02,East,Furniture,Furnishings,Corporate,129.93
2018-05-02,West,Office Supplies,Art,Consumer,59.52
2018-05-02,West,Office Supplies,Paper,Consumer,50.099999999999994
2018-05-02,West,Technology,Accessories,Corporate,159.56
2018-05-03,East,Furniture,Furnishings,Corporate,32.448
2018-05-03,East,Furniture,Tables,Corporate,373.47
2018-05-03,East,Office Supplies,Binders,Corporate,90.58800000000001
2018-05-03,East,Office Supplies,Fasteners,Corporate,8.0
2018-05-03,West,Office Supplies,Art,Consumer,22.96
2018-05-03,West,Office Supplies,Paper,Consumer,25.92
2018-05-03,West,Office Supplies,Storage,Corporate,832.96
2018-05-04,East,Office Supplies,Binders,Consumer,2.313
2018-05-04,East,Office Supplies,Binders,Corporate,11.598
2018-05-04,South,Office Supplies,Paper,Consumer,41.51
2018-05-04,South,Office Supplies,Storage,Consumer,588.35
2018-05-04,West,Furniture,Tables,Corporate,300.904
2018-05-04,West,Office Supplies,Paper,Corporate,17.61
2018-05-04,West,Technology,Phones,Corporate,183.96
2018-05-05,East,Office Supplies,Paper,Consumer,6.68
2018-05-05,South,Office Supplies,Binders,Corporate,34.5
2018-05-05,West,Furniture,Bookcases,Consumer,89.991
2018-05-05,West,Office Supplies,Binders,Consumer,9.552
2018-05-05,West,Office Supplies,Envelopes,Consumer,44.4
2018-05-06,Central,Furniture,Bookcases,Corporate,623.4648
2018-05-06,Central,Office Supplies,Art,Home Office,6.408
2018-05-06,Central,Office Supplies,Binders,Corporate,11.06
2018-05-06,Central,Office Supplies,Storage,Corporate,772.68
2018-05-06,Central,Technology,Accessories,Home Office,408.744
2018-05-06,East,Office Supplies,Labels,Consumer,59.2
2018-05-06,South,Office Supplies,Art,Consumer,54.66
2018-05-06,South,Office Supplies,Binders,Consumer,68.541
2018-05-06,South,Office Supplies,Labels,Consumer,122.12
2018-05-06,South,Technology,Phones,Consumer,627.168
2018-05-06,West,Office Supplies,Appliances,Consumer,152.94
2018-05-06,West,Office Supplies,Paper,Consumer,84.416
2018-05-07,Central,Furniture,Chairs,Corporate,1962.0900000000001
2018-05-07,Central,Office Supplies,Appliances,Corporate,87.444
2018-05-07,West,Technology,Accessories,Home Office,79.99
2018-05-07,West,Technology,Phones,Consumer,419.944
2018-05-08,Central,Office Supplies,Paper,Corporate,41.472
2018-05-08,East,Furniture,Chairs,Consumer,47.992
2018-05-08,East,Furniture,Chairs,Corporate,128.058
2018-05-08,West,Office Supplies,Appliances,Consumer,81.08
2018-05-08,West,Technology,Copiers,Home Office,3359.952
2018-05-09,South,Furniture,Chairs,Corporate,207.0
2018-05-09,South,Office Supplies,Envelopes,Corporate,65.232
2018-05-09,West,Furniture,Tables,Home Office,286.85
2018-05-09,West,Office Supplies,Binders,Home Office,147.92
2018-05-09,West,Office Supplies,Storage,Home Office,171.24
2018-05-09,West,Technology,Accessories,Home Office,199.98
2018-05-11,Central,Furniture,Furnishings,Home Office,7.996
2018-05-11,Central,Office Supplies,Art,Home Office,5.248
2018-05-11,Central,Office Supplies,Paper,Home Office,6.848
2018-05-11,Central,Office Supplies,Storage,Home Office,74.416
2018-05-11,East,Office Supplies,Art,Consumer,43.92
2018-05-11,West,Furniture,Bookcases,Corporate,209.979
2018-05-11,West,Office Supplies,Binders,Consumer,26.032
2018-05-11,West,Office Supplies,Labels,Consumer,37.59
2018-05-11,West,Office Supplies,Paper,Consumer,37.44
2018-05-12,Central,Office Supplies,Binders,Corporate,34.24
2018-05-12,Central,Office Supplies,Storage,Corporate,127.92
2018-05-12,East,Furniture,Furnishings,Consumer,42.85
2018-05-12,East,Office Supplies,Art,Home Office,10.272
2018-05-12,East,Office Supplies,Labels,Consumer,12.064
2018-05-12,East,Office Supplies,Paper,Consumer,87.6
2018-05-12,East,Office Supplies,Supplies,Consumer,17.0
2018-05-12,East,Technology,Accessories,Consumer,87.4
2018-05-12,West,Furniture,Tables,Corporate,285.48
2018-05-12,West,Office Supplies,Appliances,Corporate,7.77
2018-05-12,West,Office Supplies,Binders,Corporate,19.168
2018-05-12,West,Office Supplies,Supplies,Corporate,238.62
2018-05-13,Central,Office Supplies,Binders,Corporate,914.97
2018-05-13,Central,Office Supplies,Envelopes,Corporate,180.96
2018-05-13,Central,Office Supplies,Paper,Corporate,14.94
2018-05-13,Central,Office Supplies,Storage,Corporate,530.34
2018-05-13,Central,Technology,Phones,Corporate,587.97
2018-05-13,East,Furniture,Chairs,Home Office,458.43
2018-05-13,East,Office Supplies,Binders,Home Office,299.52
2018-05-13,South,Office Supplies,Appliances,Corporate,20.768
2018-05-13,West,Office Supplies,Labels,Home Office,58.48
2018-05-14,Central,Furniture,Chairs,Consumer,899.43
2018-05-14,Central,Office Supplies,Art,Consumer,46.2
2018-05-14,Central,Office Supplies,Paper,Consumer,124.816
2018-05-14,Central,Technology,Phones,Consumer,7.992
2018-05-14,East,Furniture,Chairs,Corporate,261.96
2018-05-14,East,Office Supplies,Art,Corporate,55.660000000000004
2018-05-14,East,Office Supplies,Binders,Consumer,58.17
2018-05-14,East,Office Supplies,Labels,Consumer,5.04
2018-05-14,East,Office Supplies,Labels,Corporate,74.0
2018-05-14,East,Office Supplies,Paper,Consumer,24.784
2018-05-14,East,Office Supplies,Storage,Consumer,22.58
2018-05-14,East,Technology,Accessories,Corporate,89.97
2018-05-14,East,Technology,Phones,Consumer,539.97
2018-05-14,South,Office Supplies,Envelopes,Consumer,48.69
2018-05-14,West,Furniture,Furnishings,Consumer,18.28
2018-05-14,West,Office Supplies,Paper,Corporate,440.19
2018-05-14,West,Office Supplies,Supplies,Corporate,64.4
2018-05-14,West,Technology,Accessories,Consumer,1399.93
2018-05-15,Central,Office Supplies,Paper,Consumer,56.704
2018-05-15,Central,Technology,Phones,Consumer,11.12
2018-05-15,West,Furniture,Chairs,Consumer,263.584
2018-05-15,West,Furniture,Furnishings,Consumer,39.96
2018-05-15,West,Office Supplies,Binders,Consumer,4.752
2018-05-15,West,Office Supplies,Paper,Consumer,15.552
2018-05-15,West,Technology,Phones,Consumer,29.592
2018-05-16,East,Office Supplies,Storage,Consumer,221.024
2018-05-18,Central,Furniture,Furnishings,Corporate,24.5
2018-05-18,Central,Office Supplies,Appliances,Home Office,706.86
2018-05-18,Central,Office Supplies,Binders,Corporate,8.87
2018-05-18,Central,Office Supplies,Binders,Home Office,43.19
2018-05-18,Central,Office Supplies,Storage,Corporate,8.928
2018-05-18,Central,Technology,Phones,Home Office,114.95
2018-05-18,East,Furniture,Furnishings,Consumer,14.56
2018-05-18,East,Office Supplies,Binders,Consumer,3.048
2018-05-18,East,Technology,Accessories,Consumer,36.048
2018-05-18,South,Furniture,Bookcases,Corporate,302.94
2018-05-18,South,Office Supplies,Appliances,Corporate,17.24
2018-05-18,South,Office Supplies,Binders,Corporate,113.94
2018-05-18,South,Technology,Phones,Corporate,90.72999999999999
2018-05-18,West,Technology,Phones,Consumer,344.704
2018-05-19,Central,Office Supplies,Labels,Consumer,13.216
2018-05-19,Central,Office Supplies,Paper,Corporate,38.016
2018-05-19,Central,Technology,Phones,Consumer,95.992
2018-05-19,East,Office Supplies,Appliances,Corporate,281.34
2018-05-19,East,Technology,Accessories,Corporate,299.97
2018-05-19,East,Technology,Phones,Corporate,307.98
2018-05-19,South,Furniture,Bookcases,Consumer,1628.82
2018-05-19,South,Furniture,Chairs,Corporate,314.352
2018-05-19,South,Office Supplies,Binders,Corporate,26.16
2018-05-19,South,Office Supplies,Paper,Consumer,482.57
2018-05-19,South,Office Supplies,Paper,Corporate,27.888
2018-05-19,South,Technology,Accessories,Consumer,67.8
2018-05-19,South,Technology,Phones,Consumer,377.97
2018-05-19,West,Furniture,Chairs,Home Office,681.408
2018-05-19,West,Office Supplies,Appliances,Consumer,97.16
2018-05-19,West,Office Supplies,Art,Home Office,9.1
2018-05-19,West,Office Supplies,Binders,Consumer,133.12
2018-05-19,West,Technology,Accessories,Home Office,36.32
2018-05-20,Central,Office Supplies,Art,Consumer,179.36
2018-05-20,Central,Office Supplies,Binders,Corporate,41.28
2018-05-20,Central,Office Supplies,Fasteners,Consumer,7.41
2018-05-20,Central,Office Supplies,Storage,Consumer,704.76
2018-05-20,West,Furniture,Chairs,Home Office,518.272
2018-05-20,West,Furniture,Furnishings,Home Office,6.98
2018-05-20,West,Office Supplies,Appliances,Consumer,64.9
2018-05-20,West,Office Supplies,Binders,Consumer,8.288
2018-05-20,West,Technology,Machines,Home Office,343.2
2018-05-20,West,Technology,Phones,Consumer,1123.128
2018-05-21,East,Furniture,Furnishings,Corporate,520.05
2018-05-21,East,Office Supplies,Art,Corporate,17.97
2018-05-22,Central,Furniture,Chairs,Consumer,181.986
2018-05-22,Central,Office Supplies,Binders,Consumer,1.592
2018-05-22,Central,Office Supplies,Supplies,Consumer,22.344
2018-05-22,West,Office Supplies,Art,Consumer,49.56
2018-05-22,West,Office Supplies,Art,Home Office,12.62
2018-05-22,West,Technology,Accessories,Consumer,68.46
2018-05-23,Central,Office Supplies,Appliances,Consumer,18.32
2018-05-23,Central,Office Supplies,Binders,Consumer,1.188
2018-05-23,Central,Office Supplies,Fasteners,Consumer,1.824
2018-05-23,Central,Office Supplies,Storage,Consumer,48.816
2018-05-23,West,Furniture,Tables,Consumer,171.288
2018-05-25,Central,Office Supplies,Storage,Consumer,50.136
2018-05-25,East,Furniture,Furnishings,Consumer,18.84
2018-05-25,East,Office Supplies,Binders,Consumer,663.92
2018-05-25,East,Office Supplies,Fasteners,Consumer,3.29
2018-05-25,East,Technology,Accessories,Consumer,120.0
2018-05-25,South,Office Supplies,Binders,Home Office,29.84
2018-05-26,South,Office Supplies,Appliances,Corporate,208.44
2018-05-26,South,Office Supplies,Supplies,Corporate,25.76
2018-05-26,South,Technology,Accessories,Consumer,23.08
2018-05-26,West,Office Supplies,Paper,Consumer,12.96
2018-05-27,Central,Furniture,Furnishings,Consumer,477.3
2018-05-27,South,Office Supplies,Binders,Corporate,12.06
2018-05-27,South,Office Supplies,Binders,Home Office,58.34
2018-05-27,South,Office Supplies,Paper,Consumer,25.92
2018-05-27,South,Technology,Accessories,Corporate,27.192
2018-05-27,South,Technology,Phones,Home Office,539.97
2018-05-27,West,Furniture,Furnishings,Consumer,35.0
2018-05-27,West,Office Supplies,Art,Corporate,31.44
2018-05-27,West,Office Supplies,Storage,Consumer,477.15
2018-05-27,West,Technology,Accessories,Corporate,98.16
2018-05-27,West,Technology,Phones,Consumer,302.376
2018-05-28,Central,Furniture,Chairs,Corporate,106.869
2018-05-28,Central,Office Supplies,Binders,Corporate,3.564
2018-05-28,Central,Technology,Phones,Consumer,54.368
2018-05-28,East,Furniture,Bookcases,Corporate,115.96
2018-05-28,East,Furniture,Furnishings,Corporate,274.9
2018-05-28,East,Office Supplies,Appliances,Corporate,125.13
2018-05-28,East,Office Supplies,Paper,Corporate,13.872
2018-05-28,South,Furniture,Chairs,Consumer,301.96
2018-05-28,West,Office Supplies,Paper,Corporate,15.552
2018-05-28,West,Technology,Accessories,Corporate,271.968
2018-05-28,West,Technology,Phones,Corporate,195.96
2018-05-29,Central,Furniture,Furnishings,Consumer,71.664
2018-05-29,Central,Office Supplies,Appliances,Consumer,465.16
2018-05-29,Central,Office Supplies,Binders,Consumer,43.41
2018-05-29,Central,Office Supplies,Fasteners,Home Office,23.55
2018-05-29,Central,Office Supplies,Paper,Consumer,33.900000000000006
2018-05-29,Central,Office Supplies,Storage,Consumer,53.424
2018-05-30,Central,Furniture,Bookcases,Consumer,204.6664
2018-05-30,South,Furniture,Bookcases,Consumer,241.96
2018-05-30,South,Furniture,Furnishings,Consumer,8.01
2018-05-30,South,Office Supplies,Binders,Consumer,3.89
2018-05-30,West,Furniture,Furnishings,Home Office,13.592
2018-05-30,West,Office Supplies,Art,Consumer,35.1
2018-05-30,West,Office Supplies,Paper,Corporate,37.52
2018-05-30,West,Technology,Accessories,Home Office,35.36
2018-05-30,West,Technology,Phones,Home Office,156.792
2018-06-01,Central,Office Supplies,Binders,Corporate,53.9
2018-06-01,East,Office Supplies,Appliances,Corporate,17.48
2018-06-01,East,Office Supplies,Binders,Consumer,3.798
2018-06-01,East,Office Supplies,Paper,Consumer,27.744
2018-06-01,East,Office Supplies,Storage,Consumer,324.744
2018-06-01,East,Technology,Phones,Consumer,158.376
2018-06-02,Central,Office Supplies,Paper,Consumer,10.688
2018-06-02,East,Office Supplies,Storage,Home Office,27.44
2018-06-02,East,Technology,Phones,Home Office,2.97
2018-06-02,South,Office Supplies,Paper,Consumer,25.344
2018-06-02,West,Office Supplies,Envelopes,Consumer,43.92
2018-06-02,West,Office Supplies,Paper,Consumer,25.344
2018-06-03,East,Furniture,Tables,Corporate,384.768
2018-06-03,East,Office Supplies,Paper,Corporate,45.36
2018-06-03,East,Technology,Machines,Corporate,78.66
2018-06-03,South,Furniture,Bookcases,Consumer,241.568
2018-06-03,South,Furniture,Furnishings,Corporate,35.168
2018-06-03,South,Office Supplies,Appliances,Consumer,29.672
2018-06-03,South,Office Supplies,Binders,Consumer,4.554
2018-06-03,South,Office Supplies,Paper,Consumer,15.552
2018-06-03,South,Technology,Accessories,Consumer,316.392
2018-06-03,South,Technology,Phones,Consumer,503.96
2018-06-03,West,Office Supplies,Binders,Corporate,3.912
2018-06-03,West,Office Supplies,Paper,Corporate,11.96
2018-06-03,West,Office Supplies,Storage,Home Office,136.26
2018-06-03,West,Technology,Accessories,Corporate,1144.25
2018-06-04,Central,Furniture,Furnishings,Consumer,30.336
2018-06-04,Central,Office Supplies,Art,Consumer,8.64
2018-06-04,Central,Office Supplies,Binders,Corporate,6.37
2018-06-04,South,Furniture,Furnishings,Corporate,31.984
2018-06-04,South,Office Supplies,Binders,Home Office,117.62
2018-06-04,South,Office Supplies,Paper,Consumer,12.48
2018-06-04,South,Technology,Phones,Corporate,71.984
2018-06-05,Central,Technology,Phones,Consumer,470.376
2018-06-05,South,Office Supplies,Paper,Corporate,20.736
2018-06-06,West,Furniture,Furnishings,Home Office,4.95
2018-06-06,West,Office Supplies,Storage,Home Office,26.4
2018-06-08,Central,Office Supplies,Appliances,Corporate,1.624
2018-06-08,Central,Office Supplies,Binders,Consumer,12.176
2018-06-08,Central,Office Supplies,Paper,Corporate,85.056
2018-06-08,Central,Office Supplies,Supplies,Corporate,23.76
2018-06-08,Central,Technology,Phones,Corporate,381.576
2018-06-08,East,Office Supplies,Binders,Consumer,10.36
2018-06-08,West,Furniture,Bookcases,Home Office,1497.666
2018-06-08,West,Office Supplies,Binders,Consumer,72.588
2018-06-08,West,Office Supplies,Storage,Consumer,35.168
2018-06-08,West,Technology,Accessories,Consumer,89.544
2018-06-08,West,Technology,Phones,Home Office,17.52
2018-06-09,Central,Furniture,Furnishings,Home Office,23.976
2018-06-09,Central,Furniture,Tables,Home Office,108.925
2018-06-09,Central,Office Supplies,Paper,Home Office,36.352
2018-06-09,Central,Office Supplies,Storage,Corporate,720.76
2018-06-09,South,Office Supplies,Paper,Consumer,49.12
2018-06-10,Central,Technology,Accessories,Consumer,132.52
2018-06-10,East,Office Supplies,Art,Corporate,8.4
2018-06-10,East,Office Supplies,Fasteners,Corporate,14.13
2018-06-10,East,Office Supplies,Paper,Consumer,40.032
2018-06-10,South,Office Supplies,Storage,Corporate,1347.52
2018-06-10,West,Furniture,Bookcases,Home Office,514.165
2018-06-10,West,Office Supplies,Art,Consumer,16.4
2018-06-10,West,Office Supplies,Art,Corporate,14.7
2018-06-10,West,Office Supplies,Labels,Consumer,11.56
2018-06-10,West,Office Supplies,Labels,Home Office,29.6
2018-06-10,West,Office Supplies,Storage,Consumer,15.58
2018-06-10,West,Technology,Phones,Consumer,88.776
2018-06-10,West,Technology,Phones,Home Office,279.96
2018-06-11,South,Office Supplies,Art,Home Office,3.76
2018-06-11,South,Office Supplies,Binders,Consumer,4.572
2018-06-11,West,Furniture,Bookcases,Consumer,174.42
2018-06-11,West,Furniture,Chairs,Home Office,280.792
2018-06-11,West,Office Supplies,Appliances,Consumer,61.44
2018-06-11,West,Office Supplies,Art,Home Office,103.912
2018-06-11,West,Office Supplies,Binders,Consumer,18.288
2018-06-11,West,Office Supplies,Paper,Consumer,160.91
2018-06-11,West,Office Supplies,Storage,Consumer,102.96
2018-06-11,West,Office Supplies,Storage,Home Office,284.04
2018-06-11,West,Technology,Machines,Consumer,385.8
2018-06-12,Central,Furniture,Furnishings,Consumer,8.856
2018-06-12,East,Furniture,Chairs,Consumer,858.24
2018-06-12,East,Office Supplies,Art,Consumer,64.14
2018-06-12,East,Office Supplies,Binders,Consumer,13.128
2018-06-12,East,Office Supplies,Paper,Consumer,19.04
2018-06-12,East,Technology,Accessories,Consumer,63.92
2018-06-12,South,Furniture,Furnishings,Consumer,17.088
2018-06-12,South,Furniture,Tables,Home Office,452.94
2018-06-12,South,Office Supplies,Binders,Home Office,91.2
2018-06-12,West,Office Supplies,Paper,Consumer,19.44
2018-06-12,West,Technology,Phones,Consumer,71.976
2018-06-13,Central,Furniture,Chairs,Home Office,470.302
2018-06-13,Central,Office Supplies,Storage,Home Office,164.736
2018-06-13,Central,Technology,Phones,Home Office,47.984
2018-06-13,South,Office Supplies,Art,Consumer,181.86
2018-06-13,West,Furniture,Chairs,Home Office,291.136
2018-06-15,Central,Office Supplies,Art,Consumer,19.56
2018-06-15,Central,Office Supplies,Labels,Home Office,44.4
2018-06-15,Central,Office Supplies,Paper,Home Office,17.94
2018-06-15,Central,Office Supplies,Storage,Home Office,84.55
2018-06-15,South,Furniture,Bookcases,Consumer,77.728
2018-06-15,South,Furniture,Chairs,Consumer,698.352
2018-06-15,South,Furniture,Furnishings,Corporate,31.168
2018-06-15,South,Furniture,Tables,Corporate,120.96
2018-06-15,South,Office Supplies,Appliances,Corporate,76.608
2018-06-15,South,Office Supplies,Paper,Corporate,91.36
2018-06-15,South,Office Supplies,Storage,Corporate,142.776
2018-06-15,South,Technology,Phones,Corporate,2479.9120000000003
2018-06-15,West,Office Supplies,Art,Consumer,4.26
2018-06-15,West,Technology,Phones,Consumer,47.976
2018-06-15,West,Technology,Phones,Corporate,119.96
2018-06-16,Central,Office Supplies,Binders,Corporate,5.936
2018-06-16,East,Office Supplies,Art,Consumer,23.92
2018-06-16,East,Technology,Accessories,Consumer,479.952
2018-06-16,South,Furniture,Chairs,Consumer,301.96
2018-06-16,South,Office Supplies,Appliances,Consumer,180.66
2018-06-16,South,Office Supplies,Art,Corporate,14.016
2018-06-16,South,Technology,Phones,Consumer,257.96999999999997
2018-06-16,West,Furniture,Chairs,Consumer,1212.96
2018-06-16,West,Office Supplies,Paper,Consumer,18.54
2018-06-16,West,Office Supplies,Paper,Home Office,211.6
2018-06-16,West,Office Supplies,Supplies,Home Office,16.68
2018-06-17,Central,Office Supplies,Binders,Corporate,11.664
2018-06-17,Central,Office Supplies,Paper,Corporate,12.224
2018-06-17,East,Technology,Accessories,Home Office,101.34
2018-06-17,East,Technology,Machines,Home Office,3404.5
2018-06-17,West,Furniture,Furnishings,Consumer,155.25
2018-06-17,West,Office Supplies,Binders,Consumer,51.312
2018-06-17,West,Office Supplies,Storage,Consumer,160.382
2018-06-18,Central,Office Supplies,Paper,Home Office,74.352
2018-06-18,West,Furniture,Bookcases,Consumer,917.9235
2018-06-18,West,Office Supplies,Paper,Consumer,38.88
2018-06-19,Central,Furniture,Tables,Home Office,457.485
2018-06-19,Central,Office Supplies,Appliances,Consumer,2.7079999999999997
2018-06-19,Central,Office Supplies,Binders,Home Office,6.888
2018-06-19,Central,Office Supplies,Paper,Consumer,146.176
2018-06-19,Central,Office Supplies,Storage,Consumer,153.584
2018-06-19,Central,Office Supplies,Supplies,Consumer,11.184
2018-06-19,East,Furniture,Chairs,Corporate,760.116
2018-06-19,East,Furniture,Furnishings,Corporate,38.784
2018-06-19,East,Office Supplies,Paper,Corporate,97.82
2018-06-19,East,Technology,Accessories,Corporate,225.448
2018-06-20,East,Office Supplies,Art,Consumer,5.248
2018-06-20,East,Office Supplies,Binders,Consumer,51.312
2018-06-20,East,Office Supplies,Labels,Consumer,9.82
2018-06-20,East,Office Supplies,Paper,Consumer,31.104
2018-06-20,East,Technology,Accessories,Consumer,389.91999999999996
2018-06-20,South,Office Supplies,Paper,Consumer,32.4
2018-06-20,South,Office Supplies,Storage,Consumer,4.464
2018-06-20,South,Technology,Phones,Consumer,503.96
2018-06-21,East,Furniture,Furnishings,Consumer,17.92
2018-06-21,East,Office Supplies,Binders,Consumer,41.256
2018-06-21,East,Office Supplies,Binders,Home Office,88.64
2018-06-21,East,Office Supplies,Paper,Home Office,447.84
2018-06-22,Central,Furniture,Chairs,Home Office,487.96
2018-06-22,Central,Office Supplies,Binders,Consumer,3.036
2018-06-22,East,Office Supplies,Binders,Home Office,41.487
2018-06-22,East,Office Supplies,Storage,Home Office,8.928
2018-06-22,South,Office Supplies,Envelopes,Consumer,37.608
2018-06-24,Central,Office Supplies,Binders,Corporate,182.994
2018-06-24,Central,Office Supplies,Paper,Corporate,10.272
2018-06-24,East,Furniture,Chairs,Consumer,172.764
2018-06-24,East,Furniture,Furnishings,Consumer,276.69
2018-06-24,East,Office Supplies,Paper,Consumer,21.744
2018-06-24,West,Office Supplies,Art,Consumer,95.92
2018-06-24,West,Office Supplies,Art,Corporate,421.42
2018-06-24,West,Office Supplies,Fasteners,Consumer,2.88
2018-06-25,Central,Technology,Phones,Consumer,148.48
2018-06-25,East,Furniture,Bookcases,Consumer,400.784
2018-06-25,West,Furniture,Tables,Consumer,871.4
2018-06-25,West,Office Supplies,Art,Home Office,5.344
2018-06-25,West,Office Supplies,Fasteners,Home Office,11.304
2018-06-25,West,Office Supplies,Labels,Home Office,71.04
2018-06-26,Central,Furniture,Furnishings,Consumer,526.45
2018-06-26,Central,Office Supplies,Art,Home Office,15.92
2018-06-26,Central,Office Supplies,Paper,Home Office,4.54
2018-06-26,Central,Technology,Phones,Home Office,543.92
2018-06-26,East,Office Supplies,Binders,Corporate,102.368
2018-06-26,East,Office Supplies,Paper,Corporate,68.52
2018-06-26,East,Office Supplies,Storage,Consumer,272.94
2018-06-26,East,Office Supplies,Storage,Corporate,713.88
2018-06-26,East,Office Supplies,Supplies,Corporate,28.4
2018-06-26,East,Technology,Phones,Consumer,1144.0860000000002
2018-06-26,South,Furniture,Chairs,Corporate,273.552
2018-06-26,South,Office Supplies,Labels,Corporate,13.872
2018-06-26,West,Office Supplies,Storage,Consumer,83.76
2018-06-26,West,Technology,Accessories,Consumer,431.928
2018-06-27,Central,Office Supplies,Paper,Consumer,20.07
2018-06-27,East,Furniture,Chairs,Home Office,191.646
2018-06-27,West,Furniture,Furnishings,Corporate,126.3
2018-06-27,West,Office Supplies,Paper,Corporate,19.44
2018-06-27,West,Technology,Accessories,Corporate,1287.45
2018-06-29,Central,Furniture,Bookcases,Consumer,409.9992
2018-06-29,Central,Furniture,Tables,Consumer,307.314
2018-06-29,Central,Office Supplies,Appliances,Consumer,384.332
2018-06-29,Central,Office Supplies,Binders,Consumer,11.54
2018-06-29,Central,Office Supplies,Paper,Corporate,5.184
2018-06-29,East,Furniture,Bookcases,Corporate,638.82
2018-06-29,East,Furniture,Furnishings,Corporate,25.16
2018-06-29,East,Office Supplies,Supplies,Corporate,30.69
2018-06-29,West,Office Supplies,Art,Consumer,11.68
2018-06-29,West,Office Supplies,Binders,Consumer,1208.472
2018-06-29,West,Office Supplies,Storage,Consumer,130.71
2018-06-29,West,Office Supplies,Storage,Corporate,1295.78
2018-06-29,West,Technology,Accessories,Consumer,62.31
2018-06-30,Central,Furniture,Chairs,Home Office,569.058
2018-06-30,Central,Furniture,Furnishings,Home Office,14.224
2018-06-30,Central,Technology,Phones,Home Office,1001.584
2018-06-30,East,Furniture,Furnishings,Consumer,22.23
2018-06-30,East,Furniture,Tables,Consumer,1044.63
2018-06-30,East,Office Supplies,Storage,Consumer,248.57
2018-06-30,East,Office Supplies,Storage,Corporate,1085.42
2018-06-30,South,Furniture,Furnishings,Corporate,19.52
2018-06-30,West,Furniture,Bookcases,Consumer,435.999
2018-06-30,West,Office Supplies,Binders,Home Office,75.792
2018-06-30,West,Office Supplies,Paper,Consumer,204.95
2018-07-01,Central,Office Supplies,Binders,Home Office,169.99
2018-07-01,Central,Office Supplies,Paper,Home Office,25.92
2018-07-01,Central,Office Supplies,Storage,Home Office,443.92
2018-07-02,Central,Office Supplies,Binders,Home Office,5.232
2018-07-02,Central,Office Supplies,Paper,Home Office,163.96
2018-07-03,Central,Office Supplies,Paper,Corporate,273.896
2018-07-03,Central,Technology,Machines,Corporate,597.132
2018-07-03,Central,Technology,Phones,Consumer,167.968
2018-07-03,East,Furniture,Furnishings,Consumer,102.3
2018-07-03,East,Furniture,Tables,Home Office,215.148
2018-07-03,East,Office Supplies,Paper,Home Office,88.416
2018-07-03,East,Technology,Accessories,Home Office,258.9
2018-07-03,South,Furniture,Furnishings,Consumer,23.99
2018-07-03,South,Office Supplies,Art,Corporate,9.552
2018-07-03,South,Technology,Accessories,Consumer,24.0
2018-07-03,South,Technology,Phones,Consumer,287.97
2018-07-03,West,Furniture,Furnishings,Consumer,675.24
2018-07-03,West,Office Supplies,Storage,Consumer,87.92
2018-07-03,West,Technology,Accessories,Home Office,1747.78
2018-07-03,West,Technology,Machines,Home Office,2395.2
2018-07-03,West,Technology,Phones,Home Office,7.992
2018-07-05,Central,Furniture,Furnishings,Corporate,332.028
2018-07-05,Central,Office Supplies,Binders,Corporate,17.71
2018-07-05,Central,Office Supplies,Paper,Corporate,46.656
2018-07-05,Central,Technology,Phones,Corporate,79.96
2018-07-06,East,Office Supplies,Binders,Corporate,2.946
2018-07-06,East,Office Supplies,Paper,Corporate,16.056
2018-07-06,South,Furniture,Chairs,Consumer,239.24
2018-07-06,West,Furniture,Chairs,Consumer,122.136
2018-07-07,East,Furniture,Bookcases,Consumer,87.21
2018-07-07,East,Office Supplies,Binders,Consumer,17.472
2018-07-07,East,Office Supplies,Paper,Consumer,15.552
2018-07-07,East,Office Supplies,Storage,Consumer,13.392
2018-07-07,East,Technology,Accessories,Consumer,544.6959999999999
2018-07-07,East,Technology,Accessories,Corporate,252.0
2018-07-07,East,Technology,Phones,Consumer,683.988
2018-07-07,West,Office Supplies,Fasteners,Consumer,5.94
2018-07-08,East,Furniture,Furnishings,Corporate,123.9
2018-07-08,East,Office Supplies,Art,Consumer,20.52
2018-07-08,East,Office Supplies,Art,Corporate,203.85999999999999
2018-07-08,East,Office Supplies,Paper,Consumer,24.56
2018-07-08,East,Technology,Accessories,Corporate,141.9
2018-07-08,West,Furniture,Furnishings,Consumer,198.46
2018-07-08,West,Furniture,Furnishings,Home Office,161.74
2018-07-08,West,Office Supplies,Art,Home Office,31.36
2018-07-08,West,Office Supplies,Binders,Consumer,23.168
2018-07-08,West,Office Supplies,Binders,Home Office,86.376
2018-07-08,West,Office Supplies,Labels,Consumer,861.6600000000001
2018-07-08,West,Office Supplies,Paper,Home Office,52.76
2018-07-08,West,Technology,Accessories,Consumer,50.0
2018-07-09,Central,Furniture,Furnishings,Home Office,526.45
2018-07-09,Central,Office Supplies,Appliances,Corporate,58.464
2018-07-09,Central,Office Supplies,Art,Corporate,8.84
2018-07-09,Central,Office Supplies,Storage,Consumer,228.92
2018-07-09,East,Office Supplies,Art,Consumer,119.04
2018-07-09,East,Office Supplies,Paper,Consumer,274.8
2018-07-09,East,Office Supplies,Storage,Consumer,195.64
2018-07-09,East,Technology,Phones,Consumer,257.98
2018-07-09,West,Office Supplies,Binders,Consumer,1.08
2018-07-10,Central,Office Supplies,Storage,Home Office,298.464
2018-07-10,South,Furniture,Furnishings,Consumer,18.84
2018-07-10,South,Office Supplies,Appliances,Corporate,41.91
2018-07-11,Central,Office Supplies,Art,Consumer,30.32
2018-07-11,East,Technology,Accessories,Consumer,132.6
2018-07-11,West,Office Supplies,Appliances,Corporate,168.1
2018-07-11,West,Office Supplies,Binders,Corporate,29.8
2018-07-11,West,Office Supplies,Labels,Corporate,8.67
2018-07-11,West,Technology,Accessories,Corporate,1287.45
2018-07-11,West,Technology,Phones,Corporate,71.952
2018-07-12,East,Office Supplies,Paper,Consumer,3.816
2018-07-13,Central,Office Supplies,Paper,Corporate,13.56
2018-07-13,Central,Office Supplies,Storage,Corporate,360.38
2018-07-13,East,Furniture,Furnishings,Consumer,91.008
2018-07-13,East,Technology,Phones,Consumer,39.594
2018-07-14,East,Furniture,Furnishings,Consumer,396.92
2018-07-14,East,Office Supplies,Art,Consumer,13.12
2018-07-14,East,Office Supplies,Paper,Consumer,9.248
2018-07-14,East,Office Supplies,Storage,Consumer,301.496
2018-07-14,East,Technology,Phones,Consumer,1889.946
2018-07-14,West,Furniture,Furnishings,Consumer,295.53
2018-07-14,West,Office Supplies,Art,Consumer,71.92
2018-07-14,West,Office Supplies,Binders,Consumer,4.448
2018-07-14,West,Office Supplies,Fasteners,Consumer,4.96
2018-07-14,West,Technology,Accessories,Consumer,140.97
2018-07-14,West,Technology,Phones,Consumer,470.376
2018-07-15,East,Furniture,Chairs,Consumer,664.146
2018-07-15,East,Furniture,Tables,Consumer,310.443
2018-07-15,East,Office Supplies,Art,Consumer,6.56
2018-07-15,East,Office Supplies,Binders,Consumer,26.55
2018-07-15,East,Office Supplies,Labels,Consumer,7.83
2018-07-15,East,Office Supplies,Paper,Consumer,8.96
2018-07-15,East,Technology,Accessories,Consumer,41.9
2018-07-15,South,Furniture,Tables,Corporate,872.94
2018-07-15,South,Office Supplies,Appliances,Corporate,179.94
2018-07-15,South,Office Supplies,Paper,Corporate,12.96
2018-07-16,Central,Office Supplies,Art,Home Office,2.912
2018-07-16,East,Furniture,Chairs,Consumer,71.372
2018-07-17,East,Furniture,Furnishings,Home Office,39.08
2018-07-17,East,Office Supplies,Paper,Home Office,99.9
2018-07-17,East,Technology,Phones,Home Office,269.98
2018-07-17,South,Furniture,Furnishings,Consumer,7.904
2018-07-17,West,Furniture,Bookcases,Corporate,1194.165
2018-07-17,West,Office Supplies,Envelopes,Corporate,57.9
2018-07-17,West,Office Supplies,Paper,Corporate,32.4
2018-07-17,West,Office Supplies,Storage,Corporate,10.56
2018-07-17,West,Technology,Copiers,Home Office,479.984
2018-07-18,East,Furniture,Chairs,Consumer,198.744
2018-07-18,East,Office Supplies,Supplies,Consumer,9.184
2018-07-18,East,Technology,Copiers,Consumer,599.97
2018-07-18,West,Furniture,Chairs,Consumer,473.544
2018-07-18,West,Furniture,Tables,Consumer,801.6
2018-07-18,West,Office Supplies,Binders,Consumer,7.656
2018-07-18,West,Office Supplies,Paper,Consumer,16.096
2018-07-20,Central,Furniture,Chairs,Corporate,182.94
2018-07-20,Central,Furniture,Furnishings,Consumer,8.792
2018-07-20,Central,Office Supplies,Appliances,Corporate,416.32
2018-07-20,Central,Office Supplies,Binders,Corporate,839.8100000000001
2018-07-20,Central,Office Supplies,Labels,Corporate,14.62
2018-07-20,Central,Office Supplies,Storage,Consumer,69.712
2018-07-20,Central,Technology,Accessories,Corporate,389.97
2018-07-20,East,Furniture,Chairs,Corporate,163.764
2018-07-20,East,Furniture,Furnishings,Corporate,183.92
2018-07-20,East,Office Supplies,Paper,Corporate,13.36
2018-07-21,Central,Furniture,Tables,Consumer,124.404
2018-07-21,Central,Office Supplies,Binders,Corporate,97.056
2018-07-21,East,Office Supplies,Appliances,Consumer,17.48
2018-07-21,East,Office Supplies,Binders,Home Office,33.93
2018-07-21,East,Office Supplies,Paper,Home Office,6.48
2018-07-21,East,Office Supplies,Storage,Home Office,222.32
2018-07-21,East,Technology,Phones,Home Office,210.564
2018-07-21,South,Furniture,Bookcases,Consumer,302.94
2018-07-21,South,Furniture,Furnishings,Consumer,8.8
2018-07-21,South,Office Supplies,Art,Consumer,121.62
2018-07-21,South,Office Supplies,Binders,Consumer,14.94
2018-07-21,South,Office Supplies,Supplies,Consumer,231.72
2018-07-21,South,Technology,Phones,Consumer,271.96
2018-07-21,West,Furniture,Chairs,Consumer,225.296
2018-07-21,West,Office Supplies,Art,Consumer,25.99
2018-07-21,West,Office Supplies,Art,Corporate,3.52
2018-07-21,West,Office Supplies,Binders,Consumer,50.352
2018-07-21,West,Office Supplies,Paper,Consumer,16.34
2018-07-21,West,Technology,Phones,Consumer,71.928
2018-07-21,West,Technology,Phones,Corporate,1626.192
2018-07-22,Central,Furniture,Chairs,Consumer,526.344
2018-07-22,East,Technology,Phones,Corporate,29.97
2018-07-23,Central,Office Supplies,Art,Consumer,133.216
2018-07-23,Central,Office Supplies,Paper,Corporate,63.312
2018-07-23,Central,Technology,Accessories,Consumer,159.75
2018-07-23,Central,Technology,Accessories,Home Office,399.95
2018-07-23,East,Office Supplies,Binders,Corporate,13.128
2018-07-23,East,Office Supplies,Binders,Home Office,13.92
2018-07-23,East,Office Supplies,Labels,Corporate,41.4
2018-07-23,West,Office Supplies,Binders,Consumer,15.192
2018-07-23,West,Office Supplies,Paper,Consumer,58.32
2018-07-24,West,Technology,Copiers,Corporate,2399.96
2018-07-25,Central,Furniture,Tables,Home Office,298.116
2018-07-25,Central,Office Supplies,Labels,Consumer,20.23
2018-07-25,East,Furniture,Furnishings,Consumer,20.096
2018-07-25,East,Furniture,Tables,Consumer,138.588
2018-07-25,East,Office Supplies,Labels,Consumer,3.304
2018-07-25,East,Office Supplies,Paper,Consumer,20.736
2018-07-25,East,Office Supplies,Storage,Consumer,259.92
2018-07-25,East,Office Supplies,Supplies,Consumer,37.752
2018-07-26,West,Furniture,Chairs,Corporate,362.352
2018-07-26,West,Technology,Accessories,Corporate,1649.95
2018-07-27,East,Furniture,Furnishings,Consumer,14.89
2018-07-27,East,Technology,Phones,Consumer,543.92
2018-07-27,South,Furniture,Furnishings,Consumer,91.032
2018-07-27,West,Furniture,Furnishings,Consumer,23.88
2018-07-27,West,Office Supplies,Paper,Consumer,39.16
2018-07-27,West,Technology,Accessories,Consumer,234.95
2018-07-28,West,Office Supplies,Binders,Corporate,9.984
2018-07-28,West,Office Supplies,Storage,Corporate,14.98
2018-07-28,West,Technology,Phones,Corporate,1145.6
2018-07-29,Central,Furniture,Chairs,Consumer,302.67
2018-07-29,Central,Office Supplies,Appliances,Consumer,137.62
2018-07-29,Central,Office Supplies,Binders,Consumer,33.48
2018-07-29,Central,Office Supplies,Fasteners,Corporate,2.896
2018-07-29,Central,Technology,Phones,Consumer,461.97
2018-07-29,Central,Technology,Phones,Corporate,124.792
2018-07-29,East,Office Supplies,Art,Consumer,60.12
2018-07-29,South,Office Supplies,Appliances,Consumer,34.848
2018-07-29,South,Office Supplies,Art,Consumer,4.368
2018-07-29,South,Technology,Phones,Consumer,22.0
2018-07-29,West,Furniture,Bookcases,Consumer,115.96
2018-07-29,West,Technology,Accessories,Consumer,90.57
2018-07-30,East,Office Supplies,Binders,Home Office,76.776
2018-07-30,East,Technology,Phones,Consumer,89.95
2018-07-30,West,Office Supplies,Labels,Consumer,26.25
2018-07-30,West,Office Supplies,Storage,Consumer,330.4
2018-07-31,Central,Office Supplies,Appliances,Corporate,155.88
2018-07-31,Central,Office Supplies,Binders,Corporate,17.52
2018-07-31,Central,Technology,Phones,Consumer,36.792
2018-07-31,East,Office Supplies,Binders,Home Office,860.96
2018-07-31,East,Office Supplies,Paper,Corporate,54.816
2018-07-31,East,Office Supplies,Paper,Home Office,11.54
2018-07-31,East,Technology,Phones,Consumer,285.576
2018-07-31,South,Technology,Accessories,Home Office,41.424
2018-07-31,West,Furniture,Furnishings,Consumer,36.96
2018-07-31,West,Office Supplies,Storage,Consumer,56.56
2018-08-01,Central,Office Supplies,Paper,Corporate,36.288
2018-08-01,Central,Technology,Machines,Corporate,1439.982
2018-08-01,Central,Technology,Phones,Consumer,95.984
2018-08-01,South,Technology,Phones,Consumer,271.96
2018-08-01,West,Office Supplies,Binders,Corporate,54.896
2018-08-01,West,Office Supplies,Storage,Consumer,186.54
2018-08-03,Central,Furniture,Bookcases,Consumer,183.372
2018-08-03,Central,Technology,Accessories,Consumer,39.816
2018-08-03,West,Furniture,Furnishings,Consumer,123.96
2018-08-03,West,Office Supplies,Labels,Consumer,51.75
2018-08-03,West,Office Supplies,Storage,Consumer,99.87
2018-08-03,West,Office Supplies,Storage,Corporate,16.06
2018-08-04,Central,Office Supplies,Binders,Corporate,3.318
2018-08-04,West,Office Supplies,Envelopes,Corporate,8.784
2018-08-04,West,Office Supplies,Paper,Corporate,7.968
2018-08-05,Central,Office Supplies,Binders,Consumer,125.88
2018-08-05,Central,Office Supplies,Labels,Consumer,133.2
2018-08-05,Central,Office Supplies,Storage,Home Office,151.056
2018-08-05,Central,Technology,Accessories,Consumer,79.78
2018-08-05,South,Office Supplies,Paper,Corporate,13.76
2018-08-06,Central,Office Supplies,Paper,Corporate,115.296
2018-08-06,East,Office Supplies,Art,Home Office,227.88
2018-08-06,East,Office Supplies,Labels,Home Office,24.64
2018-08-06,East,Office Supplies,Supplies,Consumer,70.12
2018-08-06,East,Technology,Phones,Home Office,824.95
2018-08-06,South,Furniture,Bookcases,Consumer,145.74
2018-08-06,South,Furniture,Furnishings,Consumer,15.4
2018-08-07,Central,Office Supplies,Storage,Consumer,118.16
2018-08-07,Central,Technology,Accessories,Consumer,183.408
2018-08-07,East,Office Supplies,Art,Consumer,116.47999999999999
2018-08-07,South,Technology,Accessories,Consumer,79.992
2018-08-07,West,Furniture,Chairs,Consumer,207.184
2018-08-07,West,Furniture,Furnishings,Consumer,51.75
2018-08-07,West,Office Supplies,Appliances,Consumer,1473.1
2018-08-07,West,Office Supplies,Binders,Consumer,56.84
2018-08-07,West,Office Supplies,Paper,Consumer,269.11
2018-08-07,West,Technology,Accessories,Consumer,55.76
2018-08-07,West,Technology,Phones,Consumer,867.84
2018-08-10,Central,Furniture,Furnishings,Consumer,121.3
2018-08-10,Central,Office Supplies,Envelopes,Consumer,70.08
2018-08-10,Central,Office Supplies,Paper,Corporate,177.2
2018-08-10,Central,Technology,Phones,Consumer,1454.49
2018-08-11,Central,Office Supplies,Art,Corporate,9.184
2018-08-11,Central,Office Supplies,Binders,Corporate,12.864
2018-08-11,Central,Office Supplies,Paper,Corporate,29.664
2018-08-11,Central,Technology,Phones,Corporate,153.584
2018-08-11,East,Office Supplies,Paper,Home Office,25.92
2018-08-11,South,Office Supplies,Binders,Home Office,477.51
2018-08-12,East,Furniture,Chairs,Corporate,1779.9
2018-08-12,East,Office Supplies,Art,Corporate,237.42000000000002
2018-08-12,South,Office Supplies,Paper,Consumer,20.736
2018-08-12,West,Furniture,Furnishings,Consumer,54.92
2018-08-12,West,Office Supplies,Appliances,Consumer,542.94
2018-08-12,West,Office Supplies,Binders,Consumer,100.704
2018-08-12,West,Office Supplies,Paper,Consumer,192.16
2018-08-12,West,Office Supplies,Storage,Consumer,46.74
2018-08-12,West,Technology,Accessories,Consumer,174.95
2018-08-12,West,Technology,Copiers,Consumer,299.99
2018-08-12,West,Technology,Phones,Consumer,242.624
2018-08-13,East,Office Supplies,Labels,Corporate,17.544
2018-08-13,South,Furniture,Chairs,Consumer,423.648
2018-08-13,South,Furniture,Furnishings,Consumer,31.984
2018-08-13,South,Office Supplies,Appliances,Consumer,272.048
2018-08-13,South,Office Supplies,Binders,Consumer,1614.582
2018-08-13,South,Office Supplies,Envelopes,Consumer,14.76
2018-08-13,South,Office Supplies,Fasteners,Consumer,24.32
2018-08-13,South,Technology,Accessories,Consumer,1.584
2018-08-13,West,Office Supplies,Appliances,Consumer,83.79
2018-08-13,West,Office Supplies,Art,Consumer,59.52
2018-08-13,West,Office Supplies,Binders,Corporate,36.024
2018-08-13,West,Office Supplies,Storage,Consumer,31.44
2018-08-13,West,Office Supplies,Supplies,Consumer,31.92
2018-08-14,West,Furniture,Tables,Consumer,418.296
2018-08-14,West,Office Supplies,Art,Consumer,16.68
2018-08-14,West,Office Supplies,Labels,Consumer,5.76
2018-08-15,Central,Office Supplies,Labels,Corporate,50.4
2018-08-15,East,Office Supplies,Appliances,Consumer,97.84
2018-08-15,East,Office Supplies,Storage,Corporate,1801.632
2018-08-16,South,Office Supplies,Binders,Consumer,13.428
2018-08-16,South,Office Supplies,Storage,Consumer,67.136
2018-08-17,Central,Furniture,Chairs,Home Office,74.592
2018-08-17,Central,Furniture,Furnishings,Home Office,16.784
2018-08-17,Central,Office Supplies,Appliances,Home Office,38.864
2018-08-17,Central,Office Supplies,Art,Home Office,8.016
2018-08-17,Central,Office Supplies,Supplies,Home Office,5.552
2018-08-17,East,Furniture,Chairs,Consumer,4416.174
2018-08-17,East,Furniture,Chairs,Corporate,462.564
2018-08-17,East,Office Supplies,Binders,Corporate,895.92
2018-08-17,South,Office Supplies,Binders,Home Office,102.93
2018-08-17,South,Technology,Accessories,Home Office,98.16
2018-08-17,West,Office Supplies,Appliances,Corporate,2518.29
2018-08-17,West,Office Supplies,Binders,Corporate,234.976
2018-08-17,West,Office Supplies,Envelopes,Corporate,23.36
2018-08-17,West,Office Supplies,Paper,Corporate,8.56
2018-08-17,West,Office Supplies,Storage,Corporate,540.57
2018-08-17,West,Technology,Phones,Corporate,71.976
2018-08-18,Central,Office Supplies,Binders,Consumer,28.124
2018-08-18,Central,Office Supplies,Storage,Consumer,200.064
2018-08-18,East,Furniture,Furnishings,Corporate,138.44
2018-08-18,East,Office Supplies,Art,Consumer,9.912
2018-08-18,East,Office Supplies,Binders,Consumer,10.782
2018-08-18,East,Office Supplies,Binders,Corporate,107.424
2018-08-18,East,Technology,Accessories,Consumer,23.18
2018-08-18,East,Technology,Phones,Corporate,37.91
2018-08-18,West,Furniture,Furnishings,Corporate,65.94
2018-08-18,West,Office Supplies,Binders,Corporate,2793.528
2018-08-18,West,Office Supplies,Storage,Corporate,1000.02
2018-08-18,West,Office Supplies,Storage,Home Office,323.1
2018-08-18,West,Technology,Accessories,Corporate,2340.06
2018-08-19,Central,Office Supplies,Binders,Consumer,2.296
2018-08-19,East,Office Supplies,Binders,Corporate,387.99
2018-08-19,East,Office Supplies,Paper,Consumer,19.44
2018-08-19,West,Office Supplies,Binders,Consumer,102.72
2018-08-20,East,Office Supplies,Storage,Corporate,40.29
2018-08-20,South,Technology,Phones,Home Office,35.96
2018-08-20,West,Office Supplies,Binders,Consumer,239.12
2018-08-20,West,Office Supplies,Paper,Consumer,25.92
2018-08-20,West,Office Supplies,Storage,Corporate,226.56
2018-08-20,West,Office Supplies,Supplies,Corporate,17.22
2018-08-20,West,Technology,Phones,Corporate,107.88
2018-08-21,Central,Office Supplies,Envelopes,Consumer,15.28
2018-08-21,Central,Office Supplies,Fasteners,Consumer,35.0
2018-08-21,Central,Office Supplies,Supplies,Consumer,37.24
2018-08-21,East,Furniture,Furnishings,Home Office,117.08
2018-08-21,East,Office Supplies,Binders,Consumer,4337.639999999999
2018-08-21,East,Office Supplies,Paper,Home Office,277.4
2018-08-21,South,Furniture,Chairs,Consumer,866.4
2018-08-21,West,Furniture,Chairs,Corporate,388.704
2018-08-21,West,Furniture,Furnishings,Consumer,129.92
2018-08-21,West,Furniture,Tables,Consumer,568.728
2018-08-21,West,Office Supplies,Appliances,Consumer,203.52
2018-08-21,West,Office Supplies,Art,Consumer,17.12
2018-08-21,West,Office Supplies,Binders,Consumer,117.144
2018-08-21,West,Office Supplies,Labels,Consumer,51.75
2018-08-21,West,Office Supplies,Paper,Corporate,83.88
2018-08-21,West,Office Supplies,Storage,Corporate,572.58
2018-08-21,West,Technology,Accessories,Corporate,33.18
2018-08-21,West,Technology,Phones,Consumer,431.968
2018-08-22,East,Furniture,Tables,Home Office,314.532
2018-08-22,West,Furniture,Tables,Consumer,210.008
2018-08-23,South,Furniture,Furnishings,Consumer,2.784
2018-08-23,South,Office Supplies,Appliances,Consumer,161.376
2018-08-23,South,Office Supplies,Paper,Consumer,58.288
2018-08-23,South,Technology,Phones,Consumer,4367.896
2018-08-24,East,Office Supplies,Appliances,Consumer,646.272
2018-08-24,East,Office Supplies,Binders,Corporate,28.416
2018-08-24,East,Office Supplies,Paper,Consumer,10.368
2018-08-25,East,Furniture,Bookcases,Consumer,130.98
2018-08-25,East,Office Supplies,Storage,Consumer,25.696
2018-08-25,South,Office Supplies,Art,Consumer,9.728
2018-08-25,South,Office Supplies,Paper,Consumer,195.584
2018-08-26,Central,Furniture,Furnishings,Consumer,64.96
2018-08-26,Central,Office Supplies,Storage,Home Office,53.72
2018-08-26,South,Technology,Accessories,Home Office,71.98
2018-08-27,Central,Office Supplies,Art,Consumer,5.952
2018-08-27,East,Furniture,Tables,Corporate,1488.424
2018-08-27,East,Office Supplies,Binders,Home Office,37.008
2018-08-27,East,Office Supplies,Paper,Corporate,12.672
2018-08-27,East,Office Supplies,Storage,Home Office,63.84
2018-08-27,East,Technology,Accessories,Corporate,1119.888
2018-08-27,East,Technology,Phones,Home Office,347.97
2018-08-27,South,Office Supplies,Appliances,Consumer,14.336
2018-08-27,South,Office Supplies,Envelopes,Corporate,2.896
2018-08-27,South,Office Supplies,Paper,Consumer,5.184
2018-08-27,West,Furniture,Chairs,Corporate,230.28
2018-08-27,West,Furniture,Furnishings,Consumer,120.576
2018-08-27,West,Furniture,Furnishings,Corporate,198.46
2018-08-27,West,Office Supplies,Appliances,Corporate,321.92
2018-08-27,West,Office Supplies,Binders,Corporate,841.568
2018-08-27,West,Office Supplies,Paper,Corporate,116.28
2018-08-27,West,Office Supplies,Storage,Corporate,354.9
2018-08-27,West,Office Supplies,Supplies,Corporate,28.4
2018-08-27,West,Technology,Copiers,Corporate,879.984
2018-08-28,Central,Office Supplies,Appliances,Home Office,91.6
2018-08-28,Central,Office Supplies,Paper,Consumer,52.064
2018-08-28,Central,Office Supplies,Supplies,Home Office,21.81
2018-08-28,West,Furniture,Tables,Home Office,1137.75
2018-08-28,West,Office Supplies,Art,Home Office,5.56
2018-08-28,West,Office Supplies,Binders,Home Office,99.68
2018-08-28,West,Technology,Phones,Home Office,35.168
2018-08-29,Central,Office Supplies,Binders,Corporate,3.24
2018-08-29,Central,Office Supplies,Labels,Corporate,47.36
2018-08-29,Central,Office Supplies,Storage,Corporate,27.44
2018-08-29,East,Office Supplies,Art,Corporate,9.408
2018-08-29,West,Furniture,Furnishings,Corporate,148.02
2018-08-31,Central,Office Supplies,Appliances,Consumer,638.73
2018-08-31,South,Office Supplies,Paper,Consumer,229.544
2018-08-31,South,Technology,Accessories,Consumer,659.9
2018-08-31,West,Furniture,Chairs,Corporate,569.568
2018-08-31,West,Office Supplies,Binders,Home Office,6.672
2018-08-31,West,Office Supplies,Fasteners,Consumer,8.376
2018-08-31,West,Office Supplies,Storage,Consumer,204.694
2018-08-31,West,Office Supplies,Storage,Corporate,149.73
2018-08-31,West,Office Supplies,Supplies,Home Office,6.208
2018-08-31,West,Technology,Phones,Home Office,689.408
2018-09-01,Central,Furniture,Chairs,Consumer,498.26
2018-09-01,East,Furniture,Furnishings,Consumer,114.9
2018-09-01,West,Furniture,Tables,Corporate,283.56
2018-09-01,West,Office Supplies,Appliances,Corporate,314.6
2018-09-01,West,Office Supplies,Art,Home Office,7.58
2018-09-01,West,Office Supplies,Binders,Consumer,22.92
2018-09-01,West,Technology,Accessories,Consumer,19.99
2018-09-02,Central,Office Supplies,Appliances,Corporate,5.588
2018-09-02,Central,Office Supplies,Fasteners,Corporate,16.0
2018-09-02,Central,Office Supplies,Storage,Corporate,235.92
2018-09-02,Central,Office Supplies,Storage,Home Office,352.38
2018-09-02,Central,Technology,Accessories,Consumer,40.68
2018-09-02,Central,Technology,Accessories,Home Office,1928.78
2018-09-02,Central,Technology,Phones,Home Office,1199.8
2018-09-02,East,Furniture,Chairs,Corporate,1282.41
2018-09-02,East,Furniture,Furnishings,Corporate,26.612
2018-09-02,East,Furniture,Tables,Corporate,254.526
2018-09-02,East,Office Supplies,Appliances,Corporate,12.98
2018-09-02,East,Office Supplies,Art,Corporate,28.020000000000003
2018-09-02,East,Office Supplies,Binders,Corporate,26.432
2018-09-02,East,Office Supplies,Labels,Corporate,18.9
2018-09-02,East,Office Supplies,Paper,Consumer,238.932
2018-09-02,East,Office Supplies,Paper,Corporate,17.12
2018-09-02,East,Office Supplies,Storage,Consumer,10.9
2018-09-02,East,Technology,Accessories,Corporate,405.97
2018-09-02,East,Technology,Phones,Corporate,197.97
2018-09-02,South,Office Supplies,Binders,Consumer,1577.94
2018-09-02,West,Furniture,Chairs,Home Office,215.976
2018-09-02,West,Furniture,Tables,Consumer,236.528
2018-09-02,West,Office Supplies,Art,Consumer,15.97
2018-09-02,West,Office Supplies,Binders,Consumer,18.72
2018-09-02,West,Office Supplies,Labels,Consumer,85.696
2018-09-02,West,Technology,Phones,Consumer,201.584
2018-09-03,Central,Furniture,Furnishings,Consumer,108.4
2018-09-03,Central,Office Supplies,Binders,Consumer,42.616
2018-09-03,Central,Office Supplies,Paper,Corporate,8.904
2018-09-03,Central,Technology,Accessories,Corporate,100.8
2018-09-03,East,Furniture,Chairs,Home Office,272.565
2018-09-03,East,Office Supplies,Art,Home Office,5.56
2018-09-03,East,Office Supplies,Paper,Home Office,419.4
2018-09-03,South,Office Supplies,Envelopes,Consumer,24.448
2018-09-03,West,Furniture,Bookcases,Consumer,239.666
2018-09-03,West,Office Supplies,Art,Corporate,5.96
2018-09-03,West,Office Supplies,Binders,Home Office,82.56
2018-09-03,West,Technology,Accessories,Home Office,284.97
2018-09-04,Central,Furniture,Bookcases,Corporate,825.174
2018-09-04,Central,Office Supplies,Art,Consumer,23.311999999999998
2018-09-04,Central,Office Supplies,Art,Corporate,6.912
2018-09-04,Central,Office Supplies,Art,Home Office,30.384
2018-09-04,Central,Office Supplies,Paper,Corporate,17.76
2018-09-04,Central,Office Supplies,Storage,Consumer,16.784
2018-09-04,East,Office Supplies,Art,Consumer,8.256
2018-09-04,East,Office Supplies,Binders,Consumer,29.927999999999997
2018-09-04,East,Office Supplies,Fasteners,Consumer,14.82
2018-09-04,East,Office Supplies,Paper,Consumer,11.52
2018-09-04,East,Technology,Accessories,Consumer,111.0
2018-09-04,South,Furniture,Chairs,Consumer,97.184
2018-09-04,South,Office Supplies,Paper,Consumer,10.368
2018-09-04,West,Furniture,Tables,Consumer,1478.272
2018-09-04,West,Furniture,Tables,Corporate,1322.352
2018-09-04,West,Office Supplies,Binders,Consumer,501.328
2018-09-04,West,Office Supplies,Binders,Corporate,99.882
2018-09-04,West,Office Supplies,Paper,Home Office,12.96
2018-09-04,West,Office Supplies,Storage,Consumer,638.95
2018-09-04,West,Office Supplies,Storage,Corporate,54.32
2018-09-04,West,Technology,Phones,Consumer,5.56
2018-09-04,West,Technology,Phones,Home Office,43.176
2018-09-05,South,Office Supplies,Art,Consumer,71.96
2018-09-05,South,Office Supplies,Paper,Consumer,15.552
2018-09-05,South,Office Supplies,Storage,Home Office,147.184
2018-09-05,South,Technology,Accessories,Consumer,89.568
2018-09-05,West,Office Supplies,Art,Home Office,2.78
2018-09-07,Central,Furniture,Furnishings,Consumer,135.3
2018-09-07,Central,Office Supplies,Binders,Home Office,1577.94
2018-09-07,Central,Office Supplies,Paper,Home Office,73.008
2018-09-07,Central,Technology,Accessories,Consumer,127.0
2018-09-07,East,Office Supplies,Envelopes,Consumer,4.896
2018-09-07,East,Office Supplies,Labels,Consumer,29.24
2018-09-07,East,Office Supplies,Paper,Consumer,72.412
2018-09-07,East,Office Supplies,Storage,Corporate,478.08
2018-09-07,South,Office Supplies,Appliances,Corporate,81.568
2018-09-07,West,Furniture,Chairs,Consumer,161.568
2018-09-07,West,Furniture,Furnishings,Consumer,173.82
2018-09-07,West,Office Supplies,Art,Consumer,25.98
2018-09-07,West,Office Supplies,Binders,Home Office,7.857
2018-09-07,West,Office Supplies,Storage,Consumer,37.68
2018-09-07,West,Technology,Accessories,Consumer,279.944
2018-09-07,West,Technology,Phones,Consumer,582.2719999999999
2018-09-08,Central,Furniture,Chairs,Corporate,213.43
2018-09-08,Central,Furniture,Furnishings,Corporate,21.184
2018-09-08,Central,Furniture,Tables,Consumer,765.625
2018-09-08,Central,Office Supplies,Binders,Corporate,42.616
2018-09-08,Central,Office Supplies,Fasteners,Corporate,45.92
2018-09-08,Central,Office Supplies,Paper,Corporate,20.736
2018-09-08,Central,Technology,Accessories,Corporate,85.2
2018-09-08,Central,Technology,Copiers,Corporate,319.984
2018-09-08,East,Office Supplies,Storage,Corporate,65.12
2018-09-08,East,Technology,Accessories,Corporate,125.928
2018-09-08,East,Technology,Phones,Consumer,258.528
2018-09-08,South,Office Supplies,Storage,Home Office,61.68
2018-09-08,South,Technology,Phones,Home Office,158.376
2018-09-09,Central,Office Supplies,Envelopes,Consumer,17.48
2018-09-09,Central,Office Supplies,Labels,Corporate,9.856
2018-09-09,East,Furniture,Chairs,Corporate,141.372
2018-09-09,East,Furniture,Furnishings,Consumer,66.112
2018-09-09,East,Furniture,Furnishings,Corporate,17.024
2018-09-09,East,Office Supplies,Art,Consumer,25.92
2018-09-09,East,Office Supplies,Art,Corporate,4.672
2018-09-09,East,Office Supplies,Binders,Consumer,11.118
2018-09-09,East,Office Supplies,Binders,Corporate,7.539
2018-09-09,East,Office Supplies,Labels,Consumer,17.712
2018-09-09,East,Technology,Accessories,Corporate,354.576
2018-09-09,East,Technology,Phones,Corporate,1931.958
2018-09-09,South,Furniture,Furnishings,Consumer,14.136
2018-09-09,South,Office Supplies,Paper,Consumer,177.536
2018-09-09,South,Office Supplies,Storage,Consumer,258.48
2018-09-09,South,Office Supplies,Storage,Corporate,685.26
2018-09-09,South,Office Supplies,Supplies,Consumer,8.832
2018-09-09,West,Furniture,Chairs,Consumer,243.92
2018-09-09,West,Office Supplies,Appliances,Corporate,11.176
2018-09-09,West,Office Supplies,Art,Consumer,6.56
2018-09-09,West,Office Supplies,Paper,Consumer,53.888000000000005
2018-09-09,West,Office Supplies,Paper,Corporate,31.104
2018-09-09,West,Office Supplies,Storage,Corporate,99.87
2018-09-09,West,Technology,Accessories,Corporate,159.96
2018-09-10,Central,Office Supplies,Appliances,Consumer,58.17
2018-09-10,Central,Office Supplies,Binders,Consumer,29.91
2018-09-10,Central,Office Supplies,Binders,Home Office,762.594
2018-09-10,Central,Office Supplies,Paper,Consumer,24.9
2018-09-10,Central,Office Supplies,Storage,Consumer,286.29
2018-09-10,Central,Technology,Accessories,Consumer,409.65000000000003
2018-09-10,Central,Technology,Phones,Corporate,147.168
2018-09-10,East,Office Supplies,Art,Corporate,14.88
2018-09-10,East,Office Supplies,Paper,Consumer,18.76
2018-09-10,East,Office Supplies,Paper,Corporate,85.056
2018-09-10,East,Technology,Accessories,Consumer,37.056
2018-09-10,East,Technology,Phones,Consumer,259.896
2018-09-10,South,Office Supplies,Binders,Consumer,2.78
2018-09-10,West,Furniture,Chairs,Corporate,362.352
2018-09-10,West,Office Supplies,Binders,Corporate,7.184
2018-09-11,Central,Furniture,Tables,Consumer,512.19
2018-09-11,Central,Office Supplies,Appliances,Consumer,1.556
2018-09-11,Central,Office Supplies,Fasteners,Consumer,10.528
2018-09-11,Central,Office Supplies,Paper,Consumer,30.816000000000003
2018-09-11,South,Furniture,Furnishings,Consumer,34.504
2018-09-11,South,Office Supplies,Appliances,Consumer,263.58000000000004
2018-09-11,South,Office Supplies,Fasteners,Consumer,14.2
2018-09-11,South,Office Supplies,Paper,Home Office,184.66
2018-09-11,West,Furniture,Chairs,Consumer,177.568
2018-09-11,West,Furniture,Chairs,Home Office,2054.272
2018-09-11,West,Furniture,Furnishings,Consumer,32.36
2018-09-11,West,Office Supplies,Appliances,Consumer,406.6
2018-09-11,West,Office Supplies,Binders,Consumer,1471.96
2018-09-11,West,Office Supplies,Envelopes,Home Office,22.18
2018-09-11,West,Office Supplies,Paper,Consumer,90.72
2018-09-11,West,Office Supplies,Paper,Corporate,19.44
2018-09-11,West,Office Supplies,Paper,Home Office,12.96
2018-09-11,West,Technology,Phones,Consumer,79.96
2018-09-11,West,Technology,Phones,Corporate,143.952
2018-09-12,East,Office Supplies,Appliances,Consumer,90.86
2018-09-12,East,Office Supplies,Binders,Corporate,45.78
2018-09-12,East,Office Supplies,Paper,Consumer,134.75
2018-09-12,East,Office Supplies,Paper,Corporate,45.36
2018-09-12,West,Furniture,Furnishings,Consumer,8.36
2018-09-12,West,Office Supplies,Paper,Consumer,166.44
2018-09-13,South,Office Supplies,Art,Consumer,15.92
2018-09-14,Central,Office Supplies,Paper,Consumer,19.05
2018-09-14,East,Furniture,Chairs,Consumer,113.372
2018-09-14,East,Furniture,Chairs,Home Office,589.41
2018-09-14,East,Furniture,Furnishings,Consumer,127.936
2018-09-14,East,Office Supplies,Art,Consumer,70.95
2018-09-14,East,Office Supplies,Art,Home Office,29.95
2018-09-14,East,Office Supplies,Binders,Consumer,22.194000000000003
2018-09-14,East,Office Supplies,Paper,Consumer,20.12
2018-09-14,East,Office Supplies,Storage,Home Office,70.98
2018-09-14,East,Technology,Machines,Consumer,253.755
2018-09-14,East,Technology,Phones,Home Office,1079.85
2018-09-14,South,Office Supplies,Appliances,Corporate,942.784
2018-09-14,South,Office Supplies,Paper,Corporate,74.352
2018-09-14,West,Office Supplies,Labels,Consumer,56.7
2018-09-15,Central,Office Supplies,Art,Consumer,31.744
2018-09-15,Central,Office Supplies,Paper,Corporate,31.872
2018-09-15,Central,Technology,Phones,Consumer,323.976
2018-09-15,East,Furniture,Bookcases,Consumer,782.94
2018-09-15,East,Furniture,Chairs,Corporate,512.96
2018-09-15,East,Furniture,Furnishings,Corporate,47.4
2018-09-15,East,Furniture,Furnishings,Home Office,35.56
2018-09-15,East,Office Supplies,Art,Consumer,16.28
2018-09-15,East,Office Supplies,Binders,Consumer,242.48
2018-09-15,East,Office Supplies,Storage,Corporate,81.96
2018-09-15,East,Office Supplies,Storage,Home Office,38.62
2018-09-15,East,Technology,Accessories,Home Office,59.98
2018-09-15,East,Technology,Phones,Consumer,39.99
2018-09-15,East,Technology,Phones,Corporate,395.94
2018-09-15,South,Office Supplies,Paper,Consumer,163.96
2018-09-15,West,Furniture,Chairs,Consumer,403.10400000000004
2018-09-15,West,Furniture,Furnishings,Consumer,529.9
2018-09-15,West,Furniture,Tables,Home Office,300.904
2018-09-15,West,Office Supplies,Appliances,Consumer,108.96
2018-09-15,West,Office Supplies,Art,Consumer,111.72
2018-09-15,West,Office Supplies,Binders,Consumer,2655.232
2018-09-15,West,Technology,Phones,Consumer,369.544
2018-09-16,Central,Office Supplies,Envelopes,Consumer,17.568
2018-09-16,Central,Technology,Phones,Consumer,55.992
2018-09-16,East,Furniture,Furnishings,Consumer,22.512
2018-09-16,East,Office Supplies,Binders,Consumer,541.6379999999999
2018-09-16,East,Office Supplies,Paper,Consumer,20.544
2018-09-16,East,Office Supplies,Paper,Home Office,20.736
2018-09-16,East,Technology,Accessories,Consumer,119.96000000000001
2018-09-16,West,Office Supplies,Art,Corporate,5.98
2018-09-16,West,Office Supplies,Fasteners,Corporate,17.9
2018-09-16,West,Office Supplies,Paper,Corporate,8.82
2018-09-17,Central,Furniture,Chairs,Home Office,318.43
2018-09-17,Central,Office Supplies,Art,Home Office,9.912
2018-09-17,Central,Office Supplies,Binders,Home Office,5.8
2018-09-17,Central,Technology,Phones,Home Office,1415.76
2018-09-17,East,Office Supplies,Storage,Consumer,34.05
2018-09-17,East,Technology,Machines,Consumer,480.0
2018-09-17,South,Furniture,Chairs,Home Office,723.92
2018-09-17,South,Office Supplies,Paper,Home Office,106.32
2018-09-17,West,Furniture,Bookcases,Corporate,1292.94
2018-09-17,West,Office Supplies,Binders,Corporate,48.144
2018-09-17,West,Office Supplies,Labels,Corporate,14.4
2018-09-17,West,Office Supplies,Paper,Consumer,12.96
2018-09-17,West,Office Supplies,Paper,Corporate,164.88
2018-09-17,West,Office Supplies,Storage,Corporate,261.74
2018-09-17,West,Technology,Accessories,Consumer,89.97
2018-09-18,Central,Office Supplies,Art,Consumer,8.928
2018-09-18,Central,Office Supplies,Envelopes,Home Office,114.848
2018-09-18,Central,Office Supplies,Paper,Consumer,15.96
2018-09-18,Central,Office Supplies,Paper,Corporate,22.72
2018-09-18,Central,Office Supplies,Storage,Consumer,47.584
2018-09-18,East,Furniture,Furnishings,Corporate,9.82
2018-09-18,East,Office Supplies,Paper,Corporate,19.44
2018-09-18,South,Furniture,Furnishings,Corporate,20.32
2018-09-18,South,Office Supplies,Art,Corporate,113.94
2018-09-18,South,Office Supplies,Paper,Corporate,321.43
2018-09-18,South,Office Supplies,Supplies,Corporate,34.48
2018-09-18,South,Technology,Phones,Corporate,507.66
2018-09-18,West,Office Supplies,Art,Corporate,8.82
2018-09-18,West,Office Supplies,Binders,Consumer,10.08
2018-09-18,West,Office Supplies,Envelopes,Corporate,10.86
2018-09-18,West,Office Supplies,Paper,Corporate,143.7
2018-09-18,West,Technology,Accessories,Consumer,101.34
2018-09-19,East,Office Supplies,Binders,Home Office,4.842
2018-09-19,East,Office Supplies,Paper,Consumer,32.4
2018-09-19,South,Office Supplies,Art,Home Office,35.4
2018-09-19,South,Office Supplies,Storage,Corporate,95.616
2018-09-19,West,Furniture,Bookcases,Corporate,72.588
2018-09-19,West,Furniture,Furnishings,Corporate,409.216
2018-09-19,West,Office Supplies,Art,Corporate,63.891999999999996
2018-09-19,West,Office Supplies,Binders,Consumer,18.18
2018-09-19,West,Office Supplies,Storage,Consumer,12.624
2018-09-19,West,Technology,Accessories,Consumer,89.584
2018-09-19,West,Technology,Accessories,Corporate,149.95
2018-09-19,West,Technology,Phones,Consumer,471.92
2018-09-19,West,Technology,Phones,Corporate,191.976
2018-09-20,East,Furniture,Chairs,Consumer,5496.174
2018-09-20,East,Office Supplies,Binders,Consumer,11.784
2018-09-20,East,Office Supplies,Fasteners,Consumer,4.36
2018-09-20,East,Office Supplies,Paper,Consumer,52.28
2018-09-20,East,Office Supplies,Storage,Consumer,45.4
2018-09-20,East,Technology,Accessories,Consumer,345.41
2018-09-20,East,Technology,Phones,Consumer,1404.51
2018-09-21,Central,Office Supplies,Binders,Consumer,20.16
2018-09-21,East,Office Supplies,Binders,Consumer,1.908
2018-09-21,South,Office Supplies,Appliances,Consumer,80.48
2018-09-21,South,Office Supplies,Binders,Consumer,12.294
2018-09-21,West,Office Supplies,Paper,Consumer,55.86
2018-09-21,West,Office Supplies,Storage,Corporate,15.51
2018-09-21,West,Technology,Accessories,Consumer,151.96
2018-09-22,Central,Furniture,Bookcases,Home Office,241.96
2018-09-22,Central,Office Supplies,Binders,Corporate,44.268
2018-09-22,Central,Office Supplies,Envelopes,Corporate,13.392
2018-09-22,Central,Office Supplies,Labels,Home Office,27.72
2018-09-22,Central,Office Supplies,Paper,Corporate,219.84
2018-09-22,Central,Technology,Accessories,Corporate,98.16
2018-09-22,Central,Technology,Phones,Corporate,86.97
2018-09-22,East,Furniture,Furnishings,Consumer,12.07
2018-09-22,East,Office Supplies,Binders,Consumer,5.607
2018-09-22,East,Office Supplies,Binders,Corporate,40.176
2018-09-22,East,Office Supplies,Storage,Home Office,67.4
2018-09-22,East,Office Supplies,Supplies,Consumer,4663.736
2018-09-22,East,Technology,Accessories,Consumer,1150.984
2018-09-22,East,Technology,Phones,Consumer,391.98
2018-09-22,South,Office Supplies,Art,Consumer,17.94
2018-09-22,South,Office Supplies,Binders,Consumer,691.96
2018-09-22,South,Office Supplies,Paper,Consumer,12.96
2018-09-22,South,Technology,Accessories,Consumer,34.95
2018-09-22,West,Office Supplies,Paper,Corporate,27.18
2018-09-22,West,Office Supplies,Supplies,Consumer,21.96
2018-09-23,Central,Office Supplies,Appliances,Consumer,73.176
2018-09-23,Central,Office Supplies,Paper,Consumer,20.736
2018-09-23,Central,Office Supplies,Paper,Corporate,9.248
2018-09-23,Central,Technology,Accessories,Consumer,291.96
2018-09-23,Central,Technology,Phones,Consumer,39.984
2018-09-23,South,Office Supplies,Paper,Consumer,264.59999999999997
2018-09-23,South,Technology,Accessories,Consumer,199.95
2018-09-23,West,Furniture,Bookcases,Consumer,180.588
2018-09-23,West,Furniture,Chairs,Consumer,594.816
2018-09-23,West,Furniture,Furnishings,Corporate,29.328
2018-09-23,West,Office Supplies,Appliances,Consumer,280.92
2018-09-23,West,Office Supplies,Binders,Consumer,105.66399999999999
2018-09-23,West,Office Supplies,Envelopes,Home Office,14.352
2018-09-23,West,Office Supplies,Paper,Consumer,211.04
2018-09-23,West,Office Supplies,Storage,Consumer,31.44
2018-09-23,West,Technology,Accessories,Consumer,47.984
2018-09-24,Central,Furniture,Chairs,Consumer,520.464
2018-09-24,Central,Furniture,Chairs,Corporate,603.92
2018-09-24,Central,Office Supplies,Paper,Consumer,11.424
2018-09-24,Central,Technology,Accessories,Corporate,727.9
2018-09-24,East,Furniture,Furnishings,Consumer,103.056
2018-09-24,East,Technology,Phones,Corporate,829.83
2018-09-24,East,Technology,Phones,Home Office,1169.694
2018-09-24,South,Office Supplies,Art,Home Office,27.0
2018-09-24,South,Office Supplies,Binders,Consumer,38.71
2018-09-24,South,Office Supplies,Binders,Home Office,15.57
2018-09-24,South,Office Supplies,Labels,Consumer,235.944
2018-09-24,South,Office Supplies,Labels,Home Office,15.75
2018-09-24,South,Office Supplies,Storage,Consumer,40.29
2018-09-24,South,Office Supplies,Storage,Home Office,15.51
2018-09-24,South,Technology,Accessories,Consumer,17.88
2018-09-24,South,Technology,Phones,Home Office,473.86
2018-09-24,West,Furniture,Furnishings,Consumer,199.8
2018-09-24,West,Office Supplies,Paper,Home Office,31.08
2018-09-24,West,Office Supplies,Supplies,Home Office,7.3
2018-09-24,West,Technology,Machines,Corporate,506.28
2018-09-24,West,Technology,Phones,Corporate,859.2
2018-09-25,Central,Furniture,Chairs,Consumer,269.97
2018-09-25,Central,Office Supplies,Binders,Consumer,8.26
2018-09-25,East,Furniture,Chairs,Consumer,488.646
2018-09-25,East,Furniture,Furnishings,Consumer,47.12
2018-09-25,East,Office Supplies,Art,Consumer,16.168
2018-09-25,East,Office Supplies,Binders,Corporate,8.595
2018-09-25,East,Office Supplies,Envelopes,Corporate,24.448
2018-09-25,East,Office Supplies,Labels,Consumer,20.7
2018-09-25,East,Office Supplies,Supplies,Corporate,190.896
2018-09-25,East,Technology,Accessories,Consumer,119.96
2018-09-25,South,Office Supplies,Storage,Consumer,177.55
2018-09-25,West,Office Supplies,Storage,Corporate,39.9
2018-09-26,South,Furniture,Chairs,Home Office,419.136
2018-09-26,West,Furniture,Furnishings,Corporate,9.24
2018-09-26,West,Office Supplies,Art,Home Office,2.224
2018-09-26,West,Office Supplies,Binders,Corporate,948.216
2018-09-26,West,Office Supplies,Envelopes,Corporate,71.88
2018-09-26,West,Office Supplies,Paper,Corporate,35.88
2018-09-28,Central,Office Supplies,Supplies,Consumer,1.744
2018-09-28,East,Office Supplies,Binders,Corporate,2.655
2018-09-28,South,Office Supplies,Paper,Corporate,10.368
2018-09-28,West,Furniture,Furnishings,Consumer,9.24
2018-09-28,West,Furniture,Furnishings,Home Office,32.776
2018-09-28,West,Office Supplies,Appliances,Home Office,209.792
2018-09-28,West,Office Supplies,Binders,Home Office,76.776
2018-09-28,West,Office Supplies,Paper,Home Office,14.352
2018-09-28,West,Office Supplies,Storage,Home Office,147.184
2018-09-28,West,Technology,Accessories,Home Office,54.384
2018-09-29,Central,Office Supplies,Envelopes,Home Office,27.968
2018-09-29,Central,Office Supplies,Labels,Home Office,7.968
2018-09-29,Central,Technology,Machines,Home Office,336.51
2018-09-29,East,Furniture,Chairs,Home Office,63.686
2018-09-29,East,Furniture,Furnishings,Home Office,21.248
2018-09-29,East,Furniture,Tables,Home Office,344.22
2018-09-29,East,Office Supplies,Envelopes,Consumer,23.34
2018-09-29,East,Office Supplies,Envelopes,Corporate,7.98
2018-09-29,East,Office Supplies,Paper,Consumer,51.55
2018-09-29,East,Office Supplies,Paper,Home Office,24.0
2018-09-29,East,Office Supplies,Storage,Corporate,51.168
2018-09-29,East,Technology,Accessories,Home Office,239.976
2018-09-29,South,Office Supplies,Storage,Consumer,243.92
2018-09-29,West,Furniture,Chairs,Consumer,72.784
2018-09-29,West,Furniture,Furnishings,Consumer,51.75
2018-09-29,West,Office Supplies,Appliances,Consumer,97.84
2018-09-29,West,Office Supplies,Art,Consumer,99.2
2018-09-29,West,Office Supplies,Binders,Consumer,46.672
2018-09-29,West,Office Supplies,Fasteners,Consumer,35.0
2018-09-30,Central,Office Supplies,Binders,Home Office,11.646
2018-09-30,East,Office Supplies,Labels,Corporate,20.664
2018-09-30,East,Office Supplies,Paper,Consumer,164.88
2018-09-30,West,Office Supplies,Appliances,Corporate,3.89
2018-09-30,West,Office Supplies,Paper,Corporate,179.7
2018-09-30,West,Technology,Accessories,Home Office,159.98
2018-10-01,Central,Office Supplies,Art,Corporate,6.672
2018-10-01,Central,Office Supplies,Paper,Consumer,104.85
2018-10-01,East,Technology,Machines,Home Office,1704.89
2018-10-01,West,Furniture,Chairs,Consumer,108.608
2018-10-01,West,Furniture,Chairs,Corporate,451.152
2018-10-01,West,Office Supplies,Appliances,Consumer,241.96
2018-10-01,West,Office Supplies,Binders,Consumer,63.216
2018-10-01,West,Office Supplies,Binders,Corporate,81.088
2018-10-01,West,Office Supplies,Paper,Corporate,111.28
2018-10-01,West,Technology,Accessories,Home Office,104.75
2018-10-02,Central,Furniture,Furnishings,Consumer,157.74
2018-10-02,Central,Office Supplies,Appliances,Corporate,37.208
2018-10-02,Central,Office Supplies,Art,Consumer,56.98
2018-10-02,Central,Office Supplies,Binders,Consumer,60.93
2018-10-02,East,Office Supplies,Paper,Consumer,49.12
2018-10-02,East,Technology,Phones,Corporate,65.99
2018-10-02,South,Furniture,Furnishings,Corporate,10.16
2018-10-02,South,Furniture,Furnishings,Home Office,41.224000000000004
2018-10-02,South,Furniture,Tables,Home Office,2314.116
2018-10-02,South,Office Supplies,Binders,Home Office,61.596
2018-10-02,South,Office Supplies,Paper,Home Office,20.736
2018-10-02,West,Furniture,Bookcases,Consumer,217.764
2018-10-02,West,Furniture,Furnishings,Consumer,17.46
2018-10-02,West,Office Supplies,Art,Consumer,95.144
2018-10-02,West,Office Supplies,Binders,Consumer,22.638
2018-10-02,West,Office Supplies,Binders,Home Office,112.12
2018-10-02,West,Office Supplies,Fasteners,Home Office,8.94
2018-10-02,West,Office Supplies,Storage,Home Office,1575.14
2018-10-02,West,Office Supplies,Supplies,Consumer,39.072
2018-10-02,West,Technology,Machines,Consumer,369.16
2018-10-02,West,Technology,Phones,Home Office,84.784
2018-10-03,Central,Office Supplies,Art,Corporate,20.64
2018-10-03,Central,Office Supplies,Binders,Consumer,1793.98
2018-10-03,East,Furniture,Furnishings,Home Office,83.92
2018-10-03,East,Office Supplies,Art,Home Office,6.63
2018-10-03,East,Office Supplies,Storage,Consumer,22.58
2018-10-03,East,Technology,Accessories,Home Office,371.97
2018-10-03,South,Office Supplies,Appliances,Consumer,17.92
2018-10-03,South,Office Supplies,Paper,Consumer,15.552
2018-10-03,West,Furniture,Tables,Corporate,171.288
2018-10-04,East,Furniture,Furnishings,Home Office,19.98
2018-10-05,East,Furniture,Chairs,Corporate,221.382
2018-10-05,East,Office Supplies,Binders,Home Office,75.792
2018-10-05,East,Technology,Machines,Corporate,5199.96
2018-10-05,East,Technology,Phones,Corporate,87.8
2018-10-05,East,Technology,Phones,Home Office,160.93
2018-10-05,West,Furniture,Chairs,Corporate,435.168
2018-10-05,West,Furniture,Furnishings,Corporate,72.9
2018-10-05,West,Furniture,Tables,Corporate,206.352
2018-10-05,West,Office Supplies,Appliances,Corporate,15.8
2018-10-05,West,Office Supplies,Binders,Home Office,59.856
2018-10-05,West,Office Supplies,Fasteners,Corporate,14.9
2018-10-05,West,Office Supplies,Paper,Home Office,61.96
2018-10-05,West,Technology,Accessories,Home Office,63.824
2018-10-05,West,Technology,Phones,Corporate,7.992
2018-10-06,East,Office Supplies,Paper,Consumer,150.17999999999998
2018-10-06,East,Office Supplies,Paper,Corporate,40.99
2018-10-06,East,Office Supplies,Paper,Home Office,17.04
2018-10-06,East,Office Supplies,Storage,Home Office,344.91
2018-10-06,East,Technology,Accessories,Home Office,319.96
2018-10-06,West,Furniture,Furnishings,Home Office,41.96
2018-10-06,West,Office Supplies,Appliances,Home Office,227.84
2018-10-06,West,Office Supplies,Paper,Home Office,37.94
2018-10-07,Central,Office Supplies,Binders,Consumer,4.24
2018-10-07,Central,Office Supplies,Storage,Consumer,85.52
2018-10-07,South,Furniture,Tables,Home Office,154.764
2018-10-07,South,Office Supplies,Binders,Home Office,50.454
2018-10-07,South,Office Supplies,Fasteners,Home Office,18.936
2018-10-07,South,Office Supplies,Storage,Home Office,580.672
2018-10-07,South,Technology,Phones,Home Office,222.384
2018-10-07,West,Furniture,Bookcases,Consumer,307.666
2018-10-07,West,Technology,Accessories,Consumer,1115.91
2018-10-07,West,Technology,Phones,Consumer,208.664
2018-10-08,East,Furniture,Chairs,Consumer,145.764
2018-10-08,East,Office Supplies,Storage,Corporate,42.76
2018-10-08,West,Office Supplies,Storage,Corporate,40.68
2018-10-08,West,Technology,Accessories,Corporate,275.96000000000004
2018-10-08,West,Technology,Phones,Corporate,103.192
2018-10-09,Central,Furniture,Chairs,Consumer,254.058
2018-10-09,Central,Furniture,Tables,Corporate,719.095
2018-10-09,Central,Office Supplies,Art,Consumer,67.144
2018-10-09,East,Furniture,Bookcases,Consumer,314.352
2018-10-09,East,Furniture,Furnishings,Corporate,45.888
2018-10-09,East,Office Supplies,Binders,Consumer,31.055999999999997
2018-10-09,East,Office Supplies,Paper,Consumer,18.98
2018-10-09,South,Office Supplies,Paper,Consumer,10.816
2018-10-09,West,Office Supplies,Paper,Consumer,35.2
2018-10-10,Central,Furniture,Chairs,Consumer,239.358
2018-10-12,Central,Furniture,Chairs,Home Office,254.604
2018-10-12,Central,Office Supplies,Paper,Home Office,10.368
2018-10-12,Central,Technology,Accessories,Corporate,39.984
2018-10-12,Central,Technology,Accessories,Home Office,791.88
2018-10-12,Central,Technology,Phones,Home Office,369.544
2018-10-12,East,Furniture,Bookcases,Consumer,2154.9
2018-10-12,East,Furniture,Furnishings,Consumer,40.48
2018-10-12,East,Furniture,Tables,Consumer,673.344
2018-10-12,East,Office Supplies,Fasteners,Consumer,17.9
2018-10-12,East,Technology,Accessories,Consumer,45.0
2018-10-12,South,Office Supplies,Paper,Home Office,7.968
2018-10-12,West,Office Supplies,Art,Consumer,5.88
2018-10-12,West,Office Supplies,Binders,Corporate,79.872
2018-10-12,West,Office Supplies,Binders,Home Office,101.84
2018-10-12,West,Technology,Accessories,Consumer,435.84
2018-10-12,West,Technology,Accessories,Corporate,595.0
2018-10-12,West,Technology,Accessories,Home Office,0.99
2018-10-13,Central,Furniture,Furnishings,Consumer,10.476
2018-10-13,Central,Office Supplies,Binders,Consumer,96.784
2018-10-13,Central,Office Supplies,Paper,Consumer,63.312
2018-10-13,East,Office Supplies,Appliances,Consumer,904.9
2018-10-13,East,Office Supplies,Labels,Corporate,24.84
2018-10-13,East,Office Supplies,Paper,Corporate,29.823999999999998
2018-10-13,East,Office Supplies,Storage,Corporate,59.712
2018-10-13,South,Furniture,Tables,Consumer,1504.52
2018-10-13,South,Office Supplies,Labels,Consumer,11.07
2018-10-13,South,Office Supplies,Paper,Consumer,25.92
2018-10-13,South,Office Supplies,Storage,Consumer,348.56
2018-10-13,West,Office Supplies,Binders,Corporate,5083.96
2018-10-13,West,Technology,Accessories,Corporate,209.94
2018-10-13,West,Technology,Phones,Corporate,31.984
2018-10-14,Central,Office Supplies,Binders,Home Office,40.852000000000004
2018-10-14,East,Office Supplies,Binders,Home Office,37.66
2018-10-14,West,Furniture,Furnishings,Consumer,9.46
2018-10-14,West,Technology,Accessories,Consumer,46.36
2018-10-15,East,Office Supplies,Labels,Corporate,13.05
2018-10-15,West,Furniture,Furnishings,Corporate,22.72
2018-10-15,West,Furniture,Tables,Corporate,510.24
2018-10-15,West,Office Supplies,Art,Corporate,11.68
2018-10-15,West,Office Supplies,Art,Home Office,87.92
2018-10-15,West,Office Supplies,Labels,Consumer,14.73
2018-10-15,West,Office Supplies,Labels,Corporate,152.65
2018-10-15,West,Office Supplies,Paper,Corporate,204.95
2018-10-16,East,Furniture,Furnishings,Corporate,547.3
2018-10-16,South,Furniture,Tables,Corporate,1875.258
2018-10-16,South,Office Supplies,Binders,Consumer,124.75
2018-10-16,South,Technology,Accessories,Corporate,18.528
2018-10-16,West,Office Supplies,Paper,Corporate,307.776
2018-10-16,West,Technology,Machines,Home Office,599.985
2018-10-17,East,Office Supplies,Paper,Corporate,12.96
2018-10-17,East,Office Supplies,Storage,Corporate,49.96
2018-10-17,West,Office Supplies,Art,Consumer,10.64
2018-10-17,West,Technology,Phones,Corporate,52.792
2018-10-19,Central,Furniture,Bookcases,Consumer,328.3992
2018-10-19,Central,Furniture,Tables,Consumer,91.275
2018-10-19,Central,Office Supplies,Binders,Consumer,2.072
2018-10-19,Central,Office Supplies,Paper,Home Office,29.472
2018-10-19,Central,Technology,Phones,Consumer,16.68
2018-10-19,East,Furniture,Furnishings,Corporate,56.56
2018-10-19,East,Office Supplies,Art,Corporate,123.256
2018-10-19,East,Office Supplies,Paper,Corporate,23.68
2018-10-19,East,Office Supplies,Storage,Corporate,32.7
2018-10-19,East,Technology,Phones,Corporate,309.576
2018-10-19,South,Office Supplies,Binders,Home Office,1633.188
2018-10-19,West,Furniture,Furnishings,Corporate,30.56
2018-10-19,West,Furniture,Tables,Corporate,24.368
2018-10-19,West,Office Supplies,Binders,Consumer,39.624
2018-10-19,West,Office Supplies,Envelopes,Corporate,8.96
2018-10-19,West,Office Supplies,Labels,Corporate,31.5
2018-10-20,East,Furniture,Tables,Corporate,284.364
2018-10-20,East,Office Supplies,Labels,Home Office,24.55
2018-10-20,East,Office Supplies,Paper,Home Office,45.528
2018-10-20,East,Office Supplies,Storage,Corporate,665.408
2018-10-20,South,Furniture,Furnishings,Consumer,43.936
2018-10-20,South,Office Supplies,Art,Consumer,17.808
2018-10-20,South,Office Supplies,Binders,Consumer,145.85
2018-10-20,South,Office Supplies,Paper,Consumer,46.632
2018-10-20,South,Office Supplies,Paper,Corporate,14.352
2018-10-20,South,Office Supplies,Storage,Consumer,4.768
2018-10-20,South,Technology,Phones,Corporate,15.984
2018-10-20,West,Office Supplies,Binders,Corporate,20.928
2018-10-20,West,Office Supplies,Labels,Corporate,3.75
2018-10-21,Central,Furniture,Tables,Home Office,262.11
2018-10-21,Central,Office Supplies,Appliances,Consumer,23.992
2018-10-21,Central,Office Supplies,Binders,Corporate,60.72
2018-10-21,Central,Office Supplies,Storage,Corporate,909.12
2018-10-21,Central,Technology,Phones,Home Office,1439.92
2018-10-21,East,Office Supplies,Appliances,Home Office,161.568
2018-10-21,East,Office Supplies,Binders,Home Office,6.216
2018-10-21,East,Office Supplies,Paper,Home Office,4.064
2018-10-21,East,Office Supplies,Storage,Consumer,71.376
2018-10-21,East,Technology,Phones,Consumer,329.988
2018-10-21,South,Furniture,Chairs,Home Office,683.952
2018-10-21,South,Furniture,Furnishings,Home Office,45.696
2018-10-21,South,Office Supplies,Art,Home Office,17.856
2018-10-21,West,Furniture,Chairs,Corporate,478.48
2018-10-21,West,Office Supplies,Binders,Consumer,8.559
2018-10-21,West,Office Supplies,Paper,Corporate,5.184
2018-10-21,West,Technology,Accessories,Corporate,28.4
2018-10-22,Central,Furniture,Tables,Consumer,248.98
2018-10-22,Central,Office Supplies,Art,Home Office,36.44
2018-10-22,Central,Office Supplies,Storage,Consumer,333.09
2018-10-22,East,Office Supplies,Envelopes,Corporate,31.68
2018-10-22,East,Office Supplies,Envelopes,Home Office,63.9
2018-10-22,East,Technology,Copiers,Home Office,11199.968
2018-10-22,East,Technology,Phones,Corporate,32.7
2018-10-22,East,Technology,Phones,Home Office,2452.5899999999997
2018-10-22,West,Furniture,Chairs,Consumer,579.136
2018-10-22,West,Furniture,Tables,Corporate,177.225
2018-10-22,West,Office Supplies,Binders,Consumer,3.168
2018-10-23,Central,Office Supplies,Art,Consumer,10.272
2018-10-23,Central,Office Supplies,Binders,Consumer,13.326
2018-10-23,Central,Office Supplies,Storage,Consumer,272.85600000000005
2018-10-23,Central,Technology,Accessories,Consumer,55.2
2018-10-23,Central,Technology,Phones,Consumer,823.96
2018-10-23,East,Furniture,Furnishings,Corporate,314.76
2018-10-23,East,Furniture,Tables,Corporate,878.64
2018-10-23,East,Office Supplies,Appliances,Corporate,2.22
2018-10-23,East,Office Supplies,Paper,Corporate,81.4
2018-10-23,East,Technology,Phones,Corporate,35.88
2018-10-23,South,Technology,Phones,Consumer,863.88
2018-10-24,Central,Furniture,Tables,Consumer,517.405
2018-10-24,South,Office Supplies,Fasteners,Consumer,11.68
2018-10-26,Central,Office Supplies,Labels,Consumer,6.16
2018-10-26,Central,Office Supplies,Storage,Home Office,55.616
2018-10-26,Central,Technology,Accessories,Consumer,19.99
2018-10-26,East,Office Supplies,Binders,Consumer,33.282
2018-10-26,East,Office Supplies,Binders,Corporate,81.438
2018-10-26,East,Office Supplies,Labels,Consumer,14.76
2018-10-26,East,Technology,Phones,Consumer,118.65
2018-10-26,East,Technology,Phones,Corporate,61.542
2018-10-26,South,Furniture,Tables,Consumer,356.85
2018-10-26,South,Office Supplies,Envelopes,Consumer,251.58
2018-10-27,Central,Office Supplies,Art,Home Office,7.056
2018-10-27,Central,Office Supplies,Envelopes,Corporate,15.84
2018-10-27,Central,Office Supplies,Paper,Corporate,8.448
2018-10-27,Central,Technology,Phones,Home Office,27.184
2018-10-27,South,Office Supplies,Art,Corporate,6.576
2018-10-27,South,Office Supplies,Binders,Corporate,5.607
2018-10-27,South,Office Supplies,Paper,Corporate,56.784
2018-10-27,West,Furniture,Bookcases,Corporate,556.665
2018-10-27,West,Furniture,Tables,Corporate,189.576
2018-10-27,West,Office Supplies,Paper,Home Office,44.784
2018-10-27,West,Technology,Phones,Corporate,167.8
2018-10-28,Central,Office Supplies,Paper,Consumer,15.552
2018-10-28,Central,Technology,Accessories,Consumer,50.176
2018-10-28,East,Office Supplies,Envelopes,Corporate,47.98
2018-10-28,East,Office Supplies,Labels,Consumer,21.93
2018-10-28,South,Furniture,Furnishings,Consumer,77.952
2018-10-28,South,Office Supplies,Paper,Consumer,47.952
2018-10-28,South,Office Supplies,Storage,Consumer,147.184
2018-10-29,East,Office Supplies,Paper,Corporate,46.96
2018-10-30,Central,Furniture,Furnishings,Consumer,16.192
2018-10-30,Central,Furniture,Tables,Consumer,251.006
2018-10-30,Central,Office Supplies,Storage,Consumer,54.192
2018-10-30,East,Furniture,Furnishings,Consumer,7.168
2018-10-30,East,Office Supplies,Paper,Consumer,20.736
2018-10-30,East,Office Supplies,Storage,Consumer,11.168
2018-10-30,East,Technology,Accessories,Consumer,442.4
2018-10-30,South,Furniture,Chairs,Home Office,33.94
2018-10-30,South,Office Supplies,Labels,Home Office,30.0
2018-10-30,South,Office Supplies,Storage,Home Office,105.98
2018-10-30,South,Office Supplies,Supplies,Home Office,35.06
2018-10-30,West,Furniture,Bookcases,Consumer,199.98
2018-10-30,West,Furniture,Chairs,Consumer,783.8320000000001
2018-10-30,West,Furniture,Furnishings,Corporate,9.64
2018-10-30,West,Office Supplies,Appliances,Consumer,1702.12
2018-10-30,West,Office Supplies,Art,Consumer,19.9
2018-10-30,West,Office Supplies,Binders,Consumer,102.65599999999999
2018-10-30,West,Office Supplies,Labels,Consumer,43.86
2018-10-30,West,Office Supplies,Paper,Consumer,7.42
2018-10-30,West,Technology,Phones,Consumer,148.48
2018-10-31,Central,Office Supplies,Art,Home Office,5.248
2018-10-31,Central,Office Supplies,Envelopes,Corporate,9.912
2018-10-31,Central,Technology,Phones,Corporate,508.768
2018-11-01,East,Office Supplies,Paper,Consumer,230.69
2018-11-01,West,Furniture,Tables,Consumer,2665.62
2018-11-01,West,Office Supplies,Binders,Consumer,25.12
2018-11-02,Central,Office Supplies,Appliances,Consumer,83.9
2018-11-02,Central,Office Supplies,Art,Corporate,82.116
2018-11-02,Central,Office Supplies,Fasteners,Corporate,18.24
2018-11-02,Central,Office Supplies,Paper,Consumer,11.76
2018-11-02,East,Furniture,Chairs,Home Office,155.372
2018-11-02,East,Furniture,Furnishings,Corporate,3.312
2018-11-02,East,Office Supplies,Appliances,Corporate,20.136
2018-11-02,East,Office Supplies,Envelopes,Corporate,8.856
2018-11-02,East,Office Supplies,Supplies,Corporate,384.592
2018-11-02,East,Technology,Phones,Corporate,859.2
2018-11-02,South,Furniture,Chairs,Corporate,975.92
2018-11-02,South,Office Supplies,Art,Consumer,5.56
2018-11-02,South,Office Supplies,Envelopes,Corporate,5.32
2018-11-02,South,Office Supplies,Storage,Corporate,59.92
2018-11-02,South,Technology,Accessories,Corporate,2249.91
2018-11-02,West,Furniture,Furnishings,Home Office,25.02
2018-11-02,West,Office Supplies,Appliances,Consumer,168.1
2018-11-02,West,Office Supplies,Art,Home Office,8.8
2018-11-02,West,Office Supplies,Binders,Home Office,590.352
2018-11-02,West,Office Supplies,Envelopes,Home Office,76.58
2018-11-02,West,Office Supplies,Fasteners,Home Office,5.58
2018-11-02,West,Office Supplies,Paper,Consumer,19.44
2018-11-02,West,Office Supplies,Paper,Corporate,23.85
2018-11-02,West,Office Supplies,Storage,Home Office,452.55
2018-11-03,Central,Office Supplies,Labels,Consumer,14.94
2018-11-03,Central,Office Supplies,Paper,Consumer,8.56
2018-11-03,Central,Office Supplies,Storage,Consumer,52.4
2018-11-03,East,Office Supplies,Binders,Consumer,11.673
2018-11-03,East,Technology,Accessories,Consumer,40.776
2018-11-03,South,Furniture,Furnishings,Corporate,15.992
2018-11-03,South,Office Supplies,Art,Consumer,55.984
2018-11-03,South,Office Supplies,Binders,Consumer,4.086
2018-11-03,South,Office Supplies,Labels,Corporate,12.39
2018-11-03,South,Office Supplies,Paper,Consumer,26.96
2018-11-03,South,Office Supplies,Paper,Corporate,26.4
2018-11-03,South,Technology,Copiers,Consumer,959.984
2018-11-03,South,Technology,Phones,Corporate,361.376
2018-11-03,West,Furniture,Chairs,Corporate,307.136
2018-11-03,West,Furniture,Furnishings,Consumer,41.37
2018-11-03,West,Furniture,Tables,Consumer,486.368
2018-11-03,West,Furniture,Tables,Home Office,1673.184
2018-11-03,West,Office Supplies,Binders,Corporate,18.368
2018-11-03,West,Office Supplies,Paper,Consumer,35.88
2018-11-03,West,Office Supplies,Paper,Corporate,139.86
2018-11-03,West,Technology,Accessories,Consumer,43.5
2018-11-03,West,Technology,Accessories,Home Office,199.75
2018-11-04,Central,Office Supplies,Binders,Home Office,13.088
2018-11-04,Central,Office Supplies,Labels,Home Office,23.68
2018-11-04,Central,Office Supplies,Storage,Home Office,52.752
2018-11-04,East,Office Supplies,Storage,Corporate,194.352
2018-11-04,East,Technology,Accessories,Corporate,70.72
2018-11-04,South,Furniture,Tables,Corporate,523.764
2018-11-04,South,Office Supplies,Appliances,Corporate,167.44
2018-11-04,South,Office Supplies,Art,Home Office,4.3
2018-11-04,South,Office Supplies,Binders,Consumer,3.564
2018-11-04,South,Office Supplies,Labels,Consumer,4.928
2018-11-04,South,Office Supplies,Paper,Home Office,9.664
2018-11-04,South,Technology,Accessories,Consumer,95.976
2018-11-04,South,Technology,Machines,Corporate,7999.98
2018-11-04,South,Technology,Phones,Consumer,143.928
2018-11-04,South,Technology,Phones,Corporate,1359.96
2018-11-05,Central,Office Supplies,Binders,Corporate,16.03
2018-11-05,Central,Office Supplies,Paper,Home Office,240.14999999999998
2018-11-05,Central,Technology,Phones,Corporate,492.768
2018-11-05,East,Furniture,Chairs,Consumer,128.124
2018-11-05,East,Furniture,Furnishings,Consumer,101.4
2018-11-05,East,Furniture,Tables,Consumer,166.5
2018-11-05,East,Office Supplies,Binders,Consumer,176.112
2018-11-05,East,Office Supplies,Paper,Consumer,123.91999999999999
2018-11-05,East,Technology,Accessories,Consumer,390.75
2018-11-05,East,Technology,Phones,Consumer,99.98
2018-11-05,West,Office Supplies,Binders,Consumer,2.388
2018-11-05,West,Office Supplies,Paper,Consumer,12.96
2018-11-05,West,Office Supplies,Storage,Consumer,243.992
2018-11-05,West,Technology,Accessories,Corporate,159.99
2018-11-06,Central,Furniture,Furnishings,Consumer,30.56
2018-11-06,Central,Office Supplies,Art,Home Office,13.9
2018-11-06,Central,Office Supplies,Binders,Consumer,1.248
2018-11-06,Central,Office Supplies,Paper,Home Office,26.38
2018-11-06,Central,Office Supplies,Storage,Consumer,18.16
2018-11-06,East,Furniture,Chairs,Consumer,127.372
2018-11-06,East,Office Supplies,Paper,Consumer,366.912
2018-11-06,East,Office Supplies,Storage,Home Office,46.26
2018-11-06,South,Furniture,Furnishings,Consumer,28.272
2018-11-06,South,Office Supplies,Appliances,Consumer,499.584
2018-11-06,South,Office Supplies,Binders,Consumer,13.272
2018-11-06,South,Office Supplies,Paper,Consumer,31.104
2018-11-06,South,Office Supplies,Paper,Corporate,5.78
2018-11-06,South,Office Supplies,Storage,Consumer,259.136
2018-11-06,West,Furniture,Chairs,Home Office,449.568
2018-11-06,West,Furniture,Furnishings,Consumer,8.73
2018-11-06,West,Furniture,Tables,Home Office,2036.86
2018-11-06,West,Office Supplies,Art,Consumer,5.68
2018-11-06,West,Office Supplies,Binders,Home Office,5.682
2018-11-06,West,Office Supplies,Envelopes,Consumer,15.28
2018-11-06,West,Office Supplies,Labels,Home Office,41.4
2018-11-06,West,Office Supplies,Paper,Home Office,131.7
2018-11-06,West,Technology,Accessories,Home Office,125.91
2018-11-07,Central,Office Supplies,Binders,Consumer,38.16
2018-11-07,East,Furniture,Chairs,Corporate,272.97
2018-11-07,East,Furniture,Tables,Consumer,350.352
2018-11-07,East,Office Supplies,Appliances,Consumer,100.94
2018-11-07,East,Technology,Accessories,Consumer,7.88
2018-11-07,East,Technology,Phones,Consumer,359.97
2018-11-07,West,Office Supplies,Binders,Consumer,21.792
2018-11-07,West,Technology,Accessories,Consumer,439.8
2018-11-07,West,Technology,Accessories,Home Office,59.97
2018-11-07,West,Technology,Phones,Home Office,761.544
2018-11-08,East,Furniture,Furnishings,Corporate,274.2
2018-11-08,East,Office Supplies,Art,Home Office,109.9
2018-11-09,East,Furniture,Furnishings,Home Office,96.53
2018-11-09,East,Office Supplies,Binders,Corporate,9.64
2018-11-09,East,Office Supplies,Storage,Corporate,2177.52
2018-11-09,East,Technology,Accessories,Corporate,826.62
2018-11-09,South,Technology,Accessories,Home Office,191.976
2018-11-09,South,Technology,Phones,Home Office,499.168
2018-11-09,West,Furniture,Chairs,Corporate,739.368
2018-11-09,West,Furniture,Furnishings,Consumer,47.12
2018-11-09,West,Office Supplies,Storage,Corporate,63.56
2018-11-09,West,Technology,Accessories,Corporate,99.99
2018-11-10,Central,Furniture,Furnishings,Corporate,341.96
2018-11-10,East,Office Supplies,Binders,Corporate,931.176
2018-11-10,East,Technology,Phones,Corporate,430.88
2018-11-10,South,Office Supplies,Binders,Home Office,11.52
2018-11-10,West,Furniture,Chairs,Corporate,899.136
2018-11-10,West,Furniture,Chairs,Home Office,241.424
2018-11-10,West,Office Supplies,Appliances,Consumer,400.8
2018-11-10,West,Office Supplies,Art,Home Office,7.8
2018-11-10,West,Office Supplies,Binders,Consumer,28.792
2018-11-10,West,Office Supplies,Binders,Corporate,64.74
2018-11-10,West,Technology,Accessories,Consumer,111.79
2018-11-10,West,Technology,Accessories,Corporate,239.952
2018-11-10,West,Technology,Machines,Corporate,95.994
2018-11-10,West,Technology,Phones,Corporate,201.584
2018-11-11,Central,Office Supplies,Art,Consumer,181.86
2018-11-11,Central,Office Supplies,Binders,Consumer,18.336
2018-11-11,Central,Office Supplies,Binders,Home Office,18.24
2018-11-11,Central,Office Supplies,Fasteners,Consumer,45.92
2018-11-11,Central,Office Supplies,Labels,Consumer,10.44
2018-11-11,Central,Office Supplies,Supplies,Consumer,25.5
2018-11-11,Central,Technology,Phones,Consumer,35.184
2018-11-11,East,Office Supplies,Paper,Home Office,10.368
2018-11-11,East,Office Supplies,Storage,Consumer,35.48
2018-11-11,South,Furniture,Furnishings,Consumer,88.92
2018-11-11,South,Office Supplies,Appliances,Corporate,1158.12
2018-11-11,West,Furniture,Furnishings,Home Office,34.92
2018-11-11,West,Office Supplies,Appliances,Consumer,10.89
2018-11-11,West,Office Supplies,Binders,Consumer,121.6
2018-11-11,West,Office Supplies,Paper,Consumer,19.44
2018-11-12,Central,Furniture,Furnishings,Home Office,22.848
2018-11-12,Central,Office Supplies,Binders,Home Office,30.56
2018-11-12,Central,Office Supplies,Envelopes,Home Office,12.224
2018-11-12,Central,Office Supplies,Paper,Consumer,239.11200000000002
2018-11-12,Central,Office Supplies,Storage,Consumer,540.048
2018-11-12,Central,Office Supplies,Storage,Home Office,77.952
2018-11-12,Central,Technology,Accessories,Home Office,44.784
2018-11-12,Central,Technology,Phones,Home Office,67.992
2018-11-12,East,Office Supplies,Binders,Corporate,15.92
2018-11-12,East,Office Supplies,Paper,Corporate,10.848
2018-11-12,East,Office Supplies,Storage,Consumer,221.024
2018-11-12,East,Technology,Accessories,Corporate,18.544
2018-11-12,East,Technology,Phones,Corporate,370.782
2018-11-12,South,Office Supplies,Paper,Consumer,26.72
2018-11-12,West,Furniture,Chairs,Home Office,113.888
2018-11-12,West,Furniture,Furnishings,Home Office,113.568
2018-11-12,West,Office Supplies,Appliances,Consumer,76.12
2018-11-12,West,Office Supplies,Art,Consumer,9.21
2018-11-12,West,Office Supplies,Binders,Corporate,14.016
2018-11-12,West,Office Supplies,Fasteners,Consumer,18.24
2018-11-12,West,Office Supplies,Labels,Consumer,9.96
2018-11-12,West,Office Supplies,Paper,Consumer,11.56
2018-11-12,West,Office Supplies,Paper,Corporate,10.56
2018-11-12,West,Office Supplies,Paper,Home Office,23.12
2018-11-12,West,Office Supplies,Supplies,Consumer,27.93
2018-11-12,West,Technology,Accessories,Corporate,62.352
2018-11-12,West,Technology,Accessories,Home Office,41.6
2018-11-12,West,Technology,Phones,Home Office,679.904
2018-11-13,Central,Furniture,Bookcases,Corporate,205.9992
2018-11-13,Central,Office Supplies,Appliances,Home Office,9.324
2018-11-13,Central,Office Supplies,Storage,Corporate,61.792
2018-11-13,Central,Office Supplies,Storage,Home Office,230.376
2018-11-13,East,Furniture,Furnishings,Corporate,154.95
2018-11-13,East,Office Supplies,Binders,Corporate,11.22
2018-11-13,East,Office Supplies,Storage,Consumer,11.21
2018-11-13,East,Technology,Accessories,Corporate,60.864
2018-11-13,East,Technology,Accessories,Home Office,163.96
2018-11-13,East,Technology,Machines,Corporate,652.995
2018-11-13,East,Technology,Phones,Corporate,673.5500000000001
2018-11-13,South,Office Supplies,Art,Consumer,2.064
2018-11-13,South,Office Supplies,Paper,Consumer,8.904
2018-11-13,South,Office Supplies,Storage,Consumer,720.064
2018-11-13,South,Technology,Accessories,Consumer,239.92
2018-11-13,West,Furniture,Chairs,Consumer,2404.704
2018-11-13,West,Office Supplies,Binders,Consumer,563.024
2018-11-13,West,Office Supplies,Labels,Consumer,8.64
2018-11-13,West,Office Supplies,Storage,Consumer,344.91
2018-11-13,West,Technology,Accessories,Consumer,82.95
2018-11-13,West,Technology,Phones,Consumer,22.0
2018-11-14,Central,Office Supplies,Art,Consumer,45.04
2018-11-14,Central,Office Supplies,Binders,Consumer,21.99
2018-11-14,Central,Office Supplies,Envelopes,Home Office,15.28
2018-11-14,Central,Technology,Accessories,Consumer,167.952
2018-11-14,East,Office Supplies,Binders,Consumer,12.288
2018-11-14,East,Office Supplies,Storage,Corporate,96.36
2018-11-14,East,Technology,Phones,Consumer,119.94
2018-11-14,West,Furniture,Chairs,Corporate,321.568
2018-11-14,West,Office Supplies,Art,Consumer,34.24
2018-11-15,South,Furniture,Furnishings,Consumer,559.2
2018-11-16,East,Office Supplies,Art,Corporate,86.352
2018-11-16,East,Office Supplies,Binders,Corporate,1.824
2018-11-16,East,Office Supplies,Paper,Consumer,146.82
2018-11-16,East,Technology,Accessories,Corporate,139.96
2018-11-16,East,Technology,Copiers,Corporate,899.982
2018-11-16,East,Technology,Machines,Home Office,52.44
2018-11-16,East,Technology,Phones,Consumer,119.94
2018-11-16,West,Furniture,Furnishings,Consumer,289.59
2018-11-16,West,Office Supplies,Art,Home Office,23.36
2018-11-16,West,Office Supplies,Paper,Consumer,73.68
2018-11-16,West,Office Supplies,Storage,Consumer,893.43
2018-11-16,West,Technology,Machines,Corporate,1919.976
2018-11-16,West,Technology,Phones,Consumer,107.88
2018-11-17,Central,Furniture,Bookcases,Consumer,327.7328
2018-11-17,Central,Technology,Accessories,Consumer,239.96
2018-11-17,East,Furniture,Furnishings,Consumer,187.76
2018-11-17,East,Office Supplies,Art,Consumer,50.94
2018-11-17,East,Office Supplies,Binders,Consumer,43.8
2018-11-17,East,Office Supplies,Paper,Consumer,38.88
2018-11-17,East,Office Supplies,Storage,Corporate,1247.64
2018-11-17,East,Technology,Copiers,Consumer,10499.97
2018-11-17,South,Office Supplies,Appliances,Consumer,35.04
2018-11-17,South,Office Supplies,Paper,Consumer,268.24
2018-11-17,South,Technology,Accessories,Consumer,431.16
2018-11-17,West,Office Supplies,Binders,Corporate,18.062
2018-11-17,West,Office Supplies,Paper,Corporate,19.608
2018-11-18,Central,Furniture,Chairs,Consumer,127.386
2018-11-18,Central,Furniture,Furnishings,Corporate,5.82
2018-11-18,Central,Furniture,Furnishings,Home Office,19.76
2018-11-18,Central,Office Supplies,Envelopes,Consumer,55.584
2018-11-18,Central,Office Supplies,Labels,Corporate,7.38
2018-11-18,Central,Office Supplies,Storage,Corporate,130.28
2018-11-18,East,Office Supplies,Art,Corporate,38.864
2018-11-18,East,Technology,Phones,Consumer,74.95
2018-11-18,South,Office Supplies,Appliances,Corporate,389.056
2018-11-18,South,Office Supplies,Binders,Corporate,20.232
2018-11-18,South,Office Supplies,Paper,Consumer,44.384
2018-11-18,South,Office Supplies,Paper,Corporate,62.208
2018-11-18,South,Office Supplies,Storage,Corporate,81.36
2018-11-18,South,Office Supplies,Supplies,Consumer,2.944
2018-11-18,West,Office Supplies,Binders,Consumer,8.448
2018-11-18,West,Office Supplies,Fasteners,Consumer,2.96
2018-11-18,West,Office Supplies,Storage,Consumer,265.62
2018-11-18,West,Technology,Accessories,Consumer,132.52
2018-11-19,Central,Furniture,Chairs,Consumer,424.116
2018-11-19,Central,Furniture,Chairs,Corporate,305.312
2018-11-19,Central,Furniture,Furnishings,Consumer,15.992
2018-11-19,Central,Furniture,Tables,Consumer,219.075
2018-11-19,Central,Furniture,Tables,Corporate,718.116
2018-11-19,Central,Office Supplies,Art,Consumer,112.17599999999999
2018-11-19,Central,Office Supplies,Art,Corporate,31.776
2018-11-19,Central,Office Supplies,Binders,Consumer,1525.188
2018-11-19,Central,Office Supplies,Paper,Consumer,16.896
2018-11-19,Central,Office Supplies,Supplies,Consumer,6.672
2018-11-19,East,Furniture,Tables,Home Office,79.974
2018-11-19,East,Office Supplies,Appliances,Corporate,2504.74
2018-11-19,East,Office Supplies,Binders,Consumer,59.913
2018-11-19,East,Office Supplies,Binders,Home Office,99.688
2018-11-19,East,Office Supplies,Envelopes,Corporate,16.74
2018-11-19,East,Office Supplies,Paper,Home Office,13.36
2018-11-19,South,Furniture,Furnishings,Consumer,821.88
2018-11-19,South,Office Supplies,Art,Consumer,22.96
2018-11-19,South,Office Supplies,Binders,Consumer,21.96
2018-11-19,South,Office Supplies,Fasteners,Consumer,25.06
2018-11-19,West,Furniture,Furnishings,Consumer,18.7
2018-11-19,West,Office Supplies,Storage,Consumer,305.01
2018-11-19,West,Technology,Phones,Consumer,31.968
2018-11-20,Central,Office Supplies,Art,Consumer,22.0
2018-11-20,East,Furniture,Bookcases,Consumer,183.968
2018-11-20,East,Furniture,Furnishings,Consumer,82.256
2018-11-20,East,Furniture,Furnishings,Corporate,50.97
2018-11-20,East,Office Supplies,Art,Consumer,68.97
2018-11-20,East,Office Supplies,Paper,Consumer,46.76
2018-11-20,East,Technology,Accessories,Corporate,2.97
2018-11-20,East,Technology,Phones,Consumer,1259.97
2018-11-20,East,Technology,Phones,Corporate,569.99
2018-11-20,South,Furniture,Chairs,Consumer,209.568
2018-11-20,South,Furniture,Furnishings,Home Office,27.58
2018-11-20,South,Office Supplies,Art,Consumer,52.696
2018-11-20,West,Furniture,Chairs,Consumer,283.92
2018-11-20,West,Furniture,Furnishings,Consumer,42.6
2018-11-20,West,Office Supplies,Binders,Consumer,84.056
2018-11-21,Central,Technology,Phones,Consumer,55.176
2018-11-21,East,Furniture,Furnishings,Consumer,27.42
2018-11-21,East,Office Supplies,Paper,Consumer,8.448
2018-11-21,East,Office Supplies,Storage,Consumer,39.296
2018-11-21,West,Furniture,Tables,Consumer,70.98
2018-11-21,West,Office Supplies,Appliances,Home Office,8.62
2018-11-21,West,Office Supplies,Art,Corporate,11.76
2018-11-21,West,Office Supplies,Art,Home Office,5.56
2018-11-21,West,Office Supplies,Binders,Consumer,150.8
2018-11-21,West,Office Supplies,Binders,Corporate,40.736
2018-11-21,West,Office Supplies,Fasteners,Home Office,9.02
2018-11-21,West,Office Supplies,Paper,Consumer,51.84
2018-11-21,West,Office Supplies,Storage,Home Office,56.56
2018-11-21,West,Technology,Machines,Consumer,1039.992
2018-11-21,West,Technology,Phones,Home Office,659.976
2018-11-22,Central,Office Supplies,Art,Consumer,35.712
2018-11-23,Central,Furniture,Furnishings,Consumer,6.464
2018-11-23,Central,Furniture,Furnishings,Corporate,28.4
2018-11-23,Central,Furniture,Tables,Corporate,127.785
2018-11-23,Central,Office Supplies,Binders,Corporate,294.024
2018-11-23,Central,Office Supplies,Labels,Consumer,11.52
2018-11-23,Central,Office Supplies,Paper,Corporate,125.28
2018-11-23,Central,Office Supplies,Supplies,Consumer,4.36
2018-11-23,Central,Technology,Phones,Consumer,418.344
2018-11-23,East,Furniture,Furnishings,Consumer,24.048
2018-11-23,East,Office Supplies,Binders,Corporate,7.476
2018-11-23,South,Office Supplies,Art,Consumer,3.304
2018-11-23,South,Technology,Accessories,Consumer,74.112
2018-11-23,South,Technology,Phones,Consumer,27.992
2018-11-24,Central,Office Supplies,Appliances,Corporate,13.762
2018-11-24,Central,Office Supplies,Fasteners,Consumer,10.824
2018-11-24,Central,Office Supplies,Storage,Corporate,33.29
2018-11-24,East,Furniture,Bookcases,Consumer,321.568
2018-11-24,East,Furniture,Chairs,Corporate,977.292
2018-11-24,East,Office Supplies,Art,Consumer,16.38
2018-11-24,East,Office Supplies,Envelopes,Consumer,167.96
2018-11-24,East,Office Supplies,Paper,Consumer,12.96
2018-11-24,East,Office Supplies,Paper,Corporate,235.424
2018-11-24,East,Technology,Phones,Corporate,89.988
2018-11-24,South,Office Supplies,Binders,Corporate,358.52099999999996
2018-11-24,South,Office Supplies,Binders,Home Office,2.88
2018-11-24,South,Office Supplies,Envelopes,Corporate,64.848
2018-11-24,South,Office Supplies,Storage,Home Office,1443.96
2018-11-24,South,Technology,Phones,Corporate,79.1
2018-11-24,West,Furniture,Tables,Consumer,435.168
2018-11-24,West,Office Supplies,Art,Consumer,27.76
2018-11-24,West,Office Supplies,Binders,Consumer,20.724
2018-11-24,West,Office Supplies,Paper,Consumer,7.78
2018-11-24,West,Office Supplies,Storage,Consumer,415.872
2018-11-25,Central,Furniture,Chairs,Consumer,853.93
2018-11-25,Central,Office Supplies,Appliances,Consumer,67.84
2018-11-25,Central,Office Supplies,Art,Consumer,18.688
2018-11-25,Central,Office Supplies,Storage,Home Office,501.81
2018-11-25,Central,Technology,Phones,Consumer,299.96
2018-11-25,South,Furniture,Bookcases,Consumer,723.92
2018-11-25,South,Furniture,Chairs,Corporate,701.96
2018-11-25,South,Office Supplies,Paper,Consumer,48.87
2018-11-25,West,Furniture,Bookcases,Consumer,359.499
2018-11-25,West,Office Supplies,Art,Consumer,5.16
2018-11-25,West,Office Supplies,Paper,Corporate,34.08
2018-11-25,West,Office Supplies,Storage,Consumer,10.48
2018-11-25,West,Technology,Phones,Corporate,39.96
2018-11-26,Central,Furniture,Chairs,Home Office,828.6
2018-11-26,Central,Furniture,Furnishings,Consumer,126.3
2018-11-26,Central,Furniture,Furnishings,Home Office,27.46
2018-11-26,Central,Furniture,Tables,Home Office,257.94
2018-11-26,Central,Office Supplies,Binders,Consumer,33.568
2018-11-26,Central,Technology,Accessories,Consumer,38.04
2018-11-26,Central,Technology,Phones,Home Office,1969.94
2018-11-26,East,Furniture,Furnishings,Consumer,135.3
2018-11-26,East,Office Supplies,Appliances,Corporate,265.408
2018-11-26,East,Office Supplies,Appliances,Home Office,58.73
2018-11-26,East,Office Supplies,Binders,Home Office,93.344
2018-11-26,East,Technology,Phones,Consumer,1200.702
2018-11-26,South,Office Supplies,Art,Corporate,12.84
2018-11-27,Central,Furniture,Furnishings,Corporate,46.94
2018-11-27,Central,Office Supplies,Binders,Corporate,497.94
2018-11-27,Central,Office Supplies,Paper,Corporate,158.28
2018-11-27,Central,Technology,Accessories,Corporate,143.73
2018-11-27,East,Office Supplies,Art,Consumer,6.99
2018-11-27,East,Office Supplies,Binders,Consumer,107.424
2018-11-27,South,Office Supplies,Appliances,Consumer,43.584
2018-11-27,South,Office Supplies,Art,Consumer,8.76
2018-11-27,West,Furniture,Furnishings,Consumer,18.84
2018-11-27,West,Office Supplies,Binders,Consumer,117.488
2018-11-27,West,Office Supplies,Paper,Corporate,244.55
2018-11-27,West,Technology,Accessories,Corporate,166.16
2018-11-27,West,Technology,Phones,Consumer,57.568
2018-11-28,East,Furniture,Furnishings,Home Office,2593.82
2018-11-28,East,Furniture,Tables,Home Office,2065.32
2018-11-28,East,Office Supplies,Art,Home Office,1.64
2018-11-28,East,Office Supplies,Envelopes,Corporate,79.96
2018-11-28,East,Office Supplies,Paper,Home Office,40.896
2018-11-28,East,Technology,Phones,Corporate,1979.89
2018-11-28,West,Office Supplies,Labels,Consumer,62.65
2018-11-28,West,Office Supplies,Paper,Consumer,88.768
2018-11-29,South,Furniture,Chairs,Consumer,390.368
2018-11-29,South,Furniture,Furnishings,Consumer,101.52
2018-11-30,Central,Office Supplies,Fasteners,Consumer,2.368
2018-11-30,Central,Technology,Accessories,Corporate,95.976
2018-11-30,East,Furniture,Chairs,Consumer,1079.316
2018-11-30,East,Furniture,Chairs,Home Office,1242.9
2018-11-30,East,Office Supplies,Appliances,Home Office,663.936
2018-11-30,East,Office Supplies,Art,Consumer,155.94
2018-11-30,East,Office Supplies,Binders,Home Office,68.472
2018-11-30,East,Office Supplies,Storage,Home Office,353.05
2018-11-30,East,Technology,Phones,Home Office,546.06
2018-11-30,South,Furniture,Tables,Consumer,1781.682
2018-11-30,South,Office Supplies,Storage,Consumer,173.8
2018-11-30,South,Technology,Accessories,Consumer,383.976
2018-11-30,South,Technology,Phones,Home Office,71.976
2018-11-30,West,Furniture,Furnishings,Home Office,25.83
2018-12-01,Central,Furniture,Chairs,Consumer,317.058
2018-12-01,Central,Office Supplies,Binders,Consumer,15.92
2018-12-01,Central,Office Supplies,Fasteners,Consumer,52.29
2018-12-01,Central,Office Supplies,Paper,Corporate,10.368
2018-12-01,Central,Office Supplies,Storage,Consumer,175.91
2018-12-01,Central,Technology,Phones,Consumer,351.78
2018-12-01,East,Furniture,Chairs,Consumer,398.972
2018-12-01,East,Furniture,Chairs,Home Office,897.15
2018-12-01,East,Furniture,Furnishings,Consumer,79.12
2018-12-01,East,Furniture,Furnishings,Home Office,7.712
2018-12-01,East,Office Supplies,Binders,Consumer,25.521
2018-12-01,East,Office Supplies,Envelopes,Home Office,104.68
2018-12-01,East,Office Supplies,Labels,Consumer,15.936
2018-12-01,East,Office Supplies,Paper,Home Office,19.44
2018-12-01,East,Office Supplies,Storage,Consumer,258.942
2018-12-01,East,Technology,Accessories,Consumer,20.37
2018-12-01,East,Technology,Phones,Home Office,62.958
2018-12-01,West,Furniture,Bookcases,Consumer,141.96
2018-12-01,West,Furniture,Furnishings,Corporate,70.68
2018-12-01,West,Furniture,Furnishings,Home Office,629.64
2018-12-01,West,Office Supplies,Appliances,Consumer,31.152
2018-12-01,West,Office Supplies,Binders,Consumer,16.911
2018-12-01,West,Office Supplies,Binders,Corporate,15.92
2018-12-01,West,Office Supplies,Paper,Consumer,87.22
2018-12-01,West,Office Supplies,Storage,Corporate,541.24
2018-12-01,West,Technology,Phones,Consumer,982.328
2018-12-02,Central,Furniture,Furnishings,Consumer,8.752
2018-12-02,Central,Office Supplies,Appliances,Consumer,294.62
2018-12-02,Central,Office Supplies,Art,Corporate,12.16
2018-12-02,Central,Technology,Phones,Consumer,2479.96
2018-12-02,East,Office Supplies,Appliances,Consumer,286.86
2018-12-02,East,Office Supplies,Art,Corporate,19.728
2018-12-02,East,Office Supplies,Binders,Consumer,631.176
2018-12-02,East,Office Supplies,Supplies,Consumer,4.36
2018-12-02,East,Technology,Phones,Consumer,979.95
2018-12-02,East,Technology,Phones,Corporate,151.188
2018-12-02,South,Furniture,Chairs,Consumer,701.96
2018-12-02,South,Office Supplies,Art,Consumer,67.426
2018-12-02,South,Office Supplies,Art,Corporate,47.96
2018-12-02,South,Office Supplies,Binders,Home Office,45.66
2018-12-02,West,Furniture,Bookcases,Corporate,242.352
2018-12-02,West,Furniture,Chairs,Corporate,2065.736
2018-12-02,West,Furniture,Furnishings,Corporate,508.704
2018-12-02,West,Office Supplies,Appliances,Corporate,79.47
2018-12-02,West,Office Supplies,Art,Corporate,189.98000000000002
2018-12-02,West,Office Supplies,Binders,Consumer,67.86
2018-12-02,West,Office Supplies,Binders,Corporate,115.10400000000001
2018-12-02,West,Office Supplies,Paper,Corporate,129.34
2018-12-02,West,Office Supplies,Storage,Corporate,673.908
2018-12-02,West,Technology,Phones,Corporate,146.968
2018-12-03,Central,Furniture,Furnishings,Consumer,13.592
2018-12-03,Central,Office Supplies,Paper,Consumer,10.368
2018-12-03,East,Office Supplies,Binders,Consumer,98.544
2018-12-03,East,Office Supplies,Labels,Consumer,3.15
2018-12-03,East,Technology,Phones,Consumer,136.99
2018-12-03,South,Office Supplies,Appliances,Consumer,45.216
2018-12-03,South,Office Supplies,Binders,Consumer,28.782
2018-12-03,South,Office Supplies,Paper,Consumer,24.448
2018-12-03,South,Technology,Accessories,Consumer,47.992
2018-12-03,West,Furniture,Furnishings,Consumer,56.288
2018-12-03,West,Furniture,Tables,Home Office,521.96
2018-12-03,West,Office Supplies,Art,Consumer,13.344
2018-12-03,West,Office Supplies,Paper,Consumer,176.76
2018-12-03,West,Office Supplies,Supplies,Consumer,47.32
2018-12-03,West,Technology,Accessories,Consumer,179.088
2018-12-04,Central,Office Supplies,Art,Consumer,8.8
2018-12-04,Central,Office Supplies,Storage,Consumer,61.568
2018-12-04,Central,Technology,Accessories,Consumer,542.75
2018-12-04,East,Furniture,Chairs,Consumer,485.15999999999997
2018-12-04,East,Furniture,Chairs,Corporate,428.512
2018-12-04,East,Furniture,Furnishings,Consumer,12.99
2018-12-04,East,Furniture,Furnishings,Corporate,66.12
2018-12-04,East,Office Supplies,Art,Corporate,13.392
2018-12-04,East,Office Supplies,Binders,Consumer,5.346
2018-12-04,East,Office Supplies,Paper,Consumer,74.352
2018-12-04,East,Office Supplies,Paper,Corporate,23.92
2018-12-04,East,Technology,Accessories,Corporate,255.968
2018-12-04,South,Technology,Machines,Consumer,649.0
2018-12-04,West,Office Supplies,Paper,Corporate,11.76
2018-12-05,Central,Office Supplies,Appliances,Consumer,61.44
2018-12-05,Central,Office Supplies,Paper,Consumer,38.9
2018-12-05,Central,Technology,Accessories,Consumer,99.39
2018-12-05,East,Furniture,Furnishings,Consumer,41.96
2018-12-05,East,Furniture,Furnishings,Corporate,79.62
2018-12-05,East,Office Supplies,Appliances,Corporate,254.9
2018-12-05,East,Office Supplies,Labels,Consumer,20.52
2018-12-05,East,Office Supplies,Paper,Consumer,21.6
2018-12-05,East,Technology,Accessories,Corporate,205.03
2018-12-05,West,Furniture,Furnishings,Home Office,199.9
2018-12-05,West,Office Supplies,Binders,Consumer,39.792
2018-12-05,West,Office Supplies,Binders,Home Office,265.968
2018-12-05,West,Office Supplies,Paper,Consumer,92.94
2018-12-05,West,Technology,Phones,Home Office,31.176
2018-12-06,West,Office Supplies,Storage,Corporate,10.68
2018-12-07,Central,Office Supplies,Binders,Corporate,1889.99
2018-12-07,Central,Office Supplies,Fasteners,Corporate,3.552
2018-12-07,Central,Office Supplies,Paper,Corporate,15.552
2018-12-07,East,Technology,Accessories,Consumer,127.984
2018-12-07,South,Furniture,Furnishings,Consumer,82.38
2018-12-07,South,Office Supplies,Appliances,Consumer,320.64
2018-12-07,South,Technology,Accessories,Consumer,52.0
2018-12-07,West,Office Supplies,Paper,Home Office,50.04
2018-12-07,West,Technology,Phones,Consumer,374.376
2018-12-08,Central,Furniture,Bookcases,Consumer,459.92
2018-12-08,Central,Office Supplies,Appliances,Consumer,1089.75
2018-12-08,Central,Office Supplies,Labels,Consumer,61.06
2018-12-08,Central,Office Supplies,Paper,Consumer,27.52
2018-12-08,Central,Technology,Accessories,Consumer,178.11
2018-12-08,East,Furniture,Chairs,Consumer,215.544
2018-12-08,East,Furniture,Furnishings,Consumer,109.48
2018-12-08,East,Office Supplies,Art,Consumer,13.248
2018-12-08,East,Office Supplies,Paper,Consumer,19.44
2018-12-08,East,Office Supplies,Storage,Consumer,304.86
2018-12-08,East,Office Supplies,Storage,Home Office,592.74
2018-12-08,East,Technology,Phones,Consumer,83.988
2018-12-08,West,Furniture,Bookcases,Consumer,1336.829
2018-12-08,West,Furniture,Chairs,Consumer,113.568
2018-12-08,West,Furniture,Furnishings,Consumer,128.9
2018-12-08,West,Furniture,Tables,Consumer,1004.024
2018-12-08,West,Office Supplies,Appliances,Corporate,69.48
2018-12-08,West,Office Supplies,Binders,Corporate,112.904
2018-12-08,West,Office Supplies,Labels,Consumer,28.35
2018-12-08,West,Office Supplies,Paper,Consumer,152.93
2018-12-08,West,Office Supplies,Paper,Corporate,87.92
2018-12-08,West,Office Supplies,Storage,Consumer,29.79
2018-12-08,West,Office Supplies,Storage,Corporate,42.76
2018-12-08,West,Technology,Accessories,Consumer,179.95
2018-12-08,West,Technology,Copiers,Consumer,1199.976
2018-12-09,Central,Furniture,Chairs,Corporate,872.94
2018-12-09,Central,Furniture,Furnishings,Corporate,9.708
2018-12-09,Central,Office Supplies,Art,Consumer,34.7
2018-12-09,Central,Office Supplies,Binders,Consumer,99.02
2018-12-09,Central,Office Supplies,Binders,Corporate,42.788
2018-12-09,Central,Office Supplies,Paper,Consumer,208.23
2018-12-09,Central,Office Supplies,Paper,Corporate,12.96
2018-12-09,Central,Office Supplies,Storage,Corporate,27.24
2018-12-09,Central,Technology,Accessories,Consumer,104.88
2018-12-09,East,Office Supplies,Art,Corporate,2.624
2018-12-09,East,Office Supplies,Binders,Consumer,11.088
2018-12-09,East,Office Supplies,Envelopes,Corporate,57.576
2018-12-09,East,Office Supplies,Storage,Corporate,37.208
2018-12-09,South,Office Supplies,Appliances,Consumer,214.9
2018-12-09,South,Office Supplies,Binders,Consumer,45.28
2018-12-09,South,Office Supplies,Labels,Consumer,5.76
2018-12-09,South,Office Supplies,Storage,Consumer,15.14
2018-12-09,South,Technology,Accessories,Consumer,146.45
2018-12-09,South,Technology,Copiers,Consumer,1399.98
2018-12-09,West,Furniture,Bookcases,Home Office,148.257
2018-12-09,West,Furniture,Tables,Home Office,896.328
2018-12-09,West,Office Supplies,Appliances,Home Office,189.0
2018-12-09,West,Office Supplies,Art,Home Office,11.16
2018-12-09,West,Office Supplies,Binders,Corporate,13.005
2018-12-09,West,Office Supplies,Paper,Corporate,419.4
2018-12-09,West,Technology,Phones,Consumer,444.768
2018-12-10,Central,Office Supplies,Binders,Home Office,34.5
2018-12-10,East,Furniture,Furnishings,Consumer,398.8
2018-12-10,East,Office Supplies,Appliances,Consumer,426.79
2018-12-10,East,Office Supplies,Binders,Consumer,3.273
2018-12-10,East,Office Supplies,Envelopes,Consumer,10.86
2018-12-10,East,Office Supplies,Paper,Consumer,10.368
2018-12-10,East,Technology,Accessories,Consumer,14.2
2018-12-10,South,Furniture,Furnishings,Consumer,19.104
2018-12-10,South,Furniture,Furnishings,Corporate,14.76
2018-12-10,South,Office Supplies,Binders,Home Office,45.84
2018-12-10,South,Technology,Accessories,Home Office,599.97
2018-12-10,South,Technology,Phones,Home Office,38.97
2018-12-10,West,Furniture,Tables,Consumer,1669.6
2018-12-10,West,Office Supplies,Art,Corporate,18.24
2018-12-10,West,Office Supplies,Binders,Corporate,85.50399999999999
2018-12-10,West,Office Supplies,Paper,Consumer,12.96
2018-12-10,West,Office Supplies,Storage,Corporate,324.9
2018-12-10,West,Technology,Accessories,Corporate,49.08
2018-12-10,West,Technology,Phones,Consumer,95.84
2018-12-11,Central,Furniture,Chairs,Consumer,520.464
2018-12-11,Central,Furniture,Furnishings,Consumer,77.72
2018-12-11,Central,Office Supplies,Appliances,Consumer,1.392
2018-12-11,Central,Office Supplies,Binders,Home Office,5.4
2018-12-11,Central,Office Supplies,Envelopes,Home Office,7.28
2018-12-11,Central,Office Supplies,Paper,Consumer,10.368
2018-12-11,Central,Technology,Accessories,Corporate,116.312
2018-12-11,East,Furniture,Chairs,Consumer,63.686
2018-12-11,East,Office Supplies,Binders,Consumer,38.312
2018-12-11,East,Office Supplies,Fasteners,Corporate,6.54
2018-12-11,East,Office Supplies,Paper,Consumer,17.94
2018-12-11,East,Technology,Accessories,Consumer,39.98
2018-12-11,East,Technology,Phones,Consumer,116.98
2018-12-11,East,Technology,Phones,Corporate,128.85
2018-12-11,South,Furniture,Chairs,Corporate,64.784
2018-12-11,South,Furniture,Tables,Corporate,721.875
2018-12-11,South,Office Supplies,Art,Corporate,13.584
2018-12-11,South,Technology,Phones,Corporate,73.568
2018-12-13,East,Furniture,Bookcases,Corporate,287.976
2018-12-13,West,Furniture,Furnishings,Consumer,201.04
2018-12-13,West,Office Supplies,Labels,Consumer,8.64
2018-12-13,West,Office Supplies,Paper,Consumer,51.84
2018-12-13,West,Office Supplies,Storage,Consumer,31.44
2018-12-14,Central,Furniture,Furnishings,Consumer,322.67999999999995
2018-12-14,Central,Furniture,Furnishings,Home Office,2.032
2018-12-14,Central,Furniture,Tables,Consumer,974.988
2018-12-14,Central,Office Supplies,Art,Consumer,95.232
2018-12-14,Central,Technology,Accessories,Consumer,39.264
2018-12-14,Central,Technology,Accessories,Home Office,227.976
2018-12-14,Central,Technology,Phones,Home Office,52.68
2018-12-14,East,Furniture,Tables,Home Office,526.582
2018-12-14,East,Office Supplies,Fasteners,Home Office,17.28
2018-12-14,East,Office Supplies,Storage,Home Office,73.85
2018-12-14,East,Office Supplies,Supplies,Home Office,25.71
2018-12-14,East,Technology,Copiers,Home Office,1199.98
2018-12-14,South,Technology,Accessories,Corporate,204.55
2018-12-14,West,Furniture,Furnishings,Home Office,26.25
2018-12-14,West,Office Supplies,Binders,Home Office,64.96
2018-12-14,West,Office Supplies,Envelopes,Home Office,43.7
2018-12-15,Central,Office Supplies,Art,Corporate,10.192
2018-12-15,West,Furniture,Furnishings,Home Office,22.77
2018-12-15,West,Office Supplies,Appliances,Consumer,54.32
2018-12-15,West,Office Supplies,Paper,Consumer,22.83
2018-12-15,West,Technology,Phones,Consumer,196.776
2018-12-16,Central,Office Supplies,Binders,Consumer,10.8
2018-12-16,East,Office Supplies,Binders,Home Office,33.376
2018-12-16,West,Furniture,Chairs,Corporate,178.752
2018-12-16,West,Furniture,Furnishings,Corporate,18.96
2018-12-16,West,Office Supplies,Art,Corporate,29.95
2018-12-16,West,Office Supplies,Binders,Corporate,30.304000000000002
2018-12-16,West,Office Supplies,Labels,Corporate,44.4
2018-12-16,West,Office Supplies,Paper,Home Office,13.36
2018-12-16,West,Office Supplies,Storage,Home Office,158.9
2018-12-16,West,Technology,Accessories,Corporate,339.9
2018-12-17,Central,Office Supplies,Appliances,Consumer,66.284
2018-12-17,Central,Office Supplies,Paper,Home Office,28.16
2018-12-17,Central,Office Supplies,Storage,Corporate,32.56
2018-12-17,East,Furniture,Furnishings,Consumer,124.36
2018-12-17,East,Office Supplies,Binders,Consumer,24.816
2018-12-17,East,Office Supplies,Storage,Consumer,166.72
2018-12-17,South,Furniture,Chairs,Consumer,504.9
2018-12-17,South,Office Supplies,Storage,Consumer,544.38
2018-12-17,West,Office Supplies,Binders,Consumer,15.24
2018-12-17,West,Office Supplies,Binders,Home Office,11.808
2018-12-17,West,Office Supplies,Paper,Consumer,13.23
2018-12-17,West,Office Supplies,Storage,Corporate,481.32
2018-12-17,West,Office Supplies,Supplies,Corporate,13.98
2018-12-18,Central,Furniture,Furnishings,Corporate,99.95
2018-12-18,Central,Technology,Accessories,Corporate,29.34
2018-12-18,East,Furniture,Chairs,Consumer,1141.938
2018-12-18,East,Furniture,Furnishings,Consumer,18.96
2018-12-18,East,Office Supplies,Appliances,Consumer,1834.672
2018-12-18,East,Office Supplies,Art,Consumer,42.02
2018-12-18,East,Office Supplies,Art,Corporate,18.704
2018-12-18,East,Office Supplies,Binders,Consumer,7.236
2018-12-18,East,Office Supplies,Fasteners,Consumer,4.824
2018-12-18,East,Office Supplies,Paper,Consumer,91.36
2018-12-18,South,Office Supplies,Art,Consumer,12.672
2018-12-18,West,Furniture,Bookcases,Consumer,119.833
2018-12-18,West,Office Supplies,Art,Consumer,6.63
2018-12-18,West,Office Supplies,Art,Home Office,5.76
2018-12-18,West,Office Supplies,Binders,Consumer,46.672
2018-12-18,West,Office Supplies,Paper,Consumer,45.36
2018-12-18,West,Technology,Accessories,Consumer,119.98
2018-12-19,South,Office Supplies,Supplies,Consumer,1665.62
2018-12-19,West,Furniture,Bookcases,Consumer,102.018
2018-12-19,West,Furniture,Furnishings,Consumer,13.36
2018-12-19,West,Office Supplies,Binders,Consumer,36.672
2018-12-19,West,Office Supplies,Storage,Consumer,78.256
2018-12-20,East,Office Supplies,Binders,Corporate,57.336
2018-12-20,East,Office Supplies,Paper,Corporate,320.4
2018-12-21,Central,Furniture,Furnishings,Home Office,15.92
2018-12-21,Central,Office Supplies,Storage,Consumer,375.34
2018-12-21,East,Office Supplies,Paper,Consumer,166.44
2018-12-21,East,Office Supplies,Supplies,Consumer,69.5
2018-12-21,East,Technology,Phones,Consumer,281.97
2018-12-21,South,Office Supplies,Binders,Consumer,23.88
2018-12-21,South,Technology,Accessories,Consumer,71.0
2018-12-21,West,Office Supplies,Art,Consumer,12.51
2018-12-21,West,Office Supplies,Storage,Consumer,124.36
2018-12-21,West,Office Supplies,Storage,Corporate,1000.02
2018-12-22,Central,Furniture,Chairs,Consumer,1586.69
2018-12-22,Central,Furniture,Tables,Consumer,1019.3199999999999
2018-12-22,Central,Office Supplies,Appliances,Consumer,839.43
2018-12-22,Central,Office Supplies,Binders,Consumer,6.33
2018-12-22,Central,Office Supplies,Paper,Consumer,101.8
2018-12-22,Central,Office Supplies,Storage,Consumer,31.16
2018-12-22,Central,Technology,Accessories,Consumer,284.94
2018-12-22,East,Furniture,Bookcases,Corporate,220.98
2018-12-22,East,Office Supplies,Binders,Consumer,1.641
2018-12-22,East,Office Supplies,Supplies,Corporate,695.16
2018-12-22,East,Technology,Phones,Consumer,629.958
2018-12-22,South,Furniture,Chairs,Home Office,141.96
2018-12-22,South,Furniture,Tables,Consumer,934.956
2018-12-22,South,Office Supplies,Appliances,Consumer,59.24
2018-12-22,South,Office Supplies,Art,Consumer,23.128
2018-12-22,South,Office Supplies,Envelopes,Consumer,7.824
2018-12-22,South,Office Supplies,Storage,Consumer,26.16
2018-12-22,South,Technology,Accessories,Consumer,46.864
2018-12-22,West,Furniture,Tables,Consumer,182.55
2018-12-22,West,Office Supplies,Art,Corporate,4.17
2018-12-22,West,Office Supplies,Labels,Corporate,18.45
2018-12-22,West,Office Supplies,Storage,Corporate,37.32
2018-12-22,West,Technology,Accessories,Consumer,474.95
2018-12-22,West,Technology,Phones,Corporate,67.04
2018-12-23,Central,Office Supplies,Appliances,Consumer,29.312
2018-12-23,Central,Office Supplies,Binders,Corporate,13.84
2018-12-23,Central,Office Supplies,Paper,Consumer,28.672
2018-12-23,Central,Office Supplies,Paper,Corporate,175.872
2018-12-23,East,Furniture,Furnishings,Corporate,181.95
2018-12-23,East,Furniture,Furnishings,Home Office,27.46
2018-12-23,South,Furniture,Furnishings,Consumer,72.704
2018-12-23,South,Office Supplies,Art,Consumer,12.264
2018-12-23,South,Office Supplies,Envelopes,Corporate,182.94
2018-12-23,South,Office Supplies,Paper,Corporate,44.96
2018-12-23,South,Office Supplies,Storage,Consumer,218.352
2018-12-23,South,Office Supplies,Storage,Corporate,430.0
2018-12-23,South,Technology,Phones,Corporate,494.97
2018-12-23,West,Office Supplies,Art,Consumer,13.48
2018-12-24,Central,Office Supplies,Storage,Consumer,264.32
2018-12-24,East,Furniture,Chairs,Consumer,271.764
2018-12-24,East,Furniture,Furnishings,Corporate,37.93
2018-12-24,East,Office Supplies,Appliances,Consumer,35.91
2018-12-24,East,Office Supplies,Binders,Consumer,32.256
2018-12-24,East,Office Supplies,Binders,Corporate,12.3
2018-12-24,East,Office Supplies,Paper,Corporate,19.44
2018-12-24,South,Furniture,Chairs,Consumer,232.88
2018-12-24,South,Technology,Machines,Consumer,479.97
2018-12-24,West,Furniture,Chairs,Home Office,842.376
2018-12-24,West,Furniture,Furnishings,Home Office,8.544
2018-12-24,West,Office Supplies,Binders,Corporate,21.312
2018-12-24,West,Office Supplies,Binders,Home Office,90.48
2018-12-24,West,Office Supplies,Storage,Consumer,1003.62
2018-12-24,West,Technology,Copiers,Home Office,2879.952
2018-12-25,Central,Office Supplies,Art,Consumer,31.744
2018-12-25,Central,Office Supplies,Binders,Consumer,83.73
2018-12-25,Central,Office Supplies,Supplies,Consumer,44.688
2018-12-25,East,Furniture,Bookcases,Consumer,191.984
2018-12-25,East,Furniture,Furnishings,Corporate,41.96
2018-12-25,East,Furniture,Tables,Consumer,273.06
2018-12-25,East,Office Supplies,Binders,Consumer,13.023
2018-12-25,East,Office Supplies,Fasteners,Consumer,39.312
2018-12-25,East,Technology,Accessories,Consumer,190.728
2018-12-25,South,Furniture,Chairs,Consumer,304.45
2018-12-25,South,Furniture,Furnishings,Consumer,21.0
2018-12-25,South,Office Supplies,Fasteners,Home Office,3.62
2018-12-25,South,Office Supplies,Paper,Home Office,725.1800000000001
2018-12-25,South,Office Supplies,Storage,Consumer,95.94
2018-12-25,South,Technology,Machines,Consumer,120.0
2018-12-25,South,Technology,Phones,Home Office,90.48
2018-12-25,West,Office Supplies,Binders,Corporate,157.408
2018-12-25,West,Office Supplies,Storage,Corporate,270.62
2018-12-26,Central,Office Supplies,Paper,Consumer,44.75
2018-12-26,Central,Office Supplies,Paper,Corporate,16.032
2018-12-26,Central,Office Supplies,Storage,Corporate,750.68
2018-12-26,East,Office Supplies,Binders,Home Office,3.132
2018-12-27,East,Office Supplies,Art,Corporate,13.248
2018-12-27,East,Technology,Phones,Corporate,164.388
2018-12-28,Central,Furniture,Bookcases,Consumer,78.8528
2018-12-28,Central,Furniture,Chairs,Corporate,113.372
2018-12-28,Central,Furniture,Furnishings,Corporate,10.928
2018-12-28,Central,Office Supplies,Art,Consumer,27.168
2018-12-28,Central,Office Supplies,Art,Home Office,2.48
2018-12-28,Central,Office Supplies,Binders,Corporate,1.68
2018-12-28,Central,Office Supplies,Binders,Home Office,25.9
2018-12-28,East,Office Supplies,Binders,Consumer,33.264
2018-12-28,East,Office Supplies,Fasteners,Consumer,13.96
2018-12-28,East,Office Supplies,Labels,Consumer,72.45
2018-12-28,East,Technology,Phones,Consumer,14.85
2018-12-28,South,Office Supplies,Storage,Home Office,64.784
2018-12-28,West,Furniture,Chairs,Corporate,340.704
2018-12-28,West,Furniture,Furnishings,Corporate,7.4
2018-12-28,West,Office Supplies,Binders,Corporate,1.188
2018-12-28,West,Office Supplies,Paper,Consumer,4.28
2018-12-28,West,Office Supplies,Storage,Consumer,118.25
2018-12-28,West,Office Supplies,Storage,Corporate,725.84
2018-12-29,Central,Office Supplies,Paper,Corporate,209.7
2018-12-29,East,Office Supplies,Fasteners,Consumer,6.03
2018-12-29,South,Furniture,Chairs,Consumer,1767.57
2018-12-29,South,Office Supplies,Art,Consumer,34.58
2018-12-29,South,Office Supplies,Binders,Consumer,12.53
2018-12-29,West,Furniture,Chairs,Consumer,393.568
2018-12-29,West,Furniture,Furnishings,Consumer,68.46
2018-12-29,West,Furniture,Furnishings,Corporate,101.12
2018-12-29,West,Office Supplies,Fasteners,Consumer,19.6
2018-12-29,West,Technology,Phones,Consumer,302.376
2018-12-30,Central,Office Supplies,Appliances,Home Office,209.3
2018-12-30,East,Furniture,Bookcases,Consumer,323.136
2018-12-30,East,Office Supplies,Binders,Consumer,52.776
2018-12-30,East,Technology,Phones,Consumer,90.93
2018-12-30,West,Office Supplies,Binders,Corporate,34.623999999999995
2018-12-30,West,Office Supplies,Fasteners,Consumer,3.024
